seed,n_instruments,n_bars,fill_delay,rebalance_every,allow_short,excluded,cap_binds,rejected,n_fills_event,residual_event,residual_vector,n_splits,n_dividends,n_delistings,n_late_listings,n_zero_volume_bars,n_lots,fills_match,max_diff_quantity,max_diff_ref_price,max_diff_price,max_diff_spread,max_diff_impact,max_diff_commission,max_diff_equity,validator_event_ok,validator_event_max_rel,validator_vector_ok,validator_vector_max_rel,wall_event_s,wall_vector_s,wall_instrument_bars,mode
3000,10,74,1,3,true,false,0,0,186,4.750934074688974e-16,3.6546107854629435e-16,12,12,2,3,36,8,true,0.0,0.0,0.0,0.0,0.0,0.0,9.83724792317793e-16,true,2.3551930433441937e-16,true,9.826093421948612e-16,0.0045823000255040824,0.0005974999512545764,740,full
3001,6,65,3,2,true,false,0,0,124,1.9863059908131285e-16,3.295617310224155e-16,7,10,3,1,15,5,true,0.0,0.0,0.0,0.0,0.0,0.0,6.451971730429162e-16,true,3.852426384217785e-16,true,9.032760422600828e-16,0.0036174000124447048,0.0005429000011645257,390,full
3002,10,211,1,1,false,false,0,0,1355,5.269401840719653e-16,3.5890430958279147e-16,8,17,2,3,83,9,true,0.0,0.0,0.0,0.0,0.0,0.0,6.769504095334311e-16,true,4.29607283829373e-16,true,6.813630439861205e-16,0.019208000041544437,0.0010266999597661197,2110,full
3003,2,225,2,1,true,false,0,0,325,2.8191862583971636e-16,2.622714031329597e-16,3,2,1,0,25,1,true,0.0,0.0,0.0,0.0,0.0,0.0,9.51146300400536e-16,true,1.8282481412566616e-21,true,9.556261058006576e-16,0.009038400021381676,0.0006277000065892935,450,full
3004,11,283,2,4,true,false,0,0,514,6.01300614592142e-16,6.013006145921413e-16,10,13,2,4,129,9,true,0.0,0.0,0.0,0.0,0.0,0.0,2.288174850460302e-15,true,1.6524228297974616e-15,true,1.0681443699718675e-15,0.013581400038674474,0.0009272999595850706,3113,full
3005,12,224,2,4,false,false,0,0,380,3.934855601429189e-16,3.9348556014291864e-16,16,15,4,4,97,7,true,0.0,0.0,0.0,0.0,0.0,0.0,7.47405834306924e-16,true,3.4638384042487547e-16,true,7.465134828980069e-16,0.010308499971870333,0.0008808000129647553,2688,full
3006,8,88,1,2,true,false,0,0,214,3.458204604286414e-16,2.912392114538044e-16,7,15,2,1,25,8,true,0.0,0.0,0.0,0.0,0.0,0.0,7.826667376504157e-16,true,2.334264673806517e-16,true,7.824592531125624e-16,0.0051784999668598175,0.0007727000047452748,704,full
3007,6,230,3,2,false,false,0,0,310,2.5834911515036444e-16,2.369420292760308e-16,8,10,3,3,44,5,true,0.0,0.0,0.0,0.0,0.0,0.0,1.0213616095851757e-15,true,2.356601402641813e-16,true,1.0217902064626581e-15,0.00885839998954907,0.0006967000081203878,1380,full
3008,7,278,3,1,true,false,0,0,1374,1.0378461072375872e-15,1.0378461072375892e-15,6,5,3,1,83,6,true,0.0,0.0,0.0,0.0,0.0,0.0,2.5588168018801157e-15,true,4.1543506971605943e-16,true,2.7255603307086736e-15,0.021728500025346875,0.0009382999851368368,1946,full
3009,3,190,3,2,true,false,0,0,160,2.59663378975816e-16,2.9746770692943944e-16,4,6,1,2,20,2,true,0.0,0.0,0.0,0.0,0.0,0.0,7.111908703454121e-16,true,1.13321031211215e-16,true,7.11334195597548e-16,0.005586499988567084,0.0005875000497326255,570,full
3010,10,139,1,3,false,false,0,0,286,3.611499095461051e-16,3.1788770600842515e-16,6,11,3,5,53,6,true,0.0,0.0,0.0,0.0,0.0,0.0,5.880003810560462e-16,true,2.4051174861086157e-16,true,5.865219175902298e-16,0.006492899963632226,0.0005769000272266567,1390,full
3011,5,243,2,1,true,false,0,0,759,7.509881393449233e-16,3.8957652236230226e-16,6,5,1,1,51,3,true,0.0,0.0,0.0,0.0,0.0,0.0,1.9392015759536032e-15,true,4.0353460608956835e-16,true,1.939201575953607e-15,0.014537599985487759,0.0007531000301241875,1215,full
3012,10,230,3,5,true,false,0,0,250,4.657335888191707e-16,4.628595456500482e-16,8,8,5,4,89,6,true,0.0,0.0,0.0,0.0,0.0,0.0,1.3061844258046325e-15,true,2.5612966545286985e-16,true,1.3098136158057427e-15,0.009579900011885911,0.000672800000756979,2300,full
3013,4,178,2,3,true,false,0,0,126,1.727874834822172e-16,2.959598331532074e-16,5,7,2,2,18,3,true,0.0,0.0,0.0,0.0,0.0,0.0,4.576911694309419e-16,true,3.511497014373794e-16,true,6.875856303002647e-16,0.004565599956549704,0.0005178000428713858,712,full
3014,3,181,2,3,false,false,0,0,111,1.6434154495029922e-16,1.5582807003833456e-16,2,5,2,0,21,2,true,0.0,0.0,0.0,0.0,0.0,0.0,2.411416386784485e-16,true,1.1698484799809261e-16,true,2.411713111651829e-16,0.004515100037679076,0.00061779998941347,543,full
3015,7,249,2,5,true,false,0,0,226,7.256984713290153e-16,5.155396045930459e-16,5,14,0,4,57,5,true,0.0,0.0,0.0,0.0,0.0,0.0,1.062926826889729e-15,true,2.6606345672785954e-16,true,1.0642538269114372e-15,0.007721400004811585,0.0006290000164881349,1743,full
3016,7,65,3,2,false,false,0,0,114,2.1743950631072597e-16,2.1743950631072595e-16,5,9,5,1,8,6,true,0.0,0.0,0.0,0.0,0.0,0.0,5.599789535265627e-16,true,2.4958487158519993e-16,true,5.606347078139203e-16,0.002940000034868717,0.00043559999903663993,455,full
3017,9,223,3,4,true,false,0,0,287,6.061270356628504e-16,3.640515322557057e-16,11,14,4,3,51,8,true,0.0,0.0,0.0,0.0,0.0,0.0,9.800492714335523e-16,true,1.2654902899344697e-16,true,9.800492714335523e-16,0.008814799948595464,0.000633500050753355,2007,full
3018,8,111,2,4,true,true,1,0,157,3.4168800150362435e-16,2.25750297200889e-16,9,14,4,2,43,4,,,,,,,,,true,6.271486194610365e-16,,,0.004523999989032745,0.0004893000004813075,888,full
3019,6,88,3,1,false,false,0,0,385,2.4435133850476506e-16,2.4931354312146473e-16,9,9,1,1,23,5,true,0.0,0.0,0.0,0.0,0.0,0.0,9.70007945623797e-16,true,2.3841623430881755e-16,true,9.670343490771965e-16,0.0065530999563634396,0.0005073000211268663,528,full
3020,11,126,1,2,false,false,0,0,491,4.623957911690219e-16,2.840415642379625e-16,11,14,2,4,56,7,true,0.0,0.0,0.0,0.0,0.0,0.0,5.335552674072188e-16,true,2.4653399308586674e-16,true,5.335552674072188e-16,0.009333299996796995,0.0006624000379815698,1386,full
3021,12,196,3,5,false,false,0,0,356,3.376025616273099e-16,3.13687919632359e-16,14,23,0,2,114,11,true,0.0,0.0,0.0,0.0,0.0,0.0,1.2779203376563556e-15,true,2.3194518390593915e-16,true,1.3794614060233171e-15,0.010568200028501451,0.0006751000182703137,2352,full
3022,6,104,1,4,true,false,0,0,128,3.0357763295523864e-16,3.38880575967028e-16,5,8,1,1,25,4,true,0.0,0.0,0.0,0.0,0.0,0.0,8.573532051642659e-16,true,2.503944949471073e-16,true,8.583641213720362e-16,0.003712999983690679,0.000458399998024106,624,full
3023,6,151,2,5,false,false,0,0,142,1.687920944674118e-16,1.6879209446741185e-16,2,13,1,2,37,5,true,0.0,0.0,0.0,0.0,0.0,0.0,4.54117695085788e-16,true,1.1754573842183358e-16,true,4.550506196754726e-16,0.004718300013337284,0.00048669998068362474,906,full
3024,8,236,1,5,true,false,0,0,280,4.919547988985553e-16,4.071466403579036e-16,6,13,1,0,98,5,true,0.0,0.0,0.0,0.0,0.0,0.0,1.2470495181589863e-15,true,3.807566712891269e-16,true,1.134171404408399e-15,0.009361300035379827,0.0006576000014320016,1888,full
3025,3,275,2,5,true,false,0,0,89,1.6516137726506157e-16,1.6516137726506165e-16,5,6,1,1,29,1,true,0.0,0.0,0.0,0.0,0.0,0.0,7.481791562078619e-16,true,9.583705603172503e-22,true,7.476622074818289e-16,0.005001200013794005,0.0005608999636024237,825,full
3026,10,248,2,4,false,false,0,0,330,2.4957700015746556e-16,1.546140993013978e-16,10,21,3,5,96,10,true,0.0,0.0,0.0,0.0,0.0,0.0,1.0493164386182495e-15,true,2.4046969808663237e-16,true,1.0485779093963563e-15,0.010891999991144985,0.0006931000389158726,2480,full
3027,11,134,1,3,true,true,1,0,359,5.82879614961237e-16,5.828796149612373e-16,12,16,2,2,59,6,,,,,,,,,true,3.3281877884629544e-16,,,0.007944900018628687,0.0005848999717272818,1474,full
3028,12,167,1,3,false,false,0,0,398,3.9469253007524e-16,3.9469253007523997e-16,12,13,3,5,84,8,true,0.0,0.0,0.0,0.0,0.0,0.0,6.12133705987907e-16,true,2.4593742255076757e-16,true,6.09598228826826e-16,0.008775099995546043,0.0006504000048153102,2004,full
3029,12,129,1,4,true,false,0,0,272,3.1866811832123468e-16,3.0591911881287193e-16,16,18,3,3,57,8,true,0.0,0.0,0.0,0.0,0.0,0.0,1.895239945583003e-15,true,3.3759137127476346e-16,true,1.9248768032379656e-15,0.00714419997530058,0.000562800036277622,1548,full
3030,12,290,1,5,false,true,1,0,479,5.330180407789649e-16,6.825110136265148e-16,9,9,2,1,163,8,,,,,,,,,true,7.641380766322654e-16,,,0.012832599983084947,0.0007868999964557588,3480,full
3031,12,193,1,2,true,false,0,0,654,4.863515510302669e-16,4.133323019096252e-16,9,23,2,6,72,9,true,0.0,0.0,0.0,0.0,0.0,0.0,1.7214258977650736e-15,true,6.669653685519658e-16,true,2.179909944144729e-15,0.0123493000282906,0.0007228999747894704,2316,full
3032,12,54,1,5,false,false,0,0,101,3.256327553154026e-16,4.4141329053865686e-16,11,18,2,2,39,8,true,0.0,0.0,0.0,0.0,0.0,0.0,3.76335285722673e-16,true,2.44095933730356e-16,true,4.881918674607121e-16,0.00281510001514107,0.0004493999877013266,648,full
3033,8,90,3,5,false,false,0,0,90,2.3829000646193184e-16,2.1235479789161956e-16,5,9,2,2,25,6,true,0.0,0.0,0.0,0.0,0.0,0.0,2.66523794631147e-16,true,2.330056937591665e-16,true,2.6652379463114703e-16,0.0031723000574856997,0.0004476999747566879,720,full
3034,4,112,1,4,true,false,0,0,76,5.176362829850483e-16,2.8916233739164776e-16,3,7,2,0,21,4,true,0.0,0.0,0.0,0.0,0.0,0.0,8.579261089909231e-16,true,2.1587278480732608e-16,true,8.610277988517752e-16,0.003096700005698949,0.0004324999754317105,448,full
3035,8,298,2,5,false,false,0,0,268,2.0484708344852145e-16,2.0394118147638873e-16,5,8,4,1,81,7,true,0.0,0.0,0.0,0.0,0.0,0.0,4.725113216914942e-16,true,2.296204823696219e-16,true,4.725113216914944e-16,0.009851999988313764,0.0007800000021234155,2384,full
3036,11,227,2,3,false,false,0,0,484,3.3487637392898173e-16,3.5867447273083076e-16,10,17,3,4,60,7,true,0.0,0.0,0.0,0.0,0.0,0.0,7.347800457227026e-16,true,2.621991021641819e-16,true,6.09765500601147e-16,0.012200400000438094,0.0007145999697968364,2497,full
3037,5,233,1,1,true,false,0,0,617,3.4126600543162776e-16,2.556412146179756e-16,3,10,2,2,35,5,true,0.0,0.0,0.0,0.0,0.0,0.0,1.5338194938723537e-15,true,2.413446978648387e-16,true,1.5346732632791328e-15,0.013105500023812056,0.0007536999764852226,1165,full
3038,7,170,3,4,true,false,0,0,150,4.957343990480493e-16,4.47694694590889e-16,4,10,4,4,34,4,true,0.0,0.0,0.0,0.0,0.0,0.0,1.1137598966801718e-15,true,2.0110049331334899e-16,true,1.1150039980695742e-15,0.00575750001007691,0.0007680999697186053,1190,full
3039,10,156,3,3,false,false,0,0,305,2.955400793993253e-16,2.4550849908697544e-16,14,14,4,3,58,8,true,0.0,0.0,0.0,0.0,0.0,0.0,7.887069321535871e-16,true,2.3522214776065597e-16,true,7.874311053608406e-16,0.008238599984906614,0.0006090000388212502,1560,full
3040,8,164,1,5,false,false,0,0,116,2.1476191832294015e-16,1.4443491819279566e-16,8,10,3,3,37,5,true,0.0,0.0,0.0,0.0,0.0,0.0,3.900690933810643e-16,true,1.30920251432375e-16,true,2.612815441838031e-16,0.004258000000845641,0.0005787999834865332,1312,full
3041,5,51,1,4,false,false,0,0,51,1.763770815397836e-16,1.6348096530527122e-16,7,8,2,0,9,5,true,0.0,0.0,0.0,0.0,0.0,0.0,4.788066319127318e-16,true,5.76225692653811e-17,true,4.793060405449984e-16,0.001630399958230555,0.0003971999976783991,255,full
3042,8,278,2,4,true,false,0,0,439,5.348102455488051e-16,6.366708700184991e-16,8,18,0,1,113,4,true,0.0,0.0,0.0,0.0,0.0,0.0,1.4698314414380526e-15,true,4.374079746695972e-16,true,1.490676224486274e-15,0.012247900012880564,0.0006929999799467623,2224,full
3043,4,284,2,1,true,false,0,0,806,5.017463745465687e-16,2.532994269954632e-16,3,5,1,0,52,4,true,0.0,0.0,0.0,0.0,0.0,0.0,2.3796123097955513e-15,true,3.6754196232522254e-16,true,2.377773217124896e-15,0.016687999945133924,0.0007422000053338706,1136,full
3044,12,85,3,4,true,false,0,0,157,4.3947489190410505e-16,4.649416957259447e-16,15,17,2,6,40,9,true,0.0,0.0,0.0,0.0,0.0,0.0,9.089967381383646e-16,true,2.5971335375381845e-16,true,8.911083122611898e-16,0.004664700012654066,0.0004749000072479248,1020,full
3045,2,139,2,4,false,false,0,0,49,2.0125990976560426e-16,2.1268644361769004e-16,3,4,1,1,14,2,true,0.0,0.0,0.0,0.0,0.0,0.0,4.71504016956307e-16,true,0.0,true,4.711874030581407e-16,0.0026006000116467476,0.0004335999838076532,278,full
3046,8,159,2,1,false,false,0,0,823,4.519678428426482e-16,4.3962420277737263e-16,6,18,2,3,52,2,true,0.0,0.0,0.0,0.0,0.0,0.0,8.697753308836526e-16,true,4.680905787083604e-16,true,8.776664568287323e-16,0.012479300028644502,0.0006982000195421278,1272,full
3047,9,251,2,3,false,false,0,0,456,2.2212889963941284e-16,2.1880895800211134e-16,12,9,4,3,89,7,true,0.0,0.0,0.0,0.0,0.0,0.0,9.709136969919408e-16,true,1.2002022552799793e-16,true,9.709136969919418e-16,0.011283100000582635,0.0007083999807946384,2259,full
3048,10,238,1,3,true,false,0,0,473,5.554216297146871e-16,3.6101400012677265e-16,10,10,5,3,96,5,true,0.0,0.0,0.0,0.0,0.0,0.0,1.0008971171555207e-15,true,3.4297718979549936e-16,true,1.084263534062433e-15,0.010867799981497228,0.000709500047378242,2380,full
3049,9,167,3,4,false,false,0,0,187,2.4954199727131513e-16,2.728053218441822e-16,10,7,4,5,48,7,true,0.0,0.0,0.0,0.0,0.0,0.0,7.197536162236054e-16,true,2.941438466281157e-16,true,8.824315398843469e-16,0.006034999969415367,0.0005834000185132027,1503,full
3050,4,290,1,1,false,false,0,0,774,3.249028940116284e-16,3.807285575346261e-16,2,4,1,1,40,3,true,0.0,0.0,0.0,0.0,0.0,0.0,9.669711174841336e-16,true,2.410909903625357e-16,true,9.707292007454819e-16,0.016430199961178005,0.0007716999971307814,1160,full
3051,10,160,1,3,true,false,0,0,246,5.68546287591619e-16,5.630359624506604e-16,12,18,4,8,49,8,true,0.0,0.0,0.0,0.0,0.0,0.0,8.354760951265336e-16,true,2.179290144734078e-16,true,8.374731682312235e-16,0.006458899995777756,0.0005464000278152525,1600,full
3052,5,162,1,4,true,false,0,0,132,3.061757313619681e-16,2.349152218291914e-16,6,5,2,2,32,4,true,0.0,0.0,0.0,0.0,0.0,0.0,9.826833690235425e-16,true,1.1583087981233437e-16,true,9.81642001370549e-16,0.004614300036337227,0.00049029994988814,810,full
3053,12,284,2,2,true,false,0,0,1099,6.607957342663442e-16,3.9010426881052554e-16,11,21,6,3,128,5,true,0.0,0.0,0.0,0.0,0.0,0.0,2.4909464458646316e-15,true,3.413899885942675e-16,true,2.488317903936052e-15,0.02107570000225678,0.0008777999901212752,3408,full
3054,2,61,1,1,false,false,0,0,87,1.4057829507238917e-16,1.405782950723892e-16,2,3,0,1,7,2,true,0.0,0.0,0.0,0.0,0.0,0.0,3.727595987905288e-16,true,0.0,true,3.726368951239367e-16,0.0025922999484464526,0.00038860004860907793,122,full
3055,8,152,3,4,true,false,0,0,204,4.2502304664042146e-16,5.377740722251523e-16,10,13,2,5,53,6,true,0.0,0.0,0.0,0.0,0.0,0.0,7.401621639227903e-16,true,1.181550655637265e-15,true,1.4876061429674966e-15,0.005992699996568263,0.0007183999987319112,1216,full
3056,10,250,2,3,false,true,1,0,480,3.256486437042645e-16,2.7976853139393243e-16,8,11,6,2,83,9,,,,,,,,,true,2.220577986934755e-16,,,0.011738400033209473,0.0007511000148952007,2500,full
3057,2,234,1,3,false,false,0,0,116,1.6935307593000762e-16,1.2631841685189756e-16,2,3,1,0,22,1,true,0.0,0.0,0.0,0.0,0.0,0.0,2.2802449603291882e-16,true,0.0,true,2.274825023334162e-16,0.005142299982253462,0.0005079000256955624,468,full
3058,7,239,2,1,false,false,0,0,1072,3.0351790829918427e-16,2.503701391953801e-16,8,17,3,3,62,6,true,0.0,0.0,0.0,0.0,0.0,0.0,7.426820218974724e-16,true,2.3824485916975187e-16,true,7.315158323232811e-16,0.017484599957242608,0.0008143000304698944,1673,full
3059,9,297,2,3,true,false,0,0,494,6.676154971086983e-16,5.814182727883735e-16,10,11,5,1,75,5,true,0.0,0.0,0.0,0.0,0.0,0.0,2.0875892580625085e-15,true,2.2847777989023397e-16,true,2.087589258062513e-15,0.013052299967966974,0.0007863999926485121,2673,full
3060,12,284,2,5,true,false,0,0,425,5.690989304204459e-16,5.252888789398955e-16,16,10,3,5,129,9,true,0.0,0.0,0.0,0.0,0.0,0.0,1.1622547454222658e-15,true,4.555969681590601e-16,true,1.044835831379261e-15,0.012627999996766448,0.0008208000217564404,3408,full
3061,10,132,3,2,true,false,0,0,430,3.823692996662778e-16,4.116183442447509e-16,11,11,4,3,48,8,true,0.0,0.0,0.0,0.0,0.0,0.0,2.2141257862427844e-15,true,2.1550018609293764e-16,true,2.2189264204539806e-15,0.008554200001526624,0.0006662000087089837,1320,full
3062,9,198,1,3,true,false,0,0,323,3.7910852042758443e-16,2.1936363141510673e-16,11,13,4,2,55,6,true,0.0,0.0,0.0,0.0,0.0,0.0,7.728526779431631e-16,true,7.457437667098616e-16,true,1.413061504189092e-15,0.00820959999691695,0.0006535000284202397,1782,full
3063,9,276,3,4,true,false,0,0,351,3.520160999462618e-16,3.038409086482893e-16,11,9,3,3,88,9,true,0.0,0.0,0.0,0.0,0.0,0.0,1.0430214156949639e-15,true,2.1847997406547877e-16,true,1.0430214156949639e-15,0.011768700031097978,0.0007409999961964786,2484,full
3064,9,191,2,5,true,false,0,0,202,4.732614062675984e-16,2.6956958206303327e-16,8,15,4,4,67,8,true,0.0,0.0,0.0,0.0,0.0,0.0,1.6379381593615872e-15,true,2.208031442375332e-16,true,1.6379381593615897e-15,0.006783700024243444,0.0006259999936446548,1719,full
3065,6,253,1,5,true,false,0,0,195,4.483847901958649e-16,2.1964686210140905e-16,6,11,2,2,62,4,true,0.0,0.0,0.0,0.0,0.0,0.0,9.55663682430343e-16,true,1.2057732459524845e-16,true,9.574326367567078e-16,0.007631300017237663,0.0007119000074453652,1518,full
3066,12,159,1,5,true,false,0,0,282,7.059997179401232e-16,4.129363175555569e-16,11,13,0,4,87,12,true,0.0,0.0,0.0,0.0,0.0,0.0,3.395596864902329e-15,true,2.566903444285432e-16,true,3.3228654412161955e-15,0.008180699951481074,0.0005713000427931547,1908,full
3067,10,300,1,1,false,false,0,0,1826,3.4223040587198724e-16,3.3248496839174964e-16,8,18,3,3,105,7,true,0.0,0.0,0.0,0.0,0.0,0.0,1.5782431314011866e-15,true,2.582307877101987e-16,true,1.568840506127223e-15,0.026774599973578006,0.0012835999950766563,3000,full
3068,10,54,2,1,false,false,0,0,317,3.0542364766148094e-16,2.8131951408301674e-16,10,15,4,4,18,6,true,0.0,0.0,0.0,0.0,0.0,0.0,7.641705982745992e-16,true,3.8251018756015724e-16,true,5.129762951385923e-16,0.0044216999667696655,0.0004667000030167401,540,full
3069,7,106,1,3,true,false,0,0,166,3.8226013727374133e-16,2.685779211956877e-16,6,16,2,2,25,4,true,0.0,0.0,0.0,0.0,0.0,0.0,4.709610918342745e-16,true,2.3279574138100464e-16,true,5.883065755740502e-16,0.00405069999396801,0.0004746000049635768,742,full
3070,4,242,2,1,false,false,0,0,518,3.445192942868058e-16,3.423705351062392e-16,4,6,2,2,28,3,true,0.0,0.0,0.0,0.0,0.0,0.0,7.020146049331364e-16,true,2.231823962487306e-16,true,7.009129209402842e-16,0.012086300004739314,0.0006757000228390098,968,full
3071,8,178,3,4,true,false,0,0,214,5.085317427752245e-16,3.79770015947797e-16,5,14,3,4,47,5,true,0.0,0.0,0.0,0.0,0.0,0.0,1.9101064325220306e-15,true,4.3564447103384274e-16,true,1.7807077302347497e-15,0.006613300007302314,0.0005669999518431723,1424,full
3072,12,53,1,1,true,false,0,0,397,4.463804471607058e-16,3.130848757854055e-16,13,14,5,7,27,10,true,0.0,0.0,0.0,0.0,0.0,0.0,9.588046071066654e-16,true,1.0606080838096038e-15,true,7.112583658403647e-16,0.005216000019572675,0.0004961999948136508,636,full
3073,11,73,1,5,false,false,0,0,115,4.929037877837957e-16,4.944836076164359e-16,11,19,2,2,31,8,true,0.0,0.0,0.0,0.0,0.0,0.0,8.753026690833037e-16,true,4.0949256029593994e-16,true,8.849689167254258e-16,0.003582299978006631,0.0004455000162124634,803,full
3074,12,245,3,3,true,false,0,0,554,5.152024360960819e-16,3.8220144068913835e-16,17,20,4,4,110,9,true,0.0,0.0,0.0,0.0,0.0,0.0,2.2478598524427597e-15,true,2.4930789154950794e-16,true,2.247859852442765e-15,0.014777700009290129,0.0008657000144012272,2940,full
3075,6,88,2,1,true,false,0,0,340,3.551792058791699e-16,1.749562404296397e-16,6,8,0,3,30,6,true,0.0,0.0,0.0,0.0,0.0,0.0,9.401848426469342e-16,true,1.1753969805302755e-16,true,9.400551990844824e-16,0.00585529999807477,0.0004782000323757529,528,full
3076,9,188,3,2,true,false,0,0,513,5.766887971622777e-16,3.124397722097134e-16,13,15,2,5,81,7,true,0.0,0.0,0.0,0.0,0.0,0.0,1.125979650399662e-15,true,6.387795388026948e-16,true,8.948961104700285e-16,0.011255100020207465,0.000803799950517714,1692,full
3077,12,183,2,4,false,false,0,0,368,3.4713158958613423e-16,2.8343514327384165e-16,13,14,3,4,78,8,true,0.0,0.0,0.0,0.0,0.0,0.0,6.423850637673129e-16,true,5.139080510138503e-16,true,3.7643151334088195e-16,0.009840400016400963,0.0009162999922409654,2196,full
3078,11,69,2,3,true,false,0,0,173,4.674998194927011e-16,4.0567605056838334e-16,10,19,2,2,35,8,true,0.0,0.0,0.0,0.0,0.0,0.0,8.137312867527231e-16,true,2.2180534698111873e-16,true,8.137312867527231e-16,0.004151100001763552,0.00045170000521466136,759,full
3079,11,129,1,1,true,false,0,0,1073,7.591956519004099e-16,6.592769986882243e-16,6,21,1,2,66,10,true,0.0,0.0,0.0,0.0,0.0,0.0,1.9557831276474466e-15,true,3.473839226748741e-16,true,1.9682795871232753e-15,0.014385899994522333,0.0008023999980650842,1419,full
3080,8,256,1,1,true,false,0,0,1286,4.405297127336525e-16,2.8403809771376215e-16,9,14,2,3,74,7,true,0.0,0.0,0.0,0.0,0.0,0.0,1.3571431975831252e-15,true,2.2053565246781292e-16,true,1.3571431975831272e-15,0.019321099971421063,0.0008944000001065433,2048,full
3081,8,127,1,2,true,false,0,0,308,4.689371396859414e-16,3.5176052042354186e-16,7,16,3,2,41,6,true,0.0,0.0,0.0,0.0,0.0,0.0,1.4073607038324917e-15,true,2.4947510446682337e-16,true,1.4073607038324917e-15,0.006361700012348592,0.0005554999806918204,1016,full
3082,11,144,1,3,false,false,0,0,297,3.80817889224582e-16,3.47879229026007e-16,8,21,5,3,56,8,true,0.0,0.0,0.0,0.0,0.0,0.0,6.002270424117636e-16,true,5.308759674415086e-16,true,4.811398549298727e-16,0.0071017000009305775,0.0006510000093840063,1584,full
3083,7,172,2,2,false,false,0,0,378,3.6776755845565145e-16,5.608520747463934e-16,11,7,1,2,45,4,true,0.0,0.0,0.0,0.0,0.0,0.0,6.553594006262018e-16,true,4.324642504068577e-16,true,6.56811384110948e-16,0.008488900028169155,0.0006237999768927693,1204,full
3084,11,223,3,4,true,false,0,0,404,4.917170029446752e-16,4.2102125652886076e-16,12,21,3,3,102,8,true,0.0,0.0,0.0,0.0,0.0,0.0,1.04895216257221e-15,true,2.3048465583747125e-16,true,1.0402167644110944e-15,0.01228829997126013,0.0008123000152409077,2453,full
3085,11,215,3,4,true,false,0,0,301,3.8246898318769474e-16,3.1903367616048106e-16,13,20,6,5,68,10,true,0.0,0.0,0.0,0.0,0.0,0.0,9.742841084468814e-16,true,2.498063373570692e-16,true,9.361037439001114e-16,0.009078399976715446,0.0007235999801196158,2365,full
3086,3,267,3,2,true,false,0,0,203,2.646100922611926e-16,1.8493933748097344e-16,2,5,1,0,22,3,true,0.0,0.0,0.0,0.0,0.0,0.0,1.978999174766798e-15,true,1.4530851049104324e-17,true,1.978999174766798e-15,0.00795309996465221,0.0005803999956697226,801,full
3087,5,81,1,4,false,false,0,0,76,1.9980043221315983e-16,1.339306735751428e-16,5,8,1,1,13,2,true,0.0,0.0,0.0,0.0,0.0,0.0,4.859181110394715e-16,true,1.1722939394246551e-16,true,4.862920225776793e-16,0.0024153999984264374,0.0004138000076636672,405,full
3088,8,208,1,3,false,false,0,0,366,2.5939591890528173e-16,2.2952353272749934e-16,11,6,3,0,66,6,true,0.0,0.0,0.0,0.0,0.0,0.0,1.2672870538201998e-15,true,2.295235327274994e-16,true,1.378361830606894e-15,0.00847770000109449,0.0006513000116683543,1664,full
3089,12,59,2,5,true,false,0,0,104,4.770035454372185e-16,4.090873810194547e-16,11,22,5,5,28,8,true,0.0,0.0,0.0,0.0,0.0,0.0,4.661350968855001e-16,true,2.716930347831514e-16,true,4.831011664243239e-16,0.002781399991363287,0.00040040002204477787,708,full
3090,11,291,3,3,true,false,0,0,781,8.721967259553456e-16,1.0757946671204293e-15,12,13,2,3,162,8,true,0.0,0.0,0.0,0.0,0.0,0.0,4.909856761742398e-15,true,1.788107935302537e-15,true,3.755361308485019e-15,0.01855829998385161,0.0009455999825149775,3201,full
3091,7,100,1,2,true,false,0,0,279,4.030647067260848e-16,3.5805098212627275e-16,8,12,0,0,37,5,true,0.0,0.0,0.0,0.0,0.0,0.0,1.0965481734357699e-15,true,6.334429071630306e-16,true,1.4432592073659992e-15,0.006175399990752339,0.0005861000390723348,700,full
3092,7,62,2,3,false,false,0,0,91,2.391971065662801e-16,2.1647248340731938e-16,8,11,1,2,10,6,true,0.0,0.0,0.0,0.0,0.0,0.0,6.300325207583208e-16,true,1.2616088593906207e-16,true,6.308044296953101e-16,0.0024171999539248645,0.00041560002136975527,434,full
3093,6,290,2,2,true,false,0,0,541,4.2427583259208514e-16,5.281888540216963e-16,6,10,2,2,63,6,true,0.0,0.0,0.0,0.0,0.0,0.0,3.4482789651223526e-15,true,3.3954920403299686e-16,true,3.564539361661375e-15,0.013699700008146465,0.0007245999877341092,1740,full
3094,7,72,2,2,false,false,0,0,167,2.5921917634004566e-16,2.592191763400456e-16,6,12,1,3,23,5,true,0.0,0.0,0.0,0.0,0.0,0.0,3.5647203569345334e-16,true,1.7906867929331871e-16,true,3.5507841729544327e-16,0.003663299954496324,0.0004257000400684774,504,full
3095,2,63,3,1,false,false,0,0,67,1.5327038629899428e-16,1.5327038629899428e-16,1,3,1,1,4,1,true,0.0,0.0,0.0,0.0,0.0,0.0,3.485827553356809e-16,true,0.0,true,3.4863492532409064e-16,0.0031900000176392496,0.00039629999082535505,126,full
3096,12,145,2,5,true,false,0,0,242,5.616460570611868e-16,3.426706487499281e-16,10,22,1,3,73,9,true,0.0,0.0,0.0,0.0,0.0,0.0,2.4884434935237454e-15,true,2.601320154930374e-16,true,2.5043211105893065e-15,0.006975300027988851,0.0005652999971061945,1740,full
3097,10,57,2,2,false,false,0,0,193,2.1485851689459513e-16,2.0888905076194174e-16,7,15,1,2,30,8,true,0.0,0.0,0.0,0.0,0.0,0.0,5.636511905539603e-16,true,1.1575189422536675e-16,true,4.539670098400226e-16,0.0037392000085674226,0.00044919998617842793,570,full
3098,8,191,2,1,false,false,0,0,1008,3.217519200010161e-16,2.641011852017599e-16,9,11,2,2,70,5,true,0.0,0.0,0.0,0.0,0.0,0.0,8.553802973991834e-16,true,2.451999860133612e-16,true,8.553802973991834e-16,0.015090800006873906,0.0008088999893516302,1528,full
3099,11,75,2,4,false,false,0,0,138,6.136522985891955e-16,4.0558881859536977e-16,11,22,2,0,36,10,true,0.0,0.0,0.0,0.0,0.0,0.0,4.27843083077214e-16,true,4.650144638499474e-16,true,6.41764624615821e-16,0.003941499977372587,0.0004428999964147806,825,full
3100,4,131,3,5,true,false,0,0,86,4.077220633339423e-16,2.267564539358951e-16,5,6,1,1,28,4,true,0.0,0.0,0.0,0.0,0.0,0.0,4.618444611216337e-16,true,1.1592644386706688e-16,true,4.610190214937115e-16,0.0036985999904572964,0.0004602000117301941,524,full
3101,11,201,2,3,true,false,0,0,566,8.146108291695491e-16,8.146108291695498e-16,8,20,0,1,98,7,true,0.0,0.0,0.0,0.0,0.0,0.0,2.269944994962092e-15,true,3.254039213871657e-16,true,2.2537492517055434e-15,0.011995700013358146,0.0007429999532178044,2211,full
3102,5,219,2,5,false,false,0,0,95,2.0078191345846142e-16,1.3671611942418177e-16,7,7,3,3,33,4,true,0.0,0.0,0.0,0.0,0.0,0.0,4.879761666483321e-16,true,1.2150151255715588e-16,true,4.864769700316571e-16,0.004328900016844273,0.0005170999793335795,1095,full
3103,5,257,2,3,true,false,0,0,244,4.530371441669196e-16,3.887067020683289e-16,2,6,2,2,57,2,true,0.0,0.0,0.0,0.0,0.0,0.0,1.931538853386912e-15,true,2.258985367378656e-16,true,1.9297311170404847e-15,0.008155900053679943,0.0006011999794282019,1285,full
3104,10,297,2,3,true,false,0,0,684,3.5483780023710596e-16,3.273123275838753e-16,8,19,1,2,121,8,true,0.0,0.0,0.0,0.0,0.0,0.0,1.4414907142282143e-15,true,2.361103016175599e-16,true,1.4431918010773335e-15,0.016136699996422976,0.0008830000297166407,2970,full
3105,10,175,1,4,false,false,0,0,336,4.757104328711488e-16,3.5489508484038095e-16,9,12,1,0,94,7,true,0.0,0.0,0.0,0.0,0.0,0.0,9.218266571144957e-16,true,3.511685167617031e-16,true,9.221435047585717e-16,0.008672300027683377,0.0006543999770656228,1750,full
3106,6,213,2,4,true,false,0,0,210,9.177353279659198e-16,7.101909428428849e-16,2,9,1,3,46,4,true,0.0,0.0,0.0,0.0,0.0,0.0,1.3198910000400756e-15,true,2.262379027519673e-16,true,1.5177254814499618e-15,0.006645600020419806,0.0005550000350922346,1278,full
3107,12,70,1,5,true,false,0,0,123,3.9682875964181707e-16,4.230538568561712e-16,13,17,2,4,37,12,true,0.0,0.0,0.0,0.0,0.0,0.0,7.385208470569709e-16,true,2.4447356062117354e-16,true,7.385208470569709e-16,0.003369899990502745,0.00044000003254041076,840,full
3108,6,97,2,4,false,false,0,0,70,2.9363783459440945e-16,2.558067500642268e-16,3,7,2,4,23,5,true,0.0,0.0,0.0,0.0,0.0,0.0,2.3568949968002646e-16,true,2.344799832236045e-16,true,4.393846133141499e-16,0.0026357999886386096,0.0004265999887138605,582,full
3109,9,260,3,2,true,false,0,0,835,5.696956099836159e-16,3.9229189778577153e-16,9,12,4,3,103,6,true,0.0,0.0,0.0,0.0,0.0,0.0,2.6403755731411504e-15,true,2.202529054288107e-16,true,2.6373552787570195e-15,0.017964799946639687,0.0007866000523790717,2340,full
3110,5,258,1,5,true,false,0,0,190,4.559308305769795e-16,2.5538111417463033e-16,3,4,0,1,50,1,true,0.0,0.0,0.0,0.0,0.0,0.0,7.329893602661364e-16,true,2.336712262894214e-16,true,7.300454734381829e-16,0.006854099978227168,0.0005804000538773835,1290,full
3111,5,239,2,2,true,false,0,0,442,3.3297293515724047e-16,2.4227045067302813e-16,3,9,1,1,58,5,true,0.0,0.0,0.0,0.0,0.0,0.0,2.2054605455211283e-15,true,2.370699089993058e-16,true,2.2123587675515522e-15,0.010666499962098897,0.0006426000036299229,1195,full
3112,4,158,3,4,true,false,0,0,58,2.61637369301104e-16,2.61637369301104e-16,2,4,2,2,21,3,true,0.0,0.0,0.0,0.0,0.0,0.0,2.5276265513883523e-16,true,1.1708448332027157e-16,true,2.5276265513883523e-16,0.003117999993264675,0.0004588000010699034,632,full
3113,4,201,2,4,true,false,0,0,126,2.542079707204166e-16,2.5420797072041673e-16,3,6,2,1,33,2,true,0.0,0.0,0.0,0.0,0.0,0.0,1.30057305285656e-15,true,2.711551687684444e-16,true,1.2964136398626846e-15,0.005140600027516484,0.0005384999676607549,804,full
3114,11,257,2,4,false,false,0,0,470,6.261370262463105e-16,5.939204532011942e-16,13,17,4,1,116,10,true,0.0,0.0,0.0,0.0,0.0,0.0,1.0031133867119055e-15,true,5.798865506249764e-16,true,7.191516722079852e-16,0.011811100004706532,0.0007257999968715012,2827,full
3115,6,212,3,3,false,false,0,0,264,2.3924383290951315e-16,3.127187524723184e-16,3,8,3,0,49,5,true,0.0,0.0,0.0,0.0,0.0,0.0,4.4043594648340743e-16,true,2.20572627833452e-16,true,4.41145255666904e-16,0.007842699997127056,0.0006439000135287642,1272,full
3116,9,167,3,1,true,false,0,0,1017,5.26840193415171e-16,3.287055828399688e-16,9,14,0,5,69,7,true,0.0,0.0,0.0,0.0,0.0,0.0,5.744226911117474e-15,true,2.5807237632784266e-16,true,5.744226911117507e-15,0.014290600025560707,0.0007307999767363071,1503,full
3117,3,63,1,3,true,false,0,0,22,1.6504861025210157e-16,1.6504861025210157e-16,4,5,2,2,5,2,true,0.0,0.0,0.0,0.0,0.0,0.0,2.4185729626290526e-16,true,9.038465238636499e-22,true,2.4185729626290526e-16,0.0014267999795265496,0.0004056000034324825,189,full
3118,9,199,2,5,true,false,0,0,267,4.3433699517945316e-16,3.0495520256269936e-16,8,12,0,4,94,7,true,0.0,0.0,0.0,0.0,0.0,0.0,1.7124898108118388e-15,true,2.5729728327310825e-16,true,1.6792764218468498e-15,0.008590799989178777,0.0005869999877177179,1791,full
3119,5,242,2,4,true,false,0,0,173,4.2204458157751997e-16,3.5529645280837196e-16,7,7,3,3,35,4,true,0.0,0.0,0.0,0.0,0.0,0.0,6.207329684329569e-16,true,2.3619705401792676e-16,true,6.207329684329572e-16,0.006509999977424741,0.0006019000429660082,1210,full
3120,4,70,3,5,true,false,0,0,40,1.8165797870412778e-16,2.1783821182580058e-16,5,3,2,0,14,4,true,0.0,0.0,0.0,0.0,0.0,0.0,2.3195424582117667e-16,true,1.1533205532381448e-16,true,2.3125932918575464e-16,0.0019262999994680285,0.0003836999530903995,280,full
3121,12,131,2,5,true,false,0,0,203,3.2600958194911183e-16,2.7336976999368944e-16,12,15,3,3,56,10,true,0.0,0.0,0.0,0.0,0.0,0.0,5.866371637578662e-16,true,6.764968171326264e-16,true,9.777286062631103e-16,0.006160799995996058,0.000534399994648993,1572,full
3122,3,278,3,2,false,false,0,0,259,2.1363206952235912e-16,2.0158539426626919e-16,4,4,1,1,43,1,true,0.0,0.0,0.0,0.0,0.0,0.0,6.653372616440119e-16,true,2.3065657251260325e-16,true,6.617508972496548e-16,0.009529099974315614,0.0006723999977111816,834,full
3123,4,60,1,5,true,false,0,0,29,1.4708101348536574e-16,1.4708101348536572e-16,2,7,3,3,12,3,true,0.0,0.0,0.0,0.0,0.0,0.0,3.578888585817571e-16,true,2.953975934908463e-17,true,3.578888585817571e-16,0.0014309000107459724,0.0004228000179864466,240,full
3124,5,238,2,1,false,false,0,0,646,2.269746374727949e-16,1.8526082208636113e-16,4,5,2,2,36,5,true,0.0,0.0,0.0,0.0,0.0,0.0,2.005109385418201e-15,true,1.1756939342218588e-16,true,2.0032070442833197e-15,0.013147099991329014,0.0007264000014401972,1190,full
3125,11,100,1,4,false,false,0,0,180,4.913968167453893e-16,4.441250636212115e-16,13,19,2,4,47,7,true,0.0,0.0,0.0,0.0,0.0,0.0,6.585638056985648e-16,true,4.642057900578371e-16,true,4.394955217296475e-16,0.004734800022561103,0.0004983000108040869,1100,full
3126,12,218,1,3,true,false,0,0,547,5.407499240592343e-16,3.5765143428417e-16,15,14,4,3,95,10,true,0.0,0.0,0.0,0.0,0.0,0.0,1.3889580753706772e-15,true,6.911821760590734e-16,true,1.1151860291805922e-15,0.011646199971437454,0.0007562999962829053,2616,full
3127,3,82,2,1,true,false,0,0,135,3.308270229627212e-16,3.693767417074537e-16,2,1,1,3,6,3,true,0.0,0.0,0.0,0.0,0.0,0.0,5.76325758865332e-16,true,1.2377021711663371e-16,true,5.573718863908009e-16,0.0038218999980017543,0.00042050000047311187,246,full
3128,10,183,2,4,false,false,0,0,281,3.246226150632281e-16,3.3362567598814166e-16,7,14,4,3,62,5,true,0.0,0.0,0.0,0.0,0.0,0.0,4.495941347209987e-16,true,2.3074698339750244e-16,true,4.614939667950048e-16,0.008190800028387457,0.0006132999551482499,1830,full
3129,3,167,3,4,true,false,0,0,76,3.1510076705302667e-16,3.1510076705302667e-16,3,3,1,0,22,2,true,0.0,0.0,0.0,0.0,0.0,0.0,2.262576583531118e-16,true,5.57741450049177e-17,true,2.262576583531118e-16,0.0036615999997593462,0.0006899000145494938,501,full
3130,10,235,2,2,true,false,0,0,657,4.48141379205123e-16,3.329978284554305e-16,9,14,4,5,67,8,true,0.0,0.0,0.0,0.0,0.0,0.0,2.32063089197389e-15,true,2.3349622078495184e-16,true,2.308737680657358e-15,0.013749600038863719,0.0008138999692164361,2350,full
3131,3,281,2,2,false,false,0,0,274,2.7668546583585916e-16,3.532448508809606e-16,4,5,2,0,37,2,true,0.0,0.0,0.0,0.0,0.0,0.0,4.3309490834827816e-16,true,4.3476289339195153e-16,true,4.3392872427883407e-16,0.008666499983519316,0.0006129000103101134,843,full
3132,9,50,2,4,false,false,0,0,71,2.7924263927145756e-16,2.881346234180689e-16,5,14,2,2,27,6,true,0.0,0.0,0.0,0.0,0.0,0.0,5.258451752331447e-16,true,2.4000471562688473e-16,true,6.55449482502346e-16,0.0020887000137008727,0.00039170001400634646,450,full
3133,12,110,2,1,false,false,0,0,833,3.6999764820106623e-16,4.484124061212774e-16,9,14,4,3,50,12,true,0.0,0.0,0.0,0.0,0.0,0.0,6.145157248474782e-16,true,2.429708494398177e-16,true,6.156366432224441e-16,0.011231900018174201,0.0006655000033788383,1320,full
3134,12,184,2,4,true,false,0,0,318,3.5170621618839705e-16,6.402842700481415e-16,10,22,1,6,82,9,true,0.0,0.0,0.0,0.0,0.0,0.0,8.436395921367548e-16,true,2.4174155598252244e-16,true,8.449546096140721e-16,0.008674999990034848,0.0006513000116683543,2208,full
3135,2,267,2,1,false,false,0,0,341,2.4356424968621695e-16,2.43564249686217e-16,0,3,0,1,35,1,true,0.0,0.0,0.0,0.0,0.0,0.0,6.59022194554376e-16,true,0.0,true,6.55103477737164e-16,0.010754300048574805,0.0006139999604783952,534,full
3136,4,207,1,2,true,false,0,0,299,3.468848362191896e-16,3.468848362191897e-16,6,5,1,1,39,3,true,0.0,0.0,0.0,0.0,0.0,0.0,1.289041428116347e-15,true,1.1711241084523984e-16,true,1.289041428116347e-15,0.007998700020834804,0.000692599976900965,828,full
3137,4,101,3,4,false,false,0,0,56,1.2911174213177023e-16,1.1929097665276914e-16,6,6,2,1,16,4,true,0.0,0.0,0.0,0.0,0.0,0.0,2.337107651697193e-16,true,1.4561119633518878e-17,true,2.3384281189781036e-16,0.0024272000300697982,0.0004143000114709139,404,full
3138,3,156,1,2,false,false,0,0,129,2.657062804257684e-16,2.497981175509702e-16,1,5,1,1,16,1,true,0.0,0.0,0.0,0.0,0.0,0.0,8.641664607168699e-16,true,5.412524788478821e-17,true,8.643139317360922e-16,0.004405300016514957,0.00048809999134391546,468,full
3139,3,140,3,5,true,false,0,0,45,2.89557089764551e-16,2.89557089764551e-16,2,3,1,1,14,3,true,0.0,0.0,0.0,0.0,0.0,0.0,4.3924512176961087e-16,true,4.388496079222878e-16,true,2.1867284840186226e-16,0.002609300019685179,0.0004485999816097319,420,full
3140,3,221,3,3,true,false,0,0,150,3.764662995878755e-16,3.43892982624416e-16,2,4,1,0,24,3,true,0.0,0.0,0.0,0.0,0.0,0.0,4.740655324271481e-16,true,1.1830558331310265e-16,true,4.759218687866638e-16,0.006218499969691038,0.0006007000338286161,663,full
3141,3,125,3,3,false,false,0,0,72,1.8434981492248962e-16,1.5294060103844894e-16,3,2,2,0,16,2,true,0.0,0.0,0.0,0.0,0.0,0.0,4.78388404592742e-16,true,1.1624587676614976e-16,true,4.774730959249138e-16,0.0031868000514805317,0.000574899953790009,375,full
3142,6,91,2,1,false,false,0,0,319,2.385330201375551e-16,2.6279450151147835e-16,5,7,1,3,25,5,true,0.0,0.0,0.0,0.0,0.0,0.0,3.6690769155153626e-16,true,1.2282874979050916e-16,true,3.673746759694374e-16,0.0057901000254787505,0.0005040999967604876,546,full
3143,10,276,3,2,true,false,0,0,828,4.895212937582865e-16,6.089439984814382e-16,10,10,3,5,100,9,true,0.0,0.0,0.0,0.0,0.0,0.0,1.7758765233364807e-15,true,2.238753339525159e-16,true,1.7780899393697385e-15,0.01797470002202317,0.0010641999542713165,2760,full
3144,7,113,3,4,true,false,0,0,108,3.215800896964914e-16,2.387408138605914e-16,7,8,3,1,33,6,true,0.0,0.0,0.0,0.0,0.0,0.0,4.222000217382297e-16,true,2.226696998543181e-16,true,4.663939795478488e-16,0.003866499988362193,0.0004744000034406781,791,full
3145,8,227,3,4,false,false,0,0,270,2.308815888384786e-16,2.584625760731736e-16,7,10,3,3,67,7,true,0.0,0.0,0.0,0.0,0.0,0.0,4.754999530837261e-16,true,2.276669471480622e-16,true,4.7549995308372625e-16,0.009048499981872737,0.000652400020044297,1816,full
3146,4,178,2,3,true,false,0,0,95,1.9227828975370639e-16,2.487683455971724e-16,6,6,3,3,20,3,true,0.0,0.0,0.0,0.0,0.0,0.0,1.1391883546387916e-15,true,1.1333878069618186e-16,true,1.139188354638793e-15,0.003970200021285564,0.0005228999652899802,712,full
3147,7,188,1,3,true,false,0,0,266,4.0930456178532947e-16,3.5014294465907963e-16,11,9,4,2,55,5,true,0.0,0.0,0.0,0.0,0.0,0.0,1.7239769550295202e-15,true,2.1891038967911403e-16,true,1.7227565607590116e-15,0.007110800012014806,0.0007202999549917877,1316,full
3148,7,296,2,2,false,false,0,0,483,3.121163886511708e-16,3.551041943840631e-16,5,14,2,3,79,7,true,0.0,0.0,0.0,0.0,0.0,0.0,8.096688811860469e-16,true,2.308901698586779e-16,true,8.044500264435356e-16,0.012936399958562106,0.0007342000026255846,2072,full
3149,2,154,1,5,true,false,0,0,48,3.4846703412283983e-16,2.922155634787105e-16,1,3,0,1,6,1,true,0.0,0.0,0.0,0.0,0.0,0.0,7.926840160454616e-16,true,3.3791036885026586e-21,true,7.927669429215443e-16,0.00243719998979941,0.00043590000132098794,308,full
3150,4,214,2,1,true,true,1,0,568,3.9818785837218297e-16,2.705137935418683e-16,6,9,2,0,34,1,,,,,,,,,true,2.3414619737304853e-16,,,0.01301150000654161,0.0008483999990858138,856,full
3151,5,180,1,5,true,false,0,0,121,3.6176980864635304e-16,4.849254881855371e-16,4,6,1,2,37,4,true,0.0,0.0,0.0,0.0,0.0,0.0,2.531617681658872e-16,true,6.641610660293964e-16,true,7.329393162546775e-16,0.004489200015086681,0.0005112999933771789,900,full
3152,3,156,1,3,true,false,0,0,95,2.0486676121605623e-16,2.584291069712245e-16,3,7,2,0,16,3,true,0.0,0.0,0.0,0.0,0.0,0.0,8.029435710974202e-16,true,2.885033020957192e-17,true,8.041055218346803e-16,0.003611199965234846,0.0005093000363558531,468,full
3153,6,200,1,5,false,false,0,0,183,2.1145324991516266e-16,2.2614041203607843e-16,9,7,0,1,57,5,true,0.0,0.0,0.0,0.0,0.0,0.0,9.550493383442643e-16,true,2.351244159802212e-16,true,9.54022970910654e-16,0.005999899993184954,0.0005406999844126403,1200,full
3154,3,107,2,2,true,false,0,0,109,2.8546992894329863e-16,2.3537503031916484e-16,5,6,1,2,12,2,true,0.0,0.0,0.0,0.0,0.0,0.0,9.414642731191514e-16,true,1.1636716043593896e-16,true,9.417300979233099e-16,0.0034671000321395695,0.00046040001325309277,321,full
3155,5,214,2,4,false,false,0,0,168,3.2578813236373553e-16,2.0655216687302884e-16,7,6,2,1,46,3,true,0.0,0.0,0.0,0.0,0.0,0.0,4.372597692537477e-16,true,2.3006268112564727e-16,true,4.3732190007418327e-16,0.006091800052672625,0.000526099989656359,1070,full
3156,9,214,1,5,true,false,0,0,248,4.648135743667426e-16,3.438477466114633e-16,6,15,1,4,84,6,true,0.0,0.0,0.0,0.0,0.0,0.0,1.3324712528456328e-15,true,3.47238988687643e-16,true,1.3542837841773243e-15,0.008215899986680597,0.0006335999933071434,1926,full
3157,8,281,1,1,true,false,0,0,1616,6.647123549022171e-16,4.929892841791003e-16,7,6,2,1,115,6,true,0.0,0.0,0.0,0.0,0.0,0.0,2.558317836146192e-15,true,2.5448891408259526e-16,true,2.6433543482619113e-15,0.023110700014512986,0.0009774999925866723,2248,full
3158,10,173,2,3,true,false,0,0,334,4.194539589225711e-16,3.287530992870579e-16,7,11,3,4,59,5,true,0.0,0.0,0.0,0.0,0.0,0.0,5.640370938513694e-16,true,5.782133423433514e-16,true,8.715902345462544e-16,0.008182600024156272,0.0006400999845936894,1730,full
3159,3,66,3,3,false,false,0,0,50,1.8209673434742597e-16,1.1993731186728817e-16,3,0,1,0,5,1,true,0.0,0.0,0.0,0.0,0.0,0.0,4.637650421643522e-16,true,5.876843398423216e-17,true,4.621793923827668e-16,0.0018949000514112413,0.0003902000025846064,198,full
3160,8,148,3,2,true,false,0,0,406,3.9307092335187287e-16,3.3620244606775614e-16,7,9,2,2,53,7,true,0.0,0.0,0.0,0.0,0.0,0.0,6.919088360878898e-16,true,2.152187095747676e-16,true,6.820814667881733e-16,0.008860700007062405,0.0008274000138044357,1184,full
3161,8,141,1,2,false,false,0,0,383,3.367028683252525e-16,3.890926175211303e-16,8,15,1,3,49,7,true,0.0,0.0,0.0,0.0,0.0,0.0,5.140796882949943e-16,true,1.9404784206109442e-16,true,4.980385504270468e-16,0.007459299988113344,0.0005812000017613173,1128,full
3162,4,164,3,1,false,false,0,0,380,2.0488297263978511e-16,1.5432633099220948e-16,6,8,2,0,22,3,true,0.0,0.0,0.0,0.0,0.0,0.0,1.1418364373990066e-15,true,1.164153218269348e-16,true,1.1421813474407135e-15,0.008184499980416149,0.0005713999853469431,656,full
3163,4,95,2,3,false,false,0,0,74,1.852647501253615e-16,1.5917351698185973e-16,5,5,1,2,7,1,true,0.0,0.0,0.0,0.0,0.0,0.0,2.420080801179413e-16,true,1.1786258852580041e-16,true,2.420080801179413e-16,0.002587099967058748,0.0004140000091865659,380,full
3164,5,275,3,5,false,false,0,0,204,3.345966308420454e-16,3.5629372958153324e-16,2,11,0,1,48,3,true,0.0,0.0,0.0,0.0,0.0,0.0,4.719527212869001e-16,true,2.3569575841686077e-16,true,4.717878040329634e-16,0.007712199992965907,0.0005950999911874533,1375,full
3165,5,221,1,1,true,false,0,0,792,4.2112087874802604e-16,2.9570604499258584e-16,7,5,2,2,50,3,true,0.0,0.0,0.0,0.0,0.0,0.0,2.739545328496268e-15,true,2.3304865757023407e-16,true,2.7537803977417242e-15,0.014070499979425222,0.0009316999930888414,1105,full
3166,10,237,3,5,true,false,0,0,298,3.2700114159523184e-16,2.892487601902556e-16,5,22,2,3,98,8,true,0.0,0.0,0.0,0.0,0.0,0.0,1.1757137456212868e-15,true,5.927617899531349e-16,true,1.0238809906151914e-15,0.00982579996343702,0.0009888000204227865,2370,full
3167,3,144,3,4,true,false,0,0,45,2.1863928819908444e-16,2.1863928819908444e-16,4,7,2,1,8,3,true,0.0,0.0,0.0,0.0,0.0,0.0,1.1708213122071803e-16,true,3.642481184738513e-21,true,1.1708213122071803e-16,0.002562000008765608,0.0004358000005595386,432,full
3168,7,88,3,4,true,false,0,0,77,2.0415056564733903e-16,2.803094436304341e-16,7,14,4,1,24,5,true,0.0,0.0,0.0,0.0,0.0,0.0,3.4708564096312795e-16,true,1.1663871425418368e-16,true,3.494767089418399e-16,0.0030098999850451946,0.0004575000493787229,616,full
3169,5,171,2,2,true,false,0,0,237,3.503735855009488e-16,3.0084320774195674e-16,6,5,1,2,25,5,true,0.0,0.0,0.0,0.0,0.0,0.0,1.8173400058052267e-15,true,1.5062410619313274e-16,true,1.8158417865291465e-15,0.006481199990957975,0.0005450000171549618,855,full
3170,12,233,2,5,true,false,0,0,379,4.0397313601387787e-16,3.3123096405995946e-16,14,19,1,4,98,11,true,0.0,0.0,0.0,0.0,0.0,0.0,1.1753681500589482e-15,true,2.1510506212124906e-16,true,1.1753681500589495e-15,0.011482300003990531,0.0007657000096514821,2796,full
3171,9,144,3,2,false,false,0,0,370,2.437446264089176e-16,2.6758526923416135e-16,8,11,3,3,54,7,true,0.0,0.0,0.0,0.0,0.0,0.0,7.154240062232481e-16,true,2.3458129458903347e-16,true,7.155851966127246e-16,0.008278799999970943,0.0006188999977894127,1296,full
3172,2,260,1,3,false,false,0,0,140,2.35198838800757e-16,2.1447390290320727e-16,2,1,0,0,21,2,true,0.0,0.0,0.0,0.0,0.0,0.0,9.293439742426357e-16,true,0.0,true,9.255040366701536e-16,0.005484999972395599,0.0007963000098243356,520,full
3173,12,277,2,1,true,false,0,0,2148,1.0071922021938526e-15,6.653687181742237e-16,12,12,4,4,116,8,true,0.0,0.0,0.0,0.0,0.0,0.0,2.8410182568537128e-15,true,3.54003315653185e-16,true,3.0044610462918746e-15,0.028309600020293146,0.0011612999951466918,3324,full
3174,9,220,1,2,true,false,0,0,680,4.896295866127272e-16,3.7609229116629747e-16,7,12,2,3,74,7,true,0.0,0.0,0.0,0.0,0.0,0.0,1.040008836747499e-15,true,2.3123728310775203e-16,true,1.0223090180825576e-15,0.013818199979141355,0.0007520000217482448,1980,full
3175,12,102,2,3,true,false,0,0,291,4.576180934415568e-16,3.607682294213269e-16,13,19,3,3,56,7,true,0.0,0.0,0.0,0.0,0.0,0.0,1.5333171122191132e-15,true,2.2030919086428932e-16,true,1.5333171122191156e-15,0.006798100017476827,0.0007210999610833824,1224,full
3176,9,244,3,2,false,false,0,0,697,3.3579448932412923e-16,2.3546442962112985e-16,15,16,3,2,100,7,true,0.0,0.0,0.0,0.0,0.0,0.0,2.118431513615423e-15,true,4.971163291445466e-16,true,2.36802809344287e-15,0.014544599980581552,0.0007955000037327409,2196,full
3177,3,119,1,1,false,false,0,0,160,1.7641321531217583e-16,1.6851247481368898e-16,5,2,1,2,12,3,true,0.0,0.0,0.0,0.0,0.0,0.0,5.92305840442851e-16,true,2.3819676939133085e-16,true,8.292281766199914e-16,0.005017699964810163,0.000564000045415014,357,full
3178,3,207,3,3,true,false,0,0,115,2.387387451307172e-16,1.9454474032984913e-16,2,8,1,1,17,3,true,0.0,0.0,0.0,0.0,0.0,0.0,6.13511057044281e-16,true,9.108819070025773e-22,true,6.150080764300737e-16,0.0052631000289693475,0.0005439000087790191,621,full
3179,3,237,3,5,true,false,0,0,64,4.991020539722537e-16,4.991020539722537e-16,4,3,2,2,17,3,true,0.0,0.0,0.0,0.0,0.0,0.0,2.385859535919292e-16,true,1.2040734877732365e-16,true,2.382461548638897e-16,0.003938700014259666,0.0005149999633431435,711,full
3180,8,283,1,3,true,true,1,0,434,7.893648279427016e-16,4.3044267901975045e-16,11,9,4,1,89,6,,,,,,,,,true,2.407311704788672e-16,,,0.011209000018425286,0.0007946999976411462,2264,full
3181,2,140,3,2,true,false,0,0,107,2.1970672225951267e-16,2.1970672225951257e-16,1,1,0,1,17,1,true,0.0,0.0,0.0,0.0,0.0,0.0,4.661281932360677e-16,true,8.882862520590599e-22,true,4.661281932360677e-16,0.003959599998779595,0.0004336000420153141,280,full
3182,2,196,3,1,true,false,0,0,306,2.520083545780619e-16,2.854170434943021e-16,3,5,0,0,27,1,true,0.0,0.0,0.0,0.0,0.0,0.0,1.944849629820556e-15,true,3.685572793527547e-21,true,1.949027691385438e-15,0.008969999966211617,0.0005364000098779798,392,full
3183,9,137,3,1,true,false,0,0,745,3.397110753643602e-16,3.29678942100437e-16,7,14,2,3,46,6,true,0.0,0.0,0.0,0.0,0.0,0.0,1.3132073235872302e-15,true,2.220870496013588e-16,true,1.3167846962053254e-15,0.012092699995264411,0.000653000024612993,1233,full
3184,5,83,1,3,true,false,0,0,84,3.8110706342447594e-16,3.813631212097871e-16,4,10,1,2,18,4,true,0.0,0.0,0.0,0.0,0.0,0.0,1.1476794311050682e-15,true,2.25799641995735e-16,true,1.1476794311050682e-15,0.002637400000821799,0.0004385000211186707,415,full
3185,10,250,3,4,true,false,0,0,427,4.841765744769118e-16,6.169582924449967e-16,7,11,2,1,97,8,true,0.0,0.0,0.0,0.0,0.0,0.0,2.850962252099629e-15,true,2.336092431184326e-16,true,2.785310705509536e-15,0.01228560000890866,0.0007251999923028052,2500,full
3186,12,55,1,5,true,true,1,0,85,5.414575382379597e-16,4.0516117580492995e-16,8,19,4,3,26,7,,,,,,,,,true,2.2269984308652634e-16,,,0.002818699984345585,0.00043590000132098794,660,full
3187,5,54,3,5,false,false,0,0,36,1.7686058872381245e-16,1.6899412899391572e-16,8,5,3,1,8,5,true,0.0,0.0,0.0,0.0,0.0,0.0,2.4390397465609353e-16,true,1.2160642281254504e-16,true,2.4083143996434033e-16,0.0014166999608278275,0.000354000017978251,270,full
3188,7,113,1,2,false,false,0,0,247,2.9612146615302415e-16,1.8078387414513317e-16,10,6,3,3,29,7,true,0.0,0.0,0.0,0.0,0.0,0.0,4.099307549582512e-16,true,1.3617095826020092e-16,true,4.099307549582514e-16,0.005528800014872104,0.0006294000195339322,791,full
3189,5,212,2,5,false,false,0,0,112,2.2712122284755743e-16,2.030383629777453e-16,4,6,2,1,31,5,true,0.0,0.0,0.0,0.0,0.0,0.0,8.11668660634864e-16,true,1.357341842772569e-16,true,8.12590633545539e-16,0.00459450000198558,0.0005168999778106809,1060,full
3190,12,130,3,4,false,false,0,0,235,3.930410927876616e-16,4.180538237509367e-16,11,14,4,3,66,10,true,0.0,0.0,0.0,0.0,0.0,0.0,9.939245692780619e-16,true,2.523632872789607e-16,true,9.931630759199057e-16,0.0066510000033304095,0.0005582000012509525,1560,full
3191,5,293,3,2,false,false,0,0,547,4.110071057998128e-16,4.47143832754416e-16,3,9,0,1,67,3,true,0.0,0.0,0.0,0.0,0.0,0.0,1.2033051320078422e-15,true,4.397224882403257e-16,true,1.2021648038699078e-15,0.013366700033657253,0.0006992999697104096,1465,full
3192,8,188,1,4,false,false,0,0,233,2.994781826859692e-16,2.1923676108731786e-16,8,9,3,4,54,6,true,0.0,0.0,0.0,0.0,0.0,0.0,5.500657822453559e-16,true,1.3717685047727889e-16,true,5.480648477080508e-16,0.006278500019107014,0.0005616000271402299,1504,full
3193,12,90,3,1,true,false,0,0,760,7.954350060161107e-16,3.526731067992288e-16,12,20,3,2,47,9,true,0.0,0.0,0.0,0.0,0.0,0.0,2.294129262903237e-15,true,6.450039502724116e-16,true,2.8198313530572297e-15,0.00977130001410842,0.0006532000261358917,1080,full
3194,6,133,2,5,true,false,0,0,91,4.9803594831500015e-16,3.6740356842909874e-16,8,7,1,2,43,5,true,0.0,0.0,0.0,0.0,0.0,0.0,1.1095100262517575e-15,true,2.695428804703746e-16,true,1.1095100262517587e-15,0.0038574999780394137,0.0004844000213779509,798,full
3195,9,270,3,2,false,false,0,0,674,4.924340837954548e-16,4.2806553032192485e-16,8,13,4,3,115,6,true,0.0,0.0,0.0,0.0,0.0,0.0,1.8308001204062737e-15,true,3.267645508482475e-16,true,1.8142126471701815e-15,0.015411000000312924,0.0007790999952703714,2430,full
3196,5,73,1,2,true,false,0,0,118,2.545280006481711e-16,4.234371411923334e-16,6,6,4,3,10,4,true,0.0,0.0,0.0,0.0,0.0,0.0,1.7480885344030276e-15,true,2.625729033008847e-16,true,1.8391186638393766e-15,0.0027058999985456467,0.0004347000503912568,365,full
3197,3,133,3,1,true,false,0,0,305,3.265502000414163e-16,2.622964403262808e-16,3,2,0,1,21,2,true,0.0,0.0,0.0,0.0,0.0,0.0,1.136077162172226e-15,true,1.4616675260263546e-17,true,1.1360771621722273e-15,0.007510000024922192,0.0005152999656274915,399,full
3198,6,155,3,3,false,false,0,0,158,2.915190825409864e-16,2.6907370532162862e-16,6,9,3,1,22,5,true,0.0,0.0,0.0,0.0,0.0,0.0,1.1967839359279483e-15,true,2.3443411992816676e-16,true,1.1981738821778895e-15,0.005385800031945109,0.000645299965981394,930,full
3199,3,125,1,2,true,false,0,0,154,2.9262212275345783e-16,2.657863136908652e-16,3,5,0,1,16,3,true,0.0,0.0,0.0,0.0,0.0,0.0,1.4488771639727058e-15,true,2.99597068327142e-17,true,1.4488771639727058e-15,0.004186500038485974,0.0004870999837294221,375,full
3200,4,90,2,4,false,false,0,0,65,1.2889769380589085e-16,2.0822175506356322e-16,5,5,1,1,20,2,true,0.0,0.0,0.0,0.0,0.0,0.0,2.371284233552511e-16,true,1.1663605529140305e-16,true,3.499081658742091e-16,0.0029764999635517597,0.0004019000334665179,360,full
3201,12,145,3,5,true,false,0,0,259,4.98276195112041e-16,3.2639217276314533e-16,19,16,2,3,73,9,true,0.0,0.0,0.0,0.0,0.0,0.0,1.2251447778614943e-15,true,2.2955053908616825e-16,true,1.2245168415529326e-15,0.0076914000092074275,0.0005592000088654459,1740,full
3202,4,292,2,2,false,false,0,0,454,4.674432381029676e-16,3.496622647226926e-16,4,4,1,0,62,4,true,0.0,0.0,0.0,0.0,0.0,0.0,1.2012601852237455e-15,true,4.64527160219287e-16,true,1.3935814806578623e-15,0.011317600030452013,0.0007024999940767884,1168,full
3203,4,93,1,2,true,false,0,0,153,4.4280490587032107e-16,3.269569328519957e-16,3,9,0,0,21,4,true,0.0,0.0,0.0,0.0,0.0,0.0,6.732438895958236e-16,true,1.136855345468399e-16,true,6.732438895958236e-16,0.003780699975322932,0.000609499984420836,372,full
3204,2,188,3,5,true,false,0,0,56,1.7009564528058332e-16,2.1450566877893887e-16,1,5,0,1,15,2,true,0.0,0.0,0.0,0.0,0.0,0.0,9.538296782533383e-16,true,9.119988907366381e-22,true,9.539796083806011e-16,0.0032440999639220536,0.000444800010882318,376,full
3205,4,144,1,1,false,false,0,0,433,2.4530753526213334e-16,2.393071426904317e-16,3,5,1,0,28,4,true,0.0,0.0,0.0,0.0,0.0,0.0,6.88320724195203e-16,true,2.2174487393160965e-16,true,6.882550469675075e-16,0.008245400036685169,0.0005641999887302518,576,full
3206,5,65,3,3,true,false,0,0,66,2.884907829107614e-16,3.2624804458188275e-16,5,12,3,1,16,5,true,0.0,0.0,0.0,0.0,0.0,0.0,9.235908427258816e-16,true,1.2084063808976374e-16,true,9.265652703353955e-16,0.002222699986305088,0.00038430001586675644,325,full
3207,8,142,1,3,false,false,0,0,238,4.3236102044438877e-16,4.927322187744411e-16,7,9,2,6,44,5,true,0.0,0.0,0.0,0.0,0.0,0.0,1.2396566672083849e-15,true,2.522719555571623e-16,true,1.1473264658530486e-15,0.005663299991283566,0.0005278000026009977,1136,full
3208,2,206,3,3,true,false,0,0,106,2.2723015047537993e-16,2.47286451452942e-16,2,3,0,0,19,2,true,0.0,0.0,0.0,0.0,0.0,0.0,6.068043454970247e-16,true,1.8291026442839596e-21,true,6.080251518248377e-16,0.004474600020330399,0.0004986000130884349,412,full
3209,9,233,1,5,true,false,0,0,326,8.930619843161893e-16,4.3454952350559134e-16,8,13,2,2,101,8,true,0.0,0.0,0.0,0.0,0.0,0.0,1.6484186774354027e-15,true,2.8345412794093824e-16,true,1.6476819433589276e-15,0.009482100023888052,0.0006605999660678208,2097,full
3210,2,187,1,2,false,false,0,0,152,1.622125811462317e-16,1.751464118928613e-16,1,0,0,0,17,1,true,0.0,0.0,0.0,0.0,0.0,0.0,4.874096040477964e-16,true,0.0,true,4.874096040477966e-16,0.0051870999741368,0.0004925000248476863,374,full
3211,2,80,3,4,false,false,0,0,32,1.7747275213055063e-16,1.7747275213055063e-16,1,1,0,0,3,2,true,0.0,0.0,0.0,0.0,0.0,0.0,2.669474064086026e-16,true,0.0,true,2.6694740640860266e-16,0.0015833999495953321,0.0004369000089354813,160,full
3212,6,130,2,5,true,false,0,0,77,2.5777232758892767e-16,2.793924657641559e-16,4,7,3,2,24,6,true,0.0,0.0,0.0,0.0,0.0,0.0,4.430411446405453e-16,true,2.252756664298984e-16,true,2.6478626095486395e-16,0.003242800012230873,0.0004942999803461134,780,full
3213,4,146,3,4,false,false,0,0,84,2.1121627098571672e-16,2.1121627098571677e-16,0,5,1,2,19,2,true,0.0,0.0,0.0,0.0,0.0,0.0,2.5792567843599877e-16,true,1.201702776924215e-16,true,3.4676136507885596e-16,0.00383600004715845,0.0005090999766252935,584,full
3214,11,83,3,2,true,false,0,0,276,5.672464323825044e-16,2.9568505283048414e-16,11,22,4,3,38,8,true,0.0,0.0,0.0,0.0,0.0,0.0,4.889812778655418e-16,true,2.3259777306197285e-16,true,4.914912867247295e-16,0.006459099997300655,0.0006411000504158437,913,full
3215,12,222,2,2,true,true,1,0,812,5.731811586029951e-16,4.503893499725767e-16,14,20,6,3,95,9,,,,,,,,,true,2.307614282405273e-16,,,0.015609199996106327,0.0007850999827496707,2664,full
3216,5,198,1,2,false,false,0,0,186,2.738597604942204e-16,2.738597604942205e-16,6,7,4,0,17,5,true,0.0,0.0,0.0,0.0,0.0,0.0,6.658362646568106e-16,true,1.1640176768561538e-16,true,6.661104155146447e-16,0.005889899970497936,0.0005521000130102038,990,full
3217,4,247,3,3,false,false,0,0,220,3.206793295235269e-16,2.9857119275295966e-16,3,6,2,0,45,1,true,0.0,0.0,0.0,0.0,0.0,0.0,4.313697243155341e-16,true,2.219271431147608e-16,true,4.3134818193228474e-16,0.007842599996365607,0.0006141999620012939,988,full
3218,2,253,1,4,true,false,0,0,107,2.0848035744774154e-16,2.316252970366583e-16,0,5,0,0,25,1,true,0.0,0.0,0.0,0.0,0.0,0.0,2.3989813884654923e-16,true,9.137934540423786e-22,true,2.3989813884654923e-16,0.004881800035946071,0.0005540999700315297,506,full
3219,10,77,2,4,true,false,0,0,126,2.5360012657749836e-16,2.9222665942818276e-16,10,16,4,3,31,8,true,0.0,0.0,0.0,0.0,0.0,0.0,1.3523077063600221e-15,true,2.6550652605518363e-16,true,1.3564425641886178e-15,0.003522799990605563,0.00045489997137337923,770,full
3220,6,214,2,3,true,false,0,0,303,7.033427058611936e-16,7.033427058611933e-16,4,10,2,0,52,5,true,0.0,0.0,0.0,0.0,0.0,0.0,6.8226531058201e-16,true,1.4181066554549354e-15,true,1.8908088739399128e-15,0.008392299991101027,0.0006170999840833247,1284,full
3221,11,283,2,1,true,false,0,0,2151,9.000900111920457e-16,7.023016504540405e-16,14,15,2,3,137,8,true,0.0,0.0,0.0,0.0,0.0,0.0,1.8555896597621674e-15,true,6.63218942055928e-16,true,2.3857581339799294e-15,0.0310825000051409,0.0011582999723032117,3113,full
3222,10,246,3,5,false,false,0,0,355,8.922660405960638e-16,8.94220621188826e-16,12,15,2,1,108,9,true,0.0,0.0,0.0,0.0,0.0,0.0,1.3872091155763726e-15,true,5.569164865938471e-16,true,1.298705544974561e-15,0.011065900034736842,0.0007458999752998352,2460,full
3223,5,230,1,3,true,false,0,0,198,3.513993844283972e-16,2.3714798031849444e-16,3,7,2,2,32,3,true,0.0,0.0,0.0,0.0,0.0,0.0,9.421021688010551e-16,true,1.2209016410978023e-16,true,9.42102168801056e-16,0.006467900006100535,0.000583500019274652,1150,full
3224,10,200,2,5,false,false,0,0,268,5.723904620532788e-16,3.4916786521457687e-16,16,20,1,4,87,8,true,0.0,0.0,0.0,0.0,0.0,0.0,4.446516565267346e-16,true,2.359945325481867e-16,true,4.446516565267348e-16,0.008669800008647144,0.0006084999768063426,2000,full
3225,4,202,2,4,true,false,0,0,92,1.821636891401631e-16,1.821636891401632e-16,5,6,2,1,21,2,true,0.0,0.0,0.0,0.0,0.0,0.0,7.01746798792984e-16,true,2.893298320979222e-17,true,7.017467987929845e-16,0.004912100033834577,0.0006333999917842448,808,full
3226,7,100,2,5,true,false,0,0,80,4.459973805115338e-16,2.5346865009151245e-16,7,5,2,3,23,5,true,0.0,0.0,0.0,0.0,0.0,0.0,4.792749796306732e-16,true,1.2777976125259192e-16,true,5.883652432930505e-16,0.0031183999963104725,0.0006013000383973122,700,full
3227,9,298,2,3,true,false,0,0,550,3.7751497232145813e-16,4.838703856974071e-16,10,14,2,3,105,5,true,0.0,0.0,0.0,0.0,0.0,0.0,7.474331933856217e-16,true,6.827973140034506e-16,true,9.952229708558264e-16,0.014212200010661036,0.0007823999621905386,2682,full
3228,4,259,1,3,true,false,0,0,245,4.4403414228737327e-16,3.9746463942391974e-16,3,10,1,1,42,2,true,0.0,0.0,0.0,0.0,0.0,0.0,8.842117433909022e-16,true,2.40171891886602e-16,true,8.854668701638398e-16,0.007971999992150813,0.0005822000093758106,1036,full
3229,8,201,1,3,true,false,0,0,378,8.870785178635586e-16,7.383573626321872e-16,12,12,2,3,83,6,true,0.0,0.0,0.0,0.0,0.0,0.0,1.6227693617831194e-15,true,3.2979239168399843e-16,true,1.2982154894264976e-15,0.009150600002612919,0.0006255999905988574,1608,full
3230,10,269,3,3,true,false,0,0,532,5.188953225575382e-16,4.0676377433096267e-16,10,11,4,4,100,9,true,0.0,0.0,0.0,0.0,0.0,0.0,9.754539596848284e-16,true,3.7066317164076483e-16,true,9.803483584850914e-16,0.01333300000987947,0.0008125000167638063,2690,full
3231,2,144,1,2,true,false,0,0,123,2.2080608741750366e-16,2.2675485775000387e-16,3,3,0,0,16,1,true,0.0,0.0,0.0,0.0,0.0,0.0,3.4749040051947953e-16,true,2.3072382659657157e-16,true,3.4749040051947953e-16,0.004129600012674928,0.0004616000223904848,288,full
3232,8,240,1,5,true,false,0,0,184,3.100684427950336e-16,2.3014782888782327e-16,3,8,5,3,53,6,true,0.0,0.0,0.0,0.0,0.0,0.0,4.751293619696399e-16,true,1.3695918041505442e-16,true,4.717306864617823e-16,0.0064495999831706285,0.0006018999847583473,1920,full
3233,10,294,3,3,true,false,0,0,720,4.865830597788464e-16,4.422038118618279e-16,15,18,3,4,113,5,true,0.0,0.0,0.0,0.0,0.0,0.0,2.366730678261462e-15,true,6.75688243729727e-16,true,2.746702671155738e-15,0.017665499995928258,0.0009855000535026193,2940,full
3234,10,69,1,3,true,false,0,0,155,2.64844641738815e-16,2.1736385252572351e-16,9,22,3,3,25,8,true,0.0,0.0,0.0,0.0,0.0,0.0,8.135375494522491e-16,true,3.505749882553274e-16,true,5.952743261060239e-16,0.00338260002899915,0.0004340999876148999,690,full
3235,3,109,3,2,false,false,0,0,80,2.0485022406376782e-16,2.097887735252013e-16,1,6,1,1,2,2,true,0.0,0.0,0.0,0.0,0.0,0.0,2.6093342456954193e-16,true,0.0,true,2.6093342456954193e-16,0.0030151999671943486,0.00042940001003444195,327,full
3236,8,213,3,4,false,false,0,0,258,3.033947171717301e-16,2.9168713670083513e-16,5,15,4,2,71,7,true,0.0,0.0,0.0,0.0,0.0,0.0,5.072502131619767e-16,true,4.711161324631787e-16,true,7.888023050573937e-16,0.008295200008433312,0.0006547999801114202,1704,full
3237,5,232,3,1,false,false,0,0,856,2.9385986653547124e-16,3.4469370482803223e-16,5,4,1,1,50,3,true,0.0,0.0,0.0,0.0,0.0,0.0,1.7613805109812613e-15,true,2.400523666283573e-16,true,1.771345816740319e-15,0.015841700020246208,0.000736100017093122,1160,full
3238,3,147,1,4,true,false,0,0,93,2.2380827084095816e-16,4.780355363227099e-16,3,6,0,0,16,3,true,0.0,0.0,0.0,0.0,0.0,0.0,1.1714382892513129e-15,true,1.1847068915591832e-16,true,1.1714382892513129e-15,0.003467300033662468,0.0004749000072479248,441,full
3239,3,294,3,5,false,false,0,0,149,1.9440018225211533e-16,1.6207304883898773e-16,1,8,0,0,39,2,true,0.0,0.0,0.0,0.0,0.0,0.0,7.541526498395478e-16,true,1.2635613241014586e-16,true,7.555802995244863e-16,0.007015599985606968,0.0006040000007487833,882,full
3240,12,271,1,3,true,false,0,0,793,7.162162018609204e-16,4.937024304089841e-16,18,19,1,3,126,10,true,0.0,0.0,0.0,0.0,0.0,0.0,1.845132597535209e-15,true,4.221656247794448e-16,true,1.9909783060921627e-15,0.016311899991706014,0.0008880000095814466,3252,full
3241,9,145,3,2,false,false,0,0,406,2.640213133965163e-16,2.4263923914415916e-16,10,23,2,4,44,7,true,0.0,0.0,0.0,0.0,0.0,0.0,7.967455745870289e-16,true,2.1873610430261545e-16,true,7.971608486747063e-16,0.00875029998132959,0.0005931999767199159,1305,full
3242,5,160,1,3,true,false,0,0,192,4.200884321816404e-16,5.129444087269419e-16,6,11,0,4,46,4,true,0.0,0.0,0.0,0.0,0.0,0.0,1.248348928017431e-15,true,2.4036143300528406e-16,true,1.2936932126670314e-15,0.00726440001744777,0.0006855999818071723,800,full
3243,6,160,1,5,false,false,0,0,128,3.090245951041162e-16,3.0902459510411613e-16,4,5,1,2,42,3,true,0.0,0.0,0.0,0.0,0.0,0.0,3.166365486080661e-16,true,2.3429168519532906e-16,true,3.514375277929936e-16,0.005274399998597801,0.0006257999921217561,960,full
3244,6,213,3,3,true,false,0,0,281,4.460531557131928e-16,2.4900185187703597e-16,7,7,1,3,56,6,true,0.0,0.0,0.0,0.0,0.0,0.0,1.4591889417630536e-15,true,1.283652646960458e-16,true,1.4591889417630558e-15,0.008380800019949675,0.0005852999747730792,1278,full
3245,6,67,2,1,false,true,1,0,287,2.385199027124448e-16,2.6098954943756846e-16,4,8,2,1,15,4,,,,,,,,,true,3.6249838272090217e-16,,,0.0050617000088095665,0.0004589000018313527,402,full
3246,11,137,3,4,false,false,0,0,223,2.703924998055962e-16,2.5901330825911196e-16,14,18,3,5,57,6,true,0.0,0.0,0.0,0.0,0.0,0.0,6.615385494411724e-16,true,2.320305434342855e-16,true,6.607813097349297e-16,0.006995000003371388,0.0005338999908417463,1507,full
3247,12,253,1,3,true,false,0,0,557,7.850140401365429e-16,9.615392348276272e-16,13,10,4,10,103,9,true,0.0,0.0,0.0,0.0,0.0,0.0,2.5244003739961497e-15,true,4.167828467137923e-16,true,2.54607883829067e-15,0.012350900040473789,0.0007795999990776181,3036,full
3248,7,224,1,1,true,false,0,0,967,5.602517906547883e-16,5.795986834988036e-16,7,10,3,0,61,3,true,0.0,0.0,0.0,0.0,0.0,0.0,3.589964675714876e-15,true,2.328306436538696e-16,true,3.572999419741436e-15,0.016158899990841746,0.0008429000154137611,1568,full
3249,12,183,3,1,true,true,3,0,1512,6.779641531045077e-16,4.376395688498124e-16,12,19,3,3,100,11,,,,,,,,,true,7.336687914241872e-16,,,0.020739900006446987,0.0008882999536581337,2196,full
3250,8,185,1,5,true,false,0,0,191,4.689068937556807e-16,2.974345004956979e-16,8,12,2,1,61,5,true,0.0,0.0,0.0,0.0,0.0,0.0,7.808374950870619e-16,true,2.396745056503643e-16,true,7.824914974560704e-16,0.006177400005981326,0.0008335000020451844,1480,full
3251,3,58,2,4,false,false,0,0,19,1.6408136836771164e-16,1.6408136836771164e-16,5,6,2,3,3,2,true,0.0,0.0,0.0,0.0,0.0,0.0,2.290270129938471e-16,true,0.0,true,2.288834651004567e-16,0.0010731000220403075,0.0003529000096023083,174,full
3252,8,237,1,4,false,false,0,0,329,6.544539709197443e-16,5.423141781148799e-16,9,14,1,2,87,4,true,0.0,0.0,0.0,0.0,0.0,0.0,1.0164944670682869e-15,true,5.175996500610433e-16,true,9.440759464067793e-16,0.009721399983391166,0.000624599982984364,1896,full
3253,2,147,2,4,true,false,0,0,39,2.4745332530447226e-16,3.147059643392441e-16,2,2,1,0,15,1,true,0.0,0.0,0.0,0.0,0.0,0.0,2.512385578121824e-16,true,3.5792942132759536e-21,true,2.5123855781218246e-16,0.0024169000098481774,0.00041199999395757914,294,full
3254,2,76,3,3,true,false,0,0,30,1.7242960673237927e-16,2.2338421492844935e-16,3,1,1,0,4,1,true,0.0,0.0,0.0,0.0,0.0,0.0,2.3447696422384505e-16,true,4.471211777234852e-22,true,2.344998456979585e-16,0.0019604999688453972,0.00041779997991397977,152,full
3255,2,85,2,5,true,false,0,0,21,2.1911310204823569e-16,2.0924690916780017e-16,2,3,1,1,12,2,true,0.0,0.0,0.0,0.0,0.0,0.0,2.356846811947409e-16,true,4.50547343052218e-22,true,2.3484339028923888e-16,0.001335600041784346,0.00036810000892728567,170,full
3256,11,99,3,2,true,false,0,0,300,1.812454765588645e-15,1.103798812196027e-15,10,16,4,2,37,8,true,0.0,0.0,0.0,0.0,0.0,0.0,4.623819895143042e-15,true,6.605456993061519e-16,true,3.963274195836893e-15,0.006355400022584945,0.0005366999539546669,1089,full
3257,2,227,3,1,false,false,0,0,324,2.27183686882877e-16,2.3291647862793146e-16,3,1,1,0,23,2,true,0.0,0.0,0.0,0.0,0.0,0.0,5.202095051689925e-16,true,0.0,true,5.204643294807191e-16,0.00963179999962449,0.0005608000210486352,454,full
3258,12,122,2,2,false,false,0,0,473,4.543540486508052e-16,3.3987113875453933e-16,12,20,3,3,60,10,true,0.0,0.0,0.0,0.0,0.0,0.0,1.39054562381747e-15,true,2.7592233544632496e-16,true,1.3817173796439573e-15,0.008810299972537905,0.0005947000463493168,1464,full
3259,6,65,2,5,true,false,0,0,55,3.15632146954823e-16,1.6657295801058374e-16,10,14,0,3,23,5,true,0.0,0.0,0.0,0.0,0.0,0.0,2.361039533385372e-16,true,2.3610395333853726e-16,true,2.35955051930286e-16,0.0021359999664127827,0.00038460001815110445,390,full
3260,9,298,3,2,false,false,0,0,972,9.541618316401538e-16,1.1087581795942325e-15,8,15,0,2,120,8,true,0.0,0.0,0.0,0.0,0.0,0.0,1.1660752378872892e-15,true,5.826218594152365e-16,true,1.2029977871410687e-15,0.019431900000199676,0.0008595000253990293,2682,full
3261,2,92,3,5,true,false,0,0,15,1.9653430349089373e-16,1.9653430349089383e-16,1,1,1,0,12,1,true,0.0,0.0,0.0,0.0,0.0,0.0,5.091737964323571e-16,true,3.68315136872925e-21,true,5.091737964323573e-16,0.0012069999938830733,0.00036860001273453236,184,full
3262,8,267,2,3,false,true,1,0,456,2.8937575863121974e-16,3.4986995815411716e-16,11,9,3,2,77,5,,,,,,,,,true,2.499904114161387e-16,,,0.011895300005562603,0.0007111000013537705,2136,full
3263,6,146,1,3,true,false,0,0,218,3.8690427263401954e-16,2.9058849532964784e-16,5,11,2,2,37,6,true,0.0,0.0,0.0,0.0,0.0,0.0,9.738423528684884e-16,true,8.076912570444576e-16,true,9.152277316608288e-16,0.005279399978462607,0.0005167999770492315,876,full
3264,12,50,3,2,true,false,0,0,171,3.458684387625484e-16,3.550310906627855e-16,12,10,3,4,29,8,true,0.0,0.0,0.0,0.0,0.0,0.0,1.349881010579749e-15,true,1.0641528102055417e-15,true,4.597952359506007e-16,0.003788999980315566,0.00045600003795698285,600,full
3265,6,179,2,2,true,false,0,0,372,4.2768101091594215e-16,2.5844033627545423e-16,5,15,0,4,36,4,true,0.0,0.0,0.0,0.0,0.0,0.0,7.239538885853166e-16,true,1.181330864508774e-16,true,7.256742310770344e-16,0.008481800032313913,0.0005841999663971364,1074,full
3266,5,177,3,1,true,false,0,0,583,4.2909558780272874e-16,3.1480017772556223e-16,6,9,1,1,30,2,true,0.0,0.0,0.0,0.0,0.0,0.0,7.355818241504915e-16,true,2.4542242279085924e-16,true,7.347398078278912e-16,0.011331699963193387,0.0006762000266462564,885,full
3267,9,286,1,5,false,false,0,0,300,5.022061690305584e-16,6.171761798203342e-16,9,14,4,5,100,4,true,0.0,0.0,0.0,0.0,0.0,0.0,8.60331419151723e-16,true,4.867196351534627e-16,true,8.381809126472442e-16,0.009369999985210598,0.00070090004010126,2574,full
3268,7,273,3,3,true,false,0,0,478,3.567716967682971e-16,2.935136123044458e-16,7,12,0,1,90,6,true,0.0,0.0,0.0,0.0,0.0,0.0,9.377224687033195e-16,true,6.051169080815762e-16,true,1.402251870767688e-15,0.01279080001404509,0.0008132999646477401,1911,full
3269,2,149,3,2,true,false,0,0,109,2.223499058289234e-16,2.2234990582892347e-16,1,3,0,2,20,2,true,0.0,0.0,0.0,0.0,0.0,0.0,2.3819927358204982e-16,true,8.944391358228883e-22,true,2.3804109102856e-16,0.004158700001426041,0.00047969998558983207,298,full
3270,2,102,3,2,false,false,0,0,48,2.091837814077735e-16,4.2555485640038124e-16,4,2,2,1,8,2,true,0.0,0.0,0.0,0.0,0.0,0.0,4.429023815463757e-16,true,0.0,true,4.473461172203242e-16,0.0023132000351324677,0.00040119996992871165,204,full
3271,12,150,2,3,true,false,0,0,392,5.081506111545726e-16,5.687365643432157e-16,14,14,3,3,49,10,true,0.0,0.0,0.0,0.0,0.0,0.0,1.5703912203285746e-15,true,4.486832058081642e-16,true,1.7947328232326595e-15,0.009474600024987012,0.0007945999968796968,1800,full
3272,12,243,1,2,true,false,0,0,1029,1.3318151494432006e-15,8.824179456135153e-16,8,17,4,2,124,11,true,0.0,0.0,0.0,0.0,0.0,0.0,6.365900926712685e-15,true,4.921465740070203e-16,true,6.317021053415094e-15,0.017587699985597283,0.0009509000228717923,2916,full
3273,2,273,3,2,true,false,0,0,217,3.055541299909221e-16,3.5364218182071243e-16,2,4,0,1,34,1,true,0.0,0.0,0.0,0.0,0.0,0.0,7.030482397020921e-16,true,1.1215721900276416e-16,true,7.025796502402643e-16,0.008127500012051314,0.000560699962079525,546,full
3274,10,203,3,4,false,false,0,0,305,4.13169294368478e-16,6.872124655260064e-16,5,12,2,4,102,8,true,0.0,0.0,0.0,0.0,0.0,0.0,1.3482951538374812e-15,true,2.3613422420105e-16,true,1.4036680146914173e-15,0.009208800038322806,0.0007534999749623239,2030,full
3275,3,60,2,4,false,false,0,0,27,1.3084979192088667e-16,2.2983438383809065e-16,1,4,1,1,10,1,true,0.0,0.0,0.0,0.0,0.0,0.0,2.4187304651933153e-16,true,1.201192353722116e-16,true,2.422650097065948e-16,0.0013126999838277698,0.0004797999863512814,180,full
3276,9,244,3,4,false,false,0,0,303,3.0262816350066068e-16,2.395582146318322e-16,10,19,3,2,87,6,true,0.0,0.0,0.0,0.0,0.0,0.0,5.095721416392462e-16,true,4.588248193285324e-16,true,6.366620926814103e-16,0.010477699979674071,0.0007131000165827572,2196,full
3277,11,188,1,3,true,false,0,0,433,5.305542151910278e-16,3.32566678519301e-16,14,19,3,7,68,8,true,0.0,0.0,0.0,0.0,0.0,0.0,1.1482816474122145e-15,true,1.2874579630800165e-16,true,1.1481677718368242e-15,0.009341700002551079,0.0007017999887466431,2068,full
3278,11,121,1,2,true,false,0,0,464,4.1709983599980043e-16,4.1896856872550803e-16,13,12,3,1,57,8,true,0.0,0.0,0.0,0.0,0.0,0.0,2.2833619910167866e-15,true,6.303442520080335e-16,true,1.7759482152352824e-15,0.00839019997511059,0.0005944000440649688,1331,full
3279,4,231,3,2,true,false,0,0,296,3.8430560933575e-16,2.701190712150954e-16,4,6,1,2,42,3,true,0.0,0.0,0.0,0.0,0.0,0.0,1.0933129383488828e-15,true,1.3793349061753838e-16,true,1.0955750196816684e-15,0.00840960000641644,0.0005784000386483967,924,full
3280,10,163,3,1,true,true,1,0,1093,6.748572229596046e-16,5.741041276037644e-16,13,19,2,3,67,7,,,,,,,,,true,2.4630225523529913e-16,,,0.015040999976918101,0.0008236999856308103,1630,full
3281,6,299,2,5,true,false,0,0,195,4.2287816827428247e-16,3.080756377185539e-16,6,7,2,2,58,6,true,0.0,0.0,0.0,0.0,0.0,0.0,8.71475159216229e-16,true,2.541274093252169e-16,true,9.2641609670487e-16,0.008102699997834861,0.0006204000092111528,1794,full
3282,11,257,3,1,true,false,0,0,1960,6.654413892293939e-16,6.048498594170727e-16,13,14,2,3,123,8,true,0.0,0.0,0.0,0.0,0.0,0.0,4.625336844988109e-15,true,2.727232486706747e-16,true,4.605492254350202e-15,0.02621270000236109,0.0012873000232502818,2827,full
3283,8,209,3,1,true,true,2,0,1078,7.629534951559397e-16,4.3937605751466874e-16,9,12,2,4,63,6,,,,,,,,,true,2.430823512945439e-16,,,0.016642700007651,0.000770999991800636,1672,full
3284,11,229,2,3,true,false,0,0,452,4.830950105876775e-16,5.278305346151902e-16,9,14,4,4,90,8,true,0.0,0.0,0.0,0.0,0.0,0.0,1.87604749129206e-15,true,3.1465852687816554e-16,true,1.8787010999616863e-15,0.011807899980340153,0.0006971000111661851,2519,full
3285,6,276,3,5,true,false,0,0,204,2.927144679153547e-16,2.7238397739529545e-16,2,8,3,2,69,6,true,0.0,0.0,0.0,0.0,0.0,0.0,4.799635622489201e-16,true,1.217833565900922e-16,true,5.868115563960706e-16,0.008686400018632412,0.0006036999984644353,1656,full
3286,8,86,3,1,true,true,2,0,444,4.698974819854393e-16,4.3179589542750555e-16,3,9,2,3,32,6,,,,,,,,,true,7.38325232325308e-16,,,0.0075659999856725335,0.0005255000432953238,688,full
3287,4,94,3,4,true,false,0,0,51,2.513024006199991e-16,1.774919810313884e-16,5,10,1,0,15,3,true,0.0,0.0,0.0,0.0,0.0,0.0,9.441367423586483e-16,true,1.1751575955217935e-16,true,9.441367423586493e-16,0.002464899967890233,0.0004110000445507467,376,full
3288,2,276,1,3,false,false,0,0,146,2.835584839997661e-16,2.5447336277551377e-16,0,0,0,0,39,1,true,0.0,0.0,0.0,0.0,0.0,0.0,4.401701410171049e-16,true,0.0,true,4.427338724397677e-16,0.006592600024305284,0.000546799972653389,552,full
3289,11,257,3,1,true,false,0,0,1805,7.383132015681813e-16,7.84440735082736e-16,11,22,3,0,97,9,true,0.0,0.0,0.0,0.0,0.0,0.0,1.748433776603971e-15,true,1.3101405104085062e-15,true,2.6517496121167057e-15,0.025097600009758025,0.0010523999808356166,2827,full
3290,3,149,2,2,true,true,1,0,185,2.563428872353545e-16,3.355540729554749e-16,4,7,0,0,25,3,,,,,,,,,true,2.225927612677369e-16,,,0.005607099970802665,0.00045849999878555536,447,full
3291,10,157,3,4,true,false,0,0,233,6.339087022965005e-16,4.2072791671052607e-16,6,16,5,3,47,8,true,0.0,0.0,0.0,0.0,0.0,0.0,8.932146575239446e-16,true,6.100775480748277e-16,true,9.051698109956108e-16,0.006991499976720661,0.0005830000154674053,1570,full
3292,10,61,1,3,false,false,0,0,138,3.458813378134846e-16,3.7477601295465695e-16,14,16,3,1,25,6,true,0.0,0.0,0.0,0.0,0.0,0.0,6.884828362776141e-16,true,2.292975414715217e-16,true,5.507862690220912e-16,0.003095499996561557,0.0006485999911092222,610,full
3293,12,224,3,5,true,false,0,0,315,3.63510003419071e-16,2.9407691710471216e-16,15,13,4,5,84,5,true,0.0,0.0,0.0,0.0,0.0,0.0,1.8259229545639364e-15,true,5.822791864127367e-16,true,1.828786638666957e-15,0.009952399996109307,0.0006795000517740846,2688,full
3294,10,276,1,1,false,false,0,0,1695,4.2535223901613065e-16,4.445308158625638e-16,12,15,5,3,109,7,true,0.0,0.0,0.0,0.0,0.0,0.0,7.218316899659387e-16,true,5.309415718270009e-16,true,9.742339534911824e-16,0.02413109998451546,0.0011667999788187444,2760,full
3295,2,251,3,2,true,false,0,0,190,2.1060503345704698e-16,3.2934303505459804e-16,2,4,1,0,27,2,true,0.0,0.0,0.0,0.0,0.0,0.0,7.791308201078817e-16,true,2.0124350192889872e-21,true,7.783510363805496e-16,0.007381599978543818,0.0007139000226743519,502,full
3296,12,135,3,1,true,true,1,0,1113,5.034512064423437e-16,2.5437074050621386e-16,9,16,2,1,80,10,,,,,,,,,true,2.6769366826054154e-16,,,0.013969100022222847,0.0009150999831035733,1620,full
3297,3,297,1,2,true,false,0,0,311,6.324709793617619e-16,4.3971791898484276e-16,1,3,0,2,41,3,true,0.0,0.0,0.0,0.0,0.0,0.0,3.0447845928100923e-15,true,3.0570409253566265e-16,true,3.0863813980559738e-15,0.009427100012544543,0.0006259999936446548,891,full
3298,11,235,1,4,true,false,0,0,317,5.954213825154647e-16,6.298106134846682e-16,10,13,7,7,82,10,true,0.0,0.0,0.0,0.0,0.0,0.0,1.302668682801607e-15,true,8.883717627760668e-16,true,1.3026686828016087e-15,0.008827900048345327,0.0007063999655656517,2585,full
3299,3,253,3,1,true,false,0,0,594,4.106360391364539e-16,3.124924145873506e-16,5,5,0,0,35,2,true,0.0,0.0,0.0,0.0,0.0,0.0,3.0075799936153928e-15,true,6.05647604312423e-16,true,3.3962799660813867e-15,0.012967300019226968,0.0006538000307045877,759,full
3300,5,175,1,2,true,false,0,0,323,3.027602101242263e-16,2.590072037397741e-16,7,11,2,1,35,4,true,0.0,0.0,0.0,0.0,0.0,0.0,1.0055776155097717e-15,true,1.2583417864599098e-16,true,9.023836685934226e-16,0.007635900052264333,0.0006271999445743859,875,full
3301,5,158,1,4,true,false,0,0,144,2.5105533848109155e-16,2.960459903305831e-16,10,9,0,3,33,3,true,0.0,0.0,0.0,0.0,0.0,0.0,6.948850950774439e-16,true,2.4981765318568733e-16,true,7.291665728584436e-16,0.005083800002466887,0.0005191999953240156,790,full
3302,8,66,2,3,false,false,0,0,119,7.421818421627564e-16,6.110725730238967e-16,11,10,2,3,20,7,true,0.0,0.0,0.0,0.0,0.0,0.0,4.625314727560892e-16,true,4.563477385670963e-16,true,6.845216078506444e-16,0.0029161000275053084,0.00046939996536821127,528,full
3303,4,228,1,2,true,false,0,0,236,3.118511550365035e-16,2.6035375522480016e-16,4,8,2,2,26,3,true,0.0,0.0,0.0,0.0,0.0,0.0,4.558511692722189e-16,true,2.955871574406455e-17,true,4.558511692722191e-16,0.007392900006379932,0.0005842999671585858,912,full
3304,7,204,3,5,false,false,0,0,219,2.505228911936308e-16,2.1689778003194782e-16,6,12,1,1,70,5,true,0.0,0.0,0.0,0.0,0.0,0.0,4.561391860098386e-16,true,4.54934919100445e-16,true,6.864639181453918e-16,0.0074902999913319945,0.0005701999762095511,1428,full
3305,9,51,3,1,true,false,0,0,343,8.938588073472544e-16,4.415534790553249e-16,7,21,1,1,31,6,true,0.0,0.0,0.0,0.0,0.0,0.0,1.9970697952425333e-15,true,2.3775100404425703e-16,true,1.9011585813103214e-15,0.005209899973124266,0.00046529999235644937,459,full
3306,3,210,1,5,false,false,0,0,86,3.4037616029479493e-16,3.2450487842728727e-16,1,3,1,0,20,3,true,0.0,0.0,0.0,0.0,0.0,0.0,4.785456583538707e-16,true,2.4575435462223493e-16,true,4.78545658353871e-16,0.003802000021096319,0.0004929999704472721,630,full
3307,8,273,3,1,false,false,0,0,1000,2.876869386958232e-16,2.5087039068981464e-16,10,16,3,2,72,5,true,0.0,0.0,0.0,0.0,0.0,0.0,2.1628376560554268e-15,true,2.369976449306717e-16,true,2.039360674595311e-15,0.01806969998870045,0.0008567000040784478,2184,full
3308,7,286,1,2,true,false,0,0,608,3.7833211213873276e-16,3.107512982814729e-16,8,13,2,4,79,4,true,0.0,0.0,0.0,0.0,0.0,0.0,9.136900913039855e-16,true,6.807736608635225e-16,true,1.0360018916561306e-15,0.013606799999251962,0.0008206000202335417,2002,full
3309,10,99,1,5,true,false,0,0,125,3.8428945906463187e-16,2.4727869711205584e-16,10,11,3,4,46,8,true,0.0,0.0,0.0,0.0,0.0,0.0,6.138063587876855e-16,true,3.6828381527261134e-16,true,6.898749546918557e-16,0.003868799947667867,0.0004962000530213118,990,full
3310,2,278,2,1,false,false,0,0,286,3.1202826806130035e-16,2.2925450797217403e-16,2,3,1,1,19,2,true,0.0,0.0,0.0,0.0,0.0,0.0,3.7423679359374493e-16,true,0.0,true,3.726869515879918e-16,0.010283400013577193,0.000590900017414242,556,full
3311,3,251,2,4,false,false,0,0,153,2.9982100851311515e-16,2.546644936991246e-16,5,3,1,1,29,2,true,0.0,0.0,0.0,0.0,0.0,0.0,5.041319489464674e-16,true,2.4150513347170643e-16,true,5.050444668713553e-16,0.006025300011970103,0.000756800000090152,753,full
3312,6,266,3,2,true,false,0,0,475,5.134999871988111e-16,3.588470699979623e-16,6,13,3,3,58,4,true,0.0,0.0,0.0,0.0,0.0,0.0,9.081768310496109e-16,true,2.2153727024373664e-16,true,9.081768310496117e-16,0.011469500022940338,0.000652400020044297,1596,full
3313,7,115,3,2,false,false,0,0,194,6.1430685969747775e-16,4.784167415005446e-16,6,9,5,4,23,6,true,0.0,0.0,0.0,0.0,0.0,0.0,1.3274095470590758e-15,true,3.4650489619018843e-16,true,1.3860195847607551e-15,0.004733100009616464,0.0004764999612234533,805,full
3314,3,253,3,1,false,false,0,0,597,3.9949406037800303e-16,2.256891592219564e-16,4,6,0,2,39,2,true,0.0,0.0,0.0,0.0,0.0,0.0,1.1106551753641047e-15,true,1.2434062896726035e-16,true,1.112610294144751e-15,0.014628599979914725,0.000846699986141175,759,full
3315,10,192,1,4,false,false,0,0,343,5.430423739708424e-16,4.240589027797397e-16,6,19,4,3,76,6,true,0.0,0.0,0.0,0.0,0.0,0.0,1.1750748076686118e-15,true,2.849385430715772e-16,true,1.1672149760243881e-15,0.008498300041537732,0.0008617999847047031,1920,full
3316,5,291,1,3,true,false,0,0,387,2.772657791226621e-16,3.1914522508689953e-16,5,10,0,1,60,4,true,0.0,0.0,0.0,0.0,0.0,0.0,9.521159713684397e-16,true,2.1980430669244048e-16,true,9.534202247995141e-16,0.010812499967869371,0.0006659000064246356,1455,full
3317,8,132,3,2,true,false,0,0,278,4.0786969592799883e-16,4.0694060778237695e-16,8,3,4,4,43,4,true,0.0,0.0,0.0,0.0,0.0,0.0,1.0934918484487747e-15,true,5.071546649823373e-16,true,7.434289494333058e-16,0.006569600023794919,0.0005256999866105616,1056,full
3318,7,200,3,1,true,false,0,0,869,4.565233043873719e-16,3.637465692508966e-16,9,12,3,1,48,7,true,0.0,0.0,0.0,0.0,0.0,0.0,8.71913722865301e-16,true,2.229340840148995e-16,true,8.719137228653018e-16,0.014285900047980249,0.0007832999690435827,1400,full
3319,3,150,3,2,false,false,0,0,164,1.8211113622101354e-16,1.6315934284465808e-16,4,6,1,1,20,1,true,0.0,0.0,0.0,0.0,0.0,0.0,2.328422345556815e-16,true,1.1611403911149101e-16,true,2.3284223455568153e-16,0.0050131999887526035,0.0004932000301778316,450,full
3320,5,86,3,1,true,false,0,0,164,2.598479002728187e-16,2.4670478328380724e-16,4,10,4,2,12,5,true,0.0,0.0,0.0,0.0,0.0,0.0,1.1685287221221734e-15,true,1.4540694080473135e-17,true,1.1694495617444117e-15,0.0043471999815665185,0.00046900002053007483,430,full
3321,4,196,1,5,false,false,0,0,119,4.69406063169034e-16,2.7584306302882055e-16,2,1,1,0,37,3,true,0.0,0.0,0.0,0.0,0.0,0.0,6.052027278421643e-16,true,4.330538616668213e-16,true,8.661077233336429e-16,0.004631899995729327,0.0005042999982833862,784,full
3322,11,77,1,2,false,false,0,0,278,3.0774937796732247e-16,2.514389700254073e-16,19,16,5,3,38,7,true,0.0,0.0,0.0,0.0,0.0,0.0,5.657890040961994e-16,true,2.451747192015102e-16,true,5.652842455865081e-16,0.0053316999692469835,0.000874500023201108,847,full
3323,8,104,1,3,true,false,0,0,171,3.866885669915411e-16,4.790832382776901e-16,6,18,2,2,37,5,true,0.0,0.0,0.0,0.0,0.0,0.0,4.454995846163686e-16,true,2.2428533783785596e-16,true,4.454995846163686e-16,0.004369399975985289,0.00047149998135864735,832,full
3324,6,136,3,2,true,false,0,0,162,2.777294125964872e-16,2.914063156500436e-16,8,8,5,2,21,3,true,0.0,0.0,0.0,0.0,0.0,0.0,1.2951391806668603e-15,true,5.200014159585821e-16,true,1.8008258953746723e-15,0.004880900029093027,0.0005049000028520823,816,full
3325,2,61,3,1,true,false,0,0,64,2.9640907314924454e-16,2.9640907314924454e-16,0,4,1,1,3,1,true,0.0,0.0,0.0,0.0,0.0,0.0,0.0,true,8.913833711442333e-22,true,8.913833711442333e-22,0.0023876000195741653,0.0004097999772056937,122,full
3326,7,226,2,2,true,false,0,0,389,4.09942640587677e-16,2.933367339316268e-16,7,6,3,4,45,6,true,0.0,0.0,0.0,0.0,0.0,0.0,9.639736858369283e-16,true,2.3268448533275183e-16,true,9.639736858369283e-16,0.01026760000968352,0.00076299998909235,1582,full
3327,2,149,2,4,false,false,0,0,37,1.4614813002834728e-16,1.9654580640840108e-16,3,5,1,1,4,1,true,0.0,0.0,0.0,0.0,0.0,0.0,2.3746034506301214e-16,true,0.0,true,2.3814535888679877e-16,0.002246399992145598,0.0004199999966658652,298,full
3328,3,78,2,4,true,false,0,0,37,3.4799949709203257e-16,2.0999140803840115e-16,2,1,1,0,14,3,true,0.0,0.0,0.0,0.0,0.0,0.0,8.789801629965991e-16,true,1.5022218690508387e-17,true,8.789801629965991e-16,0.0017923999694176018,0.0003989000106230378,234,full
3329,6,231,1,3,false,false,0,0,272,2.45067025521672e-16,2.713838749027756e-16,8,8,3,1,55,5,true,0.0,0.0,0.0,0.0,0.0,0.0,6.826394608573376e-16,true,2.4810742670603676e-16,true,8.174511934982171e-16,0.008130399975925684,0.0006240000366233289,1386,full
3330,5,224,1,2,false,false,0,0,316,2.237728280254553e-16,3.170281499271126e-16,3,9,2,3,23,5,true,0.0,0.0,0.0,0.0,0.0,0.0,6.635749067805538e-16,true,2.2357786713516205e-16,true,4.953628368182035e-16,0.007992000028025359,0.0007042000070214272,1120,full
3331,3,276,1,2,false,false,0,0,189,2.290444336798563e-16,1.959072295059475e-16,2,6,1,1,34,2,true,0.0,0.0,0.0,0.0,0.0,0.0,4.989879034011065e-16,true,0.0,true,4.951135537051858e-16,0.007469700009096414,0.0005853000329807401,828,full
3332,6,173,3,5,true,false,0,0,144,3.260355281802751e-16,1.9639820569543988e-16,7,6,1,1,43,4,true,0.0,0.0,0.0,0.0,0.0,0.0,7.041734668701372e-16,true,3.511887401189459e-16,true,7.041734668701377e-16,0.005911200016271323,0.0005634999834001064,1038,full
3333,5,137,3,4,true,false,0,0,87,5.310313674418285e-16,4.12199173328972e-16,5,11,2,2,16,5,true,0.0,0.0,0.0,0.0,0.0,0.0,7.651134497009967e-16,true,2.42452802828531e-16,true,9.698112113141246e-16,0.0037876999704167247,0.0004721000441350043,685,full
3334,3,117,3,1,true,false,0,0,280,2.0173909708110797e-16,1.9423082978647113e-16,3,3,0,1,23,2,true,0.0,0.0,0.0,0.0,0.0,0.0,5.840798691289416e-16,true,1.1706817253697675e-16,true,5.840798691289416e-16,0.006128400040324777,0.00048149999929592013,351,full
3335,6,132,3,4,true,false,0,0,114,4.1569105346337204e-16,5.382911798304497e-16,9,9,2,3,28,4,true,0.0,0.0,0.0,0.0,0.0,0.0,7.194187472528988e-16,true,2.4451293658202354e-16,true,7.208742421890202e-16,0.003984600014518946,0.0004746000049635768,792,full
3336,10,113,3,1,true,false,0,0,904,1.0666333005893725e-15,7.938189263441684e-16,3,14,0,2,47,5,true,0.0,0.0,0.0,0.0,0.0,0.0,4.684978083599214e-15,true,4.293366744510682e-16,true,4.549415209007203e-15,0.011603099992498755,0.0006152000278234482,1130,full
3337,9,181,1,2,false,false,0,0,513,2.7868807896870227e-16,2.238406808884956e-16,9,8,4,3,59,6,true,0.0,0.0,0.0,0.0,0.0,0.0,7.190532799917975e-16,true,2.469426282779252e-16,true,7.19053279991798e-16,0.009832300012931228,0.0006419999990612268,1629,full
3338,7,63,3,3,true,false,0,0,85,2.5084598534144953e-16,2.353743343717724e-16,7,11,1,3,16,6,true,0.0,0.0,0.0,0.0,0.0,0.0,1.305696114146546e-15,true,2.215287852910797e-16,true,1.3076231018875372e-15,0.0025422999751754105,0.00044710002839565277,441,full
3339,10,109,1,2,false,false,0,0,365,3.324120867879141e-16,3.374308182226926e-16,13,17,2,3,50,8,true,0.0,0.0,0.0,0.0,0.0,0.0,7.042034467256188e-16,true,4.734985323114756e-16,true,4.668543581404021e-16,0.007003100006841123,0.0005818000063300133,1090,full
3340,10,134,2,3,false,false,0,0,299,3.6995086774900884e-16,2.9201447063046796e-16,7,15,3,2,59,7,true,0.0,0.0,0.0,0.0,0.0,0.0,7.949770523745601e-16,true,2.5735712539061486e-16,true,7.918740594082389e-16,0.006981900020036846,0.0005578999989666045,1340,full
3341,9,91,1,2,true,false,0,0,224,4.3638776356807205e-16,3.889135477058926e-16,9,16,3,2,28,8,true,0.0,0.0,0.0,0.0,0.0,0.0,1.795583070128636e-15,true,6.013664505007244e-16,true,1.323285638880493e-15,0.004852699988987297,0.0005194999976083636,819,full
3342,10,75,3,4,true,false,0,0,114,3.9358351997259663e-16,3.676101471034746e-16,8,19,4,3,24,9,true,0.0,0.0,0.0,0.0,0.0,0.0,8.65799193237248e-16,true,2.1913126093061272e-16,true,8.765250437224513e-16,0.003557099960744381,0.00047170004108920693,750,full
3343,7,65,1,3,true,false,0,0,77,2.388954955970111e-16,2.9047594613807615e-16,2,7,2,2,19,6,true,0.0,0.0,0.0,0.0,0.0,0.0,3.4319691538412645e-16,true,2.287979435894176e-16,true,3.403398172956889e-16,0.002356700017116964,0.00041340000461786985,455,full
3344,3,128,1,3,true,false,0,0,79,3.14768508573957e-16,1.9022331816447784e-16,5,7,1,1,16,2,true,0.0,0.0,0.0,0.0,0.0,0.0,5.054802203958106e-16,true,1.2577883959996243e-16,true,6.288941979998119e-16,0.003285100043285638,0.00044079998042434454,384,full
3345,5,157,2,4,false,false,0,0,101,1.7544363855151114e-16,2.1679523574980984e-16,6,10,2,3,17,5,true,0.0,0.0,0.0,0.0,0.0,0.0,2.4711466160247743e-16,true,2.3074375032576627e-16,true,2.47151577204415e-16,0.0038035999750718474,0.00047939998330548406,785,full
3346,8,158,2,5,false,false,0,0,176,3.5630412528286253e-16,2.6828502789104227e-16,7,11,2,0,70,6,true,0.0,0.0,0.0,0.0,0.0,0.0,6.08047529617528e-16,true,2.4616422340976357e-16,true,6.131538803737037e-16,0.005950800026766956,0.0005454999627545476,1264,full
3347,2,270,2,5,true,false,0,0,62,2.953080303461928e-16,4.458714986215568e-16,2,2,1,0,22,1,true,0.0,0.0,0.0,0.0,0.0,0.0,1.3323193877072695e-15,true,1.016183322195356e-21,true,1.3323193877072713e-15,0.0061042000306770205,0.0006551999831572175,540,full
3348,7,107,3,5,false,false,0,0,83,2.7708831103762153e-16,1.8081357915215796e-16,6,11,4,2,25,3,true,0.0,0.0,0.0,0.0,0.0,0.0,2.5069689681017943e-16,true,1.2525566747610467e-16,true,3.716775373285872e-16,0.003605599980801344,0.0006887000054121017,749,full
3349,8,63,2,4,true,false,0,0,74,4.43856037944794e-16,3.0416780467731405e-16,5,12,4,3,12,5,true,0.0,0.0,0.0,0.0,0.0,0.0,4.313008759761897e-16,true,2.1782047856992223e-16,true,4.313008759761899e-16,0.0023574000224471092,0.00045280001359060407,504,full
3350,6,63,2,3,true,false,0,0,88,3.234663849748783e-16,3.5451654300679863e-16,3,10,2,1,14,4,true,0.0,0.0,0.0,0.0,0.0,0.0,4.4271334151092885e-16,true,2.2403974787992826e-16,true,4.480794957598566e-16,0.002452599990647286,0.0004113000468350947,378,full
3351,5,282,1,4,false,false,0,0,189,3.518797992497557e-16,2.328704892858582e-16,6,6,4,0,46,5,true,0.0,0.0,0.0,0.0,0.0,0.0,6.384005369239004e-16,true,2.173728078017119e-16,true,8.465074633439476e-16,0.006638900027610362,0.0006972999544814229,1410,full
3352,11,121,3,2,true,false,0,0,462,3.9669313775672746e-16,4.843806596106875e-16,13,16,1,3,56,3,true,0.0,0.0,0.0,0.0,0.0,0.0,9.361096987875078e-16,true,2.175464015093613e-16,true,9.294347262906107e-16,0.009138799970969558,0.0006562999915331602,1331,full
3353,10,288,1,1,true,false,0,0,2100,2.05141869969113e-15,1.8370580311176162e-15,4,19,5,0,124,6,true,0.0,0.0,0.0,0.0,0.0,0.0,2.1065385955047357e-14,true,7.365859589868936e-16,true,2.0338993335908222e-14,0.028754100028891116,0.0011691999970935285,2880,full
3354,8,71,3,4,true,false,0,0,93,2.7464445658637463e-16,4.469707777896951e-16,8,6,0,2,30,7,true,0.0,0.0,0.0,0.0,0.0,0.0,1.4572765898804636e-15,true,1.2080580908266651e-16,true,1.5704755180746627e-15,0.002911600051447749,0.0004275999963283539,568,full
3355,5,220,3,5,false,false,0,0,131,2.9684575364917126e-16,2.814878327147357e-16,4,9,2,2,33,4,true,0.0,0.0,0.0,0.0,0.0,0.0,1.1341997666525246e-15,true,6.702410198007855e-16,true,6.805198599915155e-16,0.006035299971699715,0.0007589000160805881,1100,full
3356,6,228,2,4,false,false,0,0,209,3.501383692694591e-16,3.230598070705977e-16,9,5,3,1,60,5,true,0.0,0.0,0.0,0.0,0.0,0.0,5.49994211985457e-16,true,2.4543588094979854e-16,true,5.553694563648455e-16,0.006604099995456636,0.0005517000099644065,1368,full
3357,6,107,1,1,false,false,0,0,314,3.6181374112224326e-16,3.932615875270822e-16,5,9,2,3,13,4,true,0.0,0.0,0.0,0.0,0.0,0.0,8.383614271264519e-16,true,2.6341437501244657e-16,true,8.94182944954136e-16,0.006712600006721914,0.0004958999925293028,642,full
3358,9,71,2,1,true,false,0,0,455,8.563782481122626e-16,1.0882809834314286e-15,9,11,3,2,30,8,true,0.0,0.0,0.0,0.0,0.0,0.0,5.235649158094254e-15,true,1.374670715913389e-15,true,4.363040965078545e-15,0.006246700009796768,0.0005559999844990671,639,full
3359,11,64,1,2,true,false,0,0,241,4.466874586064514e-16,2.7937501713170685e-16,12,8,3,4,28,8,true,0.0,0.0,0.0,0.0,0.0,0.0,9.411978858870488e-16,true,7.454349915278043e-16,true,1.0002618195761031e-15,0.004368700028862804,0.0004945999826304615,704,full
3360,8,103,2,5,false,false,0,0,122,2.0325009664580187e-16,1.8405441610758447e-16,8,11,1,3,32,6,true,0.0,0.0,0.0,0.0,0.0,0.0,3.653384581069136e-16,true,2.4048473266425006e-16,true,2.444237155423331e-16,0.0038944000261835754,0.000547399977222085,824,full
3361,7,126,1,1,true,false,0,0,510,3.3217937487357116e-16,2.941456745058608e-16,8,17,3,1,35,6,true,0.0,0.0,0.0,0.0,0.0,0.0,8.76951706101776e-16,true,4.39794007716553e-16,true,1.2785079455934827e-15,0.008841000031679869,0.0005923999706283212,882,full
3362,5,104,3,4,false,false,0,0,62,1.8711024382608295e-16,1.531393778524136e-16,6,10,1,2,20,5,true,0.0,0.0,0.0,0.0,0.0,0.0,2.5450046546329264e-16,true,1.26811327307224e-16,true,2.545006884082644e-16,0.002664900035597384,0.0006060000159777701,520,full
3363,2,281,2,1,true,true,1,0,432,3.1170667150955215e-16,2.5884389968592185e-16,4,4,1,0,30,1,,,,,,,,,true,4.675341552448851e-16,,,0.012143599975388497,0.0006842000293545425,562,full
3364,7,123,3,3,true,false,0,0,208,4.390529450169485e-16,2.4666181648357503e-16,8,8,1,2,36,5,true,0.0,0.0,0.0,0.0,0.0,0.0,9.471161724609703e-16,true,2.316908841944074e-16,true,9.307953239794565e-16,0.005367400008253753,0.0004905000096186996,861,full
3365,10,92,1,2,true,false,0,0,283,3.1823935831857783e-16,4.36276760647794e-16,11,19,2,1,38,7,true,0.0,0.0,0.0,0.0,0.0,0.0,6.677809486029175e-16,true,2.3556458131586455e-16,true,5.730280196242933e-16,0.005297299998346716,0.0005405000410974026,920,full
3366,5,128,2,4,false,false,0,0,83,1.4480664269417256e-16,1.3548226671884838e-16,6,10,2,2,14,4,true,0.0,0.0,0.0,0.0,0.0,0.0,4.430886104145188e-16,true,4.431815624303596e-16,true,2.234156029082647e-16,0.0030175999854691327,0.00044450000859797,640,full
3367,8,60,3,1,false,false,0,0,311,2.9155238508719984e-16,2.7576397232469765e-16,4,13,2,4,20,8,true,0.0,0.0,0.0,0.0,0.0,0.0,7.167669157234697e-16,true,4.711208633172993e-16,true,4.803395305951646e-16,0.004618899954948574,0.00046360003761947155,480,full
3368,12,214,1,4,false,false,0,0,464,8.34276256667931e-16,7.665725009089701e-16,10,21,2,2,113,7,true,0.0,0.0,0.0,0.0,0.0,0.0,9.408578048766094e-16,true,1.2157845300417528e-15,true,1.8236767950626303e-15,0.01083639997523278,0.000660100020468235,2568,full
3369,7,123,2,1,true,false,0,0,587,4.1693100134346653e-16,4.1693100134346613e-16,8,19,2,3,38,6,true,0.0,0.0,0.0,0.0,0.0,0.0,1.766760586097601e-15,true,1.1609046901808478e-16,true,1.7466476154681084e-15,0.009396700013894588,0.0005887000006623566,861,full
3370,4,272,3,1,true,false,0,0,652,4.410876798666183e-16,4.113940789355719e-16,4,7,1,3,56,3,true,0.0,0.0,0.0,0.0,0.0,0.0,2.510732093030827e-15,true,1.3514663956404655e-16,true,2.506758334273174e-15,0.014615399995818734,0.0007196999504230917,1088,full
3371,9,125,1,3,true,true,1,0,248,5.7733004781502445e-16,6.121146951141221e-16,7,12,2,3,52,8,,,,,,,,,true,2.5294678542098986e-16,,,0.005883699981495738,0.0005606000195257366,1125,full
3372,2,266,2,5,true,false,0,0,82,2.327199817486479e-16,1.7825761815748376e-16,4,3,0,0,26,1,true,0.0,0.0,0.0,0.0,0.0,0.0,6.958861550166926e-16,true,2.319620516722309e-16,true,4.639241033444621e-16,0.005566599953453988,0.0005552000366151333,532,full
3373,3,102,3,5,false,false,0,0,48,2.1265491662565104e-16,3.244406633528927e-16,2,2,2,0,15,3,true,0.0,0.0,0.0,0.0,0.0,0.0,2.4451543796719904e-16,true,0.0,true,2.442578394629733e-16,0.0022855999995954335,0.00043889996595680714,306,full
3374,4,173,3,3,false,false,0,0,151,3.45624311133241e-16,2.5339907760889624e-16,5,7,1,1,27,2,true,0.0,0.0,0.0,0.0,0.0,0.0,7.459683510881118e-16,true,2.5486718858346007e-16,true,7.463587364996222e-16,0.004924100008793175,0.0005073000211268663,692,full
3375,7,101,2,2,true,false,0,0,181,3.494761715182576e-16,3.494761715182577e-16,10,12,5,0,23,5,true,0.0,0.0,0.0,0.0,0.0,0.0,4.626428367163183e-16,true,2.3132141835815915e-16,true,4.625233792846348e-16,0.004525500000454485,0.0004799999878741801,707,full
3376,7,190,1,2,false,false,0,0,339,2.8703190884893987e-16,2.8703190884893987e-16,7,6,4,1,40,6,true,0.0,0.0,0.0,0.0,0.0,0.0,1.406569663566741e-15,true,2.379602003954784e-16,true,1.4062723954804913e-15,0.008889999997336417,0.00060450000455603,1330,full
3377,2,256,1,3,false,false,0,0,97,2.79799833658911e-16,2.073024986716779e-16,2,3,1,1,21,0,true,0.0,0.0,0.0,0.0,0.0,0.0,2.1733265819054481e-16,true,0.0,true,2.1838035797768663e-16,0.004925700020976365,0.0006500000017695129,512,full
3378,5,88,1,1,false,false,0,0,322,1.623900980592772e-16,1.659486072386843e-16,6,7,0,1,18,4,true,0.0,0.0,0.0,0.0,0.0,0.0,7.143430586230292e-16,true,1.1891754640872088e-16,true,8.324228248610455e-16,0.0054080000263638794,0.000471699982881546,440,full
3379,3,250,2,1,false,false,0,0,586,2.603354473866383e-16,2.603354473866383e-16,4,6,0,0,34,3,true,0.0,0.0,0.0,0.0,0.0,0.0,1.1728615982261532e-15,true,4.46359852415549e-16,true,9.404152478641891e-16,0.01308850001078099,0.0006642999942414463,750,full
3380,10,71,1,2,true,false,0,0,225,3.8848276992600036e-16,4.0176002923393253e-16,9,18,2,4,26,8,true,0.0,0.0,0.0,0.0,0.0,0.0,1.1198216334800988e-15,true,3.644921527924461e-16,true,1.1372514065229076e-15,0.004284899972844869,0.0005055000074207783,710,full
3381,2,58,2,3,false,false,0,0,29,1.1162261778917738e-16,1.1162261778917735e-16,2,1,0,0,4,2,true,0.0,0.0,0.0,0.0,0.0,0.0,4.799503322637344e-16,true,0.0,true,4.799503322637344e-16,0.0013273999793455005,0.0003497000434435904,116,full
3382,3,56,3,4,false,false,0,0,18,9.497740809992971e-17,1.3879909620402452e-16,2,6,2,0,3,1,true,0.0,0.0,0.0,0.0,0.0,0.0,2.52509499614126e-16,true,7.281800246749754e-18,true,2.522875898685552e-16,0.00102830003015697,0.0003656999906525016,168,full
3383,2,44,3,3,true,false,0,0,19,2.2523333137451933e-16,2.2523333137451933e-16,1,2,2,1,2,2,true,0.0,0.0,0.0,0.0,0.0,0.0,0.0,true,4.452518728146336e-22,true,4.452518728146336e-22,0.0009541999897919595,0.00033710000570863485,88,full
3384,5,66,1,1,false,false,0,0,199,2.0540930154508513e-16,1.8627139923757127e-16,5,8,1,2,14,4,true,0.0,0.0,0.0,0.0,0.0,0.0,8.520468545868992e-16,true,1.2066850612698567e-16,true,8.520468545868992e-16,0.0038392000133171678,0.0004351999959908426,330,full
3385,12,271,2,5,false,false,0,0,368,6.992422814857392e-16,4.747833171467432e-16,6,18,4,5,121,9,true,0.0,0.0,0.0,0.0,0.0,0.0,7.124860085323951e-16,true,2.7564744531193475e-16,true,9.166561158963204e-16,0.01133419998222962,0.0007518000202253461,3252,full
3386,4,146,2,1,true,false,0,0,408,2.6258829116929953e-16,2.6258829116929953e-16,1,7,2,1,21,3,true,0.0,0.0,0.0,0.0,0.0,0.0,9.813737523594312e-16,true,2.434123311180152e-16,true,9.813737523594322e-16,0.008212799963075668,0.0005308000254444778,584,full
3387,7,295,1,3,false,false,0,0,418,5.083552630416944e-16,5.083552630416943e-16,7,10,2,0,85,5,true,0.0,0.0,0.0,0.0,0.0,0.0,1.5087803723674183e-15,true,4.754464652790649e-16,true,1.5087803723674183e-15,0.01076829998055473,0.0007108999998308718,2065,full
3388,12,73,2,3,false,true,1,0,197,2.805146898245282e-16,2.8051468982452824e-16,14,18,5,2,38,7,,,,,,,,,true,3.378972618419745e-16,,,0.00509079999756068,0.0004949000431224704,876,full
3389,3,122,1,2,true,false,0,0,107,2.4962792159990735e-16,2.6930188429269584e-16,1,2,1,1,14,2,true,0.0,0.0,0.0,0.0,0.0,0.0,5.606971573343292e-16,true,1.2219927762450883e-16,true,5.606971573343296e-16,0.0035742000327445567,0.0004317999701015651,366,full
3390,9,129,1,1,true,true,1,0,695,7.059038030889768e-16,7.143656654007461e-16,8,18,4,3,42,7,,,,,,,,,true,2.7345196876846583e-16,,,0.010705599968787283,0.0006355000077746809,1161,full
3391,6,174,3,3,false,false,0,0,177,2.732752418080456e-16,2.0158984566686967e-16,9,6,2,4,40,5,true,0.0,0.0,0.0,0.0,0.0,0.0,1.1844770926854624e-15,true,2.327164389681689e-16,true,1.1819134670545792e-15,0.006572699989192188,0.000539399974513799,1044,full
3392,10,242,2,2,true,false,0,0,718,8.5995808858654765e-16,7.000823592912778e-16,11,13,3,5,81,9,true,0.0,0.0,0.0,0.0,0.0,0.0,1.7295611132048055e-15,true,7.166568591799357e-16,true,1.7198870242784547e-15,0.014435599965509027,0.0007813000120222569,2420,full
3393,10,170,3,2,true,false,0,0,440,5.168509626876631e-16,2.587710227212156e-16,10,15,5,2,52,6,true,0.0,0.0,0.0,0.0,0.0,0.0,1.418973821177451e-15,true,7.869322835847495e-16,true,1.0846340380136117e-15,0.00945270003285259,0.0006051000091247261,1700,full
3394,4,89,3,2,false,false,0,0,83,2.2037532086988153e-16,1.3027436847633577e-16,5,9,1,3,11,3,true,0.0,0.0,0.0,0.0,0.0,0.0,3.4745622459151976e-16,true,1.1524105240658342e-16,true,3.475643754494798e-16,0.0027357999933883548,0.0003868999774567783,356,full
3395,3,193,1,2,true,false,0,0,231,3.4686181683738854e-16,3.1904307936063666e-16,2,5,0,0,20,2,true,0.0,0.0,0.0,0.0,0.0,0.0,1.479116539809818e-15,true,1.2257326557456839e-16,true,1.4816768955957156e-15,0.006284800008870661,0.0005368000129237771,579,full
3396,11,86,3,2,false,false,0,0,329,3.3035135733981014e-16,3.3035135733981014e-16,4,11,2,6,37,10,true,0.0,0.0,0.0,0.0,0.0,0.0,4.002627045235201e-16,true,4.314793238724051e-16,true,4.314793238724051e-16,0.006253700004890561,0.0005061000119894743,946,full
3397,6,77,2,2,true,false,0,0,177,3.8184213759579786e-16,2.646574757171747e-16,5,10,0,1,19,4,true,0.0,0.0,0.0,0.0,0.0,0.0,9.496920448818603e-16,true,5.935575280511627e-16,true,6.012661392959426e-16,0.003798999998252839,0.0004322999739088118,462,full
3398,11,147,3,3,true,false,0,0,382,6.972538968161064e-16,4.038106721007368e-16,12,22,2,1,81,10,true,0.0,0.0,0.0,0.0,0.0,0.0,1.921826434663472e-15,true,4.776807647249819e-16,true,1.929372225399674e-15,0.009889200038742274,0.0006399999838322401,1617,full
3399,6,250,3,4,false,false,0,0,213,2.5024970881273335e-16,2.7883685184679727e-16,6,11,2,4,55,5,true,0.0,0.0,0.0,0.0,0.0,0.0,1.0076167881342635e-15,true,2.28944250596321e-16,true,1.0076167881342635e-15,0.009217600047122687,0.0007580999517813325,1500,full
3400,9,82,3,1,true,true,1,0,432,8.561146351050445e-16,4.758923970014806e-16,8,16,2,5,27,6,,,,,,,,,true,2.3415101131078137e-16,,,0.008081700012553483,0.0006274000043049455,738,full
3401,12,183,2,5,false,false,0,0,268,5.853585735800384e-16,6.027023524431014e-16,16,23,3,3,89,9,true,0.0,0.0,0.0,0.0,0.0,0.0,6.391465694638741e-16,true,2.973249897549401e-16,true,6.698408443169838e-16,0.0093520000227727,0.0007131000165827572,2196,full
3402,7,57,1,1,true,false,0,0,288,3.484610583577866e-16,5.170257748566098e-16,7,9,2,1,17,5,true,0.0,0.0,0.0,0.0,0.0,0.0,1.4742924131069603e-15,true,2.5753715470936127e-16,true,1.4400740987736625e-15,0.004691200039815158,0.0005181999877095222,399,full
3403,7,226,1,5,true,false,0,0,247,3.4356687378537095e-16,3.435668737853706e-16,3,10,1,0,73,5,true,0.0,0.0,0.0,0.0,0.0,0.0,1.1639868509629968e-15,true,3.6637284367437704e-16,true,1.186196347538822e-15,0.007590900000650436,0.0005906999576836824,1582,full
3404,10,277,3,1,false,false,0,0,1593,3.8378318978849206e-16,4.05942873215783e-16,7,13,6,1,111,6,true,0.0,0.0,0.0,0.0,0.0,0.0,9.005875278238214e-16,true,4.357236851011071e-16,true,8.99153791338878e-16,0.024514299992006272,0.0011766999959945679,2770,full
3405,2,68,3,3,false,false,0,0,19,1.3040034403222625e-16,1.3040034403222625e-16,2,3,1,1,4,2,true,0.0,0.0,0.0,0.0,0.0,0.0,0.0,true,0.0,true,0.0,0.0011720999609678984,0.00035660003777593374,136,full
3406,8,104,3,1,true,false,0,0,522,4.524161847333347e-16,3.5572739460198145e-16,10,15,2,3,32,7,true,0.0,0.0,0.0,0.0,0.0,0.0,1.8250384140438198e-15,true,1.3272137410505625e-16,true,1.94159093154347e-15,0.008346499991603196,0.0005697999731637537,832,full
3407,10,245,2,3,true,false,0,0,630,4.340990992519835e-16,2.6061993375384347e-16,12,15,2,1,100,6,true,0.0,0.0,0.0,0.0,0.0,0.0,2.3521321273744865e-15,true,3.3884754524817113e-16,true,2.460322543803088e-15,0.01419219997478649,0.0008014000486582518,2450,full
3408,4,251,1,1,false,false,0,0,607,2.6030238145192633e-16,1.8883539594357183e-16,3,10,2,2,39,4,true,0.0,0.0,0.0,0.0,0.0,0.0,1.8345651676367714e-15,true,1.282036261899229e-16,true,1.911898318372003e-15,0.01350200001616031,0.0006908999639563262,1004,full
3409,7,51,2,2,false,false,0,0,113,2.994547646084163e-16,3.257628122056256e-16,8,11,2,1,13,6,true,0.0,0.0,0.0,0.0,0.0,0.0,2.3770491374762055e-16,true,3.5381732187579033e-16,true,3.5205255370095056e-16,0.0024899999843910336,0.00039160001324489713,357,full
3410,9,145,2,5,true,false,0,0,165,4.419951438728674e-16,3.1341473838257875e-16,8,13,2,5,49,6,true,0.0,0.0,0.0,0.0,0.0,0.0,9.188824403799493e-16,true,2.426158677981058e-16,true,8.61435205144922e-16,0.005594099988229573,0.0009330000029876828,1305,full
3411,5,185,3,1,true,false,0,0,461,3.110368971300668e-16,3.1103689713006662e-16,2,12,1,1,27,4,true,0.0,0.0,0.0,0.0,0.0,0.0,9.309642509938155e-16,true,1.1297123074430788e-16,true,9.309642509938165e-16,0.010419799946248531,0.0006531000253744423,925,full
3412,2,223,2,2,false,false,0,0,173,2.1431396199339553e-16,2.736177904863122e-16,1,5,0,0,23,1,true,0.0,0.0,0.0,0.0,0.0,0.0,9.489114906463877e-16,true,0.0,true,9.376889216643155e-16,0.006369499955326319,0.0005192000535316765,446,full
3413,6,280,1,5,true,false,0,0,222,4.337226735639229e-16,2.854912015981444e-16,7,8,3,0,59,4,true,0.0,0.0,0.0,0.0,0.0,0.0,1.6869344275016832e-15,true,1.4076398574325724e-16,true,1.6851867711655511e-15,0.008395000011660159,0.0006706999847665429,1680,full
3414,11,285,2,5,true,false,0,0,459,6.491634078611172e-16,4.3353675949405093e-16,9,16,3,3,150,8,true,0.0,0.0,0.0,0.0,0.0,0.0,1.6536519837692068e-15,true,8.293908661712901e-16,true,1.3462521739381474e-15,0.014800800010561943,0.0007869999972172081,3135,full
3415,6,221,3,2,true,false,0,0,393,4.555474381624321e-16,3.198579307865946e-16,5,9,2,3,57,4,true,0.0,0.0,0.0,0.0,0.0,0.0,1.0744596085803945e-15,true,2.268871634328806e-16,true,1.1007077554576712e-15,0.022204399982001632,0.001894799992442131,1326,full
3416,3,126,2,5,false,false,0,0,45,1.566197678883068e-16,2.0609945035969147e-16,1,3,1,1,10,2,true,0.0,0.0,0.0,0.0,0.0,0.0,2.6510336972452124e-16,true,1.225405984906853e-16,true,2.639558132634134e-16,0.0050400999607518315,0.0008386000408791006,378,full
3417,7,79,3,5,true,false,0,0,84,3.7640371263595814e-16,2.1716319578450987e-16,5,14,1,2,17,5,true,0.0,0.0,0.0,0.0,0.0,0.0,6.919430353540854e-16,true,2.083118221152725e-16,true,5.76619196128405e-16,0.00600489997304976,0.000826900009997189,553,full
3418,10,178,3,4,false,false,0,0,268,2.9100103706960627e-16,6.624802545772318e-16,15,14,5,1,61,7,true,0.0,0.0,0.0,0.0,0.0,0.0,7.81606499488649e-16,true,2.570463056767303e-16,true,7.9249974379332405e-16,0.014689199975691736,0.0012269000289961696,1780,full
3419,8,288,3,5,true,true,1,0,315,4.1198595194996634e-16,3.8934347628957937e-16,6,8,3,2,84,5,,,,,,,,,true,2.3401427679937555e-16,,,0.02105209999717772,0.001328200043644756,2304,full
3420,8,288,1,5,true,false,0,0,228,3.472890282709808e-16,2.3406532670893544e-16,9,9,2,6,79,5,true,0.0,0.0,0.0,0.0,0.0,0.0,1.744039519885377e-15,true,2.3208262017763214e-16,true,1.744039519885377e-15,0.01498199999332428,0.0013069999986328185,2304,full
3421,9,289,2,1,true,false,0,0,1381,7.571902571784767e-16,6.139380463609271e-16,4,18,4,3,88,7,true,0.0,0.0,0.0,0.0,0.0,0.0,1.9097810997342294e-15,true,2.9488786736086795e-16,true,1.9536261507630025e-15,0.04544789995998144,0.0017078000237233937,2601,full
3422,11,216,1,5,true,false,0,0,303,2.797625286096224e-16,2.529346794061415e-16,15,20,3,6,97,7,true,0.0,0.0,0.0,0.0,0.0,0.0,1.1266044618804138e-15,true,6.990957401770907e-16,true,6.580414423574413e-16,0.01659379998454824,0.0014062999980524182,2376,full
3423,5,64,2,1,false,false,0,0,213,2.0039221996148052e-16,1.7109522293402945e-16,1,11,1,2,22,4,true,0.0,0.0,0.0,0.0,0.0,0.0,3.3677540604164814e-16,true,2.263639313972395e-16,true,3.3610601853236435e-16,0.007494100020267069,0.0008066999725997448,320,full
3424,9,239,3,5,true,false,0,0,263,3.7535585202503553e-16,3.3677490994797334e-16,9,16,3,5,72,6,true,0.0,0.0,0.0,0.0,0.0,0.0,1.0291823341003468e-15,true,2.2921342851031093e-16,true,9.198269986662714e-16,0.016828299965709448,0.0016527000116184354,2151,full
3425,6,254,2,1,true,false,0,0,1148,6.005941980910375e-16,6.94471774220219e-16,3,8,0,1,77,4,true,0.0,0.0,0.0,0.0,0.0,0.0,3.818013540132042e-15,true,2.379725370063328e-16,true,3.851356897348388e-15,0.039149400021415204,0.0016453000134788454,1524,full
3426,4,297,3,2,true,true,1,0,359,3.542085955649127e-16,3.1401745656142147e-16,3,3,1,1,37,3,,,,,,,,,true,1.1662077627209384e-16,,,0.02258400002028793,0.0013421999756246805,1188,full
3427,3,190,1,5,true,false,0,0,74,2.510247246611479e-16,2.609788526460792e-16,4,5,0,3,20,1,true,0.0,0.0,0.0,0.0,0.0,0.0,2.3646954162455225e-16,true,1.1712748803843802e-16,true,3.513824641153142e-16,0.007098699978087097,0.0009820000268518925,570,full
3428,2,239,3,4,true,false,0,0,85,2.9761506130539573e-16,2.021241370419757e-16,1,2,1,0,16,2,true,0.0,0.0,0.0,0.0,0.0,0.0,1.2677071895140624e-15,true,3.745506275154285e-21,true,1.2694590265204843e-15,0.008767299994360656,0.001055500004440546,478,full
3429,3,192,1,1,true,false,0,0,413,3.3543753344607727e-16,4.477000126830956e-16,0,2,1,1,31,2,true,0.0,0.0,0.0,0.0,0.0,0.0,1.489446625407199e-15,true,1.256701789987637e-16,true,1.4914571177626446e-15,0.023622300010174513,0.001117000007070601,576,full
3430,4,173,3,3,true,false,0,0,155,4.3477838464748955e-16,3.42704516109707e-16,2,6,2,0,30,2,true,0.0,0.0,0.0,0.0,0.0,0.0,3.174677266146179e-16,true,3.576759068249007e-16,true,3.7442192206558537e-16,0.0106734000146389,0.0009840999846346676,692,full
3431,8,103,2,1,false,false,0,0,469,4.927940894820293e-16,2.997228166853558e-16,8,12,2,5,29,6,true,0.0,0.0,0.0,0.0,0.0,0.0,1.275432130941958e-15,true,4.2500454124103778e-16,true,1.5593562179426049e-15,0.016165199980605394,0.0010921999928541481,824,full
3432,2,220,2,2,false,false,0,0,170,2.610395900518481e-16,2.5651874336942397e-16,1,3,0,0,21,2,true,0.0,0.0,0.0,0.0,0.0,0.0,4.041157243588941e-16,true,0.0,true,4.502251961458237e-16,0.013057000003755093,0.0009463999886065722,440,full
3433,4,245,1,1,true,false,0,0,633,4.4081785094105503e-16,3.2986261097986954e-16,2,10,1,1,37,3,true,0.0,0.0,0.0,0.0,0.0,0.0,1.5952644822389756e-15,true,2.459625407572908e-16,true,1.5994745594697903e-15,0.025426300009712577,0.0011981999850831926,980,full
3434,11,101,3,5,false,false,0,0,135,6.385246778343232e-16,5.116129406250168e-16,14,16,1,6,31,9,true,0.0,0.0,0.0,0.0,0.0,0.0,9.506101742639557e-16,true,5.090559690727426e-16,true,7.461856780702214e-16,0.007798700011335313,0.000880400009918958,1111,full
3435,9,78,1,3,true,false,0,0,135,5.381273907679799e-16,4.442134775058209e-16,7,14,3,2,25,5,true,0.0,0.0,0.0,0.0,0.0,0.0,6.481952496718379e-16,true,2.410645650928686e-16,true,7.778342996062055e-16,0.007909399981144816,0.0008903000270947814,702,full
3436,3,196,2,1,true,false,0,0,352,3.0466105698442345e-16,5.023088485502662e-16,1,4,1,2,31,3,true,0.0,0.0,0.0,0.0,0.0,0.0,1.0344410287181518e-15,true,2.0853002075095523e-16,true,1.0344410287181518e-15,0.01958690001629293,0.0011339000193402171,588,full
3437,3,179,2,4,true,false,0,0,103,3.220378473085376e-16,2.6689274336876466e-16,5,4,0,1,18,1,true,0.0,0.0,0.0,0.0,0.0,0.0,4.731230353571628e-16,true,1.213406990862644e-16,true,4.715873054335821e-16,0.008270699996501207,0.0008576000109314919,537,full
3438,9,271,3,2,true,false,0,0,690,6.390997305650188e-16,3.8271821808950206e-16,5,15,3,3,86,3,true,0.0,0.0,0.0,0.0,0.0,0.0,1.6683052026817689e-15,true,6.611153791663245e-16,true,1.2781684719106725e-15,0.02808850002475083,0.001422200002707541,2439,full
3439,10,298,3,5,true,false,0,0,321,4.94547399718661e-16,2.4918701183111863e-16,14,18,5,1,77,6,true,0.0,0.0,0.0,0.0,0.0,0.0,1.8762316184931284e-15,true,9.432294789660513e-16,true,9.381323168039593e-16,0.019171499996446073,0.0013132999883964658,2980,full
3440,5,248,3,5,false,false,0,0,188,2.4184774045686947e-16,2.4184774045686947e-16,4,11,0,1,52,3,true,0.0,0.0,0.0,0.0,0.0,0.0,2.3775355814477425e-16,true,2.3224414127865143e-16,true,2.373027514242342e-16,0.013446900004055351,0.001144499983638525,1240,full
3441,8,135,3,5,false,false,0,0,118,4.886892910005618e-16,5.209092977940512e-16,7,11,5,3,39,6,true,0.0,0.0,0.0,0.0,0.0,0.0,9.470895212946068e-16,true,3.85397754170909e-16,true,1.1561932625127278e-15,0.007840099977329373,0.0009735000203363597,1080,full
3442,2,191,3,3,true,false,0,0,65,1.8833246698811338e-16,2.1868713532036162e-16,2,3,1,0,8,1,true,0.0,0.0,0.0,0.0,0.0,0.0,2.297215665489147e-16,true,8.789334008119722e-22,true,2.297215665489147e-16,0.007650499988812953,0.00297660002252087,382,full
3443,3,114,2,4,false,false,0,0,47,4.2476550795704197e-16,4.2476550795704197e-16,1,5,2,2,7,2,true,0.0,0.0,0.0,0.0,0.0,0.0,2.864694067761673e-16,true,0.0,true,2.922964525110779e-16,0.005972100014332682,0.00115130003541708,342,full
3444,9,148,3,5,true,false,0,0,175,4.39563414549641e-16,3.032515733575744e-16,7,15,2,4,53,6,true,0.0,0.0,0.0,0.0,0.0,0.0,5.956629589936225e-16,true,2.284049522910109e-16,true,5.641889736885105e-16,0.01131049997638911,0.001019700022879988,1332,full
3445,5,225,1,2,true,false,0,0,321,3.4860828056199834e-16,2.6175176917688157e-16,6,8,2,3,50,3,true,0.0,0.0,0.0,0.0,0.0,0.0,8.866215930829743e-16,true,2.183307494245293e-16,true,8.826175247690185e-16,0.017591600015293807,0.0011831999872811139,1125,full
3446,11,78,2,1,true,false,0,0,619,4.1101129267963685e-16,3.922707566571112e-16,14,12,1,4,40,8,true,0.0,0.0,0.0,0.0,0.0,0.0,1.7078975531525176e-15,true,2.362557772648093e-16,true,1.5943437614454998e-15,0.014983000000938773,0.0011341000208631158,858,full
3447,8,63,1,2,false,false,0,0,144,4.2222958461721667e-16,3.059554351881599e-16,7,17,1,4,24,8,true,0.0,0.0,0.0,0.0,0.0,0.0,4.957252620770185e-16,true,2.6301736694105794e-16,true,4.956801403622606e-16,0.010303699993528426,0.0008846000418998301,504,full
3448,10,175,3,5,true,false,0,0,250,4.960410274691924e-16,5.944798015817828e-16,14,12,1,1,86,7,true,0.0,0.0,0.0,0.0,0.0,0.0,2.122127100467236e-15,true,3.2654329539065795e-16,true,2.182657264351654e-15,0.014609599951654673,0.001098700042348355,1750,full
3449,7,111,2,3,false,false,0,0,193,2.6238523245922637e-16,2.608337887018966e-16,7,15,1,2,32,5,true,0.0,0.0,0.0,0.0,0.0,0.0,7.299967722210029e-16,true,2.3791741139813713e-16,true,7.269356125686463e-16,0.010352799959946424,0.000951100024394691,777,full
3450,11,240,2,2,true,true,1,0,851,7.900160703723513e-16,5.223208660803255e-16,9,18,3,3,103,10,,,,,,,,,true,8.356076524811427e-16,,,0.03118489996995777,0.0015033000381663442,2640,full
3451,2,136,2,1,false,false,0,0,203,3.240724262920934e-16,2.222880373068963e-16,0,4,2,0,11,1,true,0.0,0.0,0.0,0.0,0.0,0.0,3.7445444261332474e-16,true,0.0,true,3.744544426133249e-16,0.011529000010341406,0.0008572000078856945,272,full
3452,9,89,2,1,true,true,2,0,522,4.793158378014317e-16,4.382660012984818e-16,7,11,3,1,29,8,,,,,,,,,true,2.4683639436135477e-16,,,0.015296300000045449,0.0010576999629847705,801,full
3453,12,171,2,1,true,false,0,0,1236,5.939162793922907e-16,5.939162793922899e-16,14,21,3,3,90,8,true,0.0,0.0,0.0,0.0,0.0,0.0,2.508356812341274e-15,true,2.382281032933365e-16,true,2.505018653062358e-15,0.033450699993409216,0.001596099988091737,2052,full
3454,11,107,1,4,false,false,0,0,183,3.8896068544878794e-16,3.4636671555874534e-16,13,21,3,6,55,6,true,0.0,0.0,0.0,0.0,0.0,0.0,4.3883968216549424e-16,true,2.3908726911217147e-16,true,5.128573167599178e-16,0.008367799979168922,0.0009895999683067203,1177,full
3455,9,226,2,1,true,false,0,0,1264,6.586939694034892e-16,4.721347889175016e-16,7,21,3,3,74,8,true,0.0,0.0,0.0,0.0,0.0,0.0,1.2645832317839809e-15,true,1.0465719399867537e-15,true,1.2558863279841045e-15,0.03785069996956736,0.0016872999840416014,2034,full
3456,4,298,3,1,true,false,0,0,832,4.584607775006446e-16,5.372159137096761e-16,4,2,0,3,52,4,true,0.0,0.0,0.0,0.0,0.0,0.0,1.828674662511912e-15,true,2.357116233919969e-16,true,1.828674662511912e-15,0.03398359997663647,0.001402700028847903,1192,full
3457,7,288,3,2,false,false,0,0,656,4.503759491359538e-16,7.855394461673615e-16,7,10,2,1,96,6,true,0.0,0.0,0.0,0.0,0.0,0.0,9.57589233269891e-16,true,4.468846627085434e-16,true,1.0054904910942229e-15,0.029672999982722104,0.0014337000320665538,2016,full
3458,10,231,2,3,false,false,0,0,379,4.2373883290306756e-16,5.445374311471491e-16,11,20,5,4,66,5,true,0.0,0.0,0.0,0.0,0.0,0.0,6.503510903093121e-16,true,2.7730409791748604e-16,true,5.310436175108559e-16,0.019594800018239766,0.0014538999530486763,2310,full
3459,6,251,2,2,false,false,0,0,447,2.849405190849451e-16,3.007503758550787e-16,7,12,1,3,51,6,true,0.0,0.0,0.0,0.0,0.0,0.0,1.2453619983508528e-15,true,3.0881114598337174e-16,true,1.2578049905658913e-15,0.023230399994645268,0.001268399995751679,1506,full
3460,12,274,1,4,false,false,0,0,471,3.676828925171997e-16,3.2495204660875684e-16,14,25,5,2,108,10,true,0.0,0.0,0.0,0.0,0.0,0.0,7.763199495960564e-16,true,2.459407114548347e-16,true,7.702705953984589e-16,0.023020399967208505,0.0015266999835148454,3288,full
3461,8,268,3,5,true,false,0,0,290,3.2448090478605765e-16,3.0572504205685314e-16,9,9,2,3,83,7,true,0.0,0.0,0.0,0.0,0.0,0.0,1.6347871053385249e-15,true,2.2097559075571696e-16,true,1.6314888592024847e-15,0.018916000030003488,0.0013300999999046326,2144,full
3462,2,127,3,5,true,false,0,0,39,1.8854453220316397e-16,1.8854453220316397e-16,2,2,0,2,11,1,true,0.0,0.0,0.0,0.0,0.0,0.0,0.0,true,1.8380598226369067e-21,true,1.8380598226369067e-21,0.0046193000162020326,0.0008012999896891415,254,full
3463,8,176,1,3,false,false,0,0,382,3.2425380292539477e-16,3.181225016661281e-16,10,8,1,0,68,6,true,0.0,0.0,0.0,0.0,0.0,0.0,8.702485652841778e-16,true,2.1871578116550124e-16,true,8.701375554683731e-16,0.015977100003510714,0.0010864000068977475,1408,full
3464,5,93,3,3,false,false,0,0,58,2.6739862343084455e-16,1.7716568334610626e-16,0,4,2,2,9,5,true,0.0,0.0,0.0,0.0,0.0,0.0,6.785779946885474e-16,true,5.878620270509084e-17,true,6.710562288126211e-16,0.004900399944745004,0.0008096000528894365,465,full
3465,9,266,2,1,true,false,0,0,1508,3.8776569647866487e-16,2.9774187318976596e-16,9,16,4,0,91,5,true,0.0,0.0,0.0,0.0,0.0,0.0,8.608890333020755e-15,true,1.6484999888366904e-16,true,8.607266589167058e-15,0.04848060000222176,0.0019747999613173306,2394,full
3466,11,56,3,3,true,false,0,0,130,8.031733366621458e-16,8.031733366621458e-16,15,16,2,3,22,8,true,0.0,0.0,0.0,0.0,0.0,0.0,1.0831836478507983e-15,true,2.388695100954177e-16,true,8.665469182806396e-16,0.005993600003421307,0.0008301999769173563,616,full
3467,10,234,3,1,false,false,0,0,1304,4.023032025632297e-16,3.7204089526913485e-16,7,14,4,3,83,8,true,0.0,0.0,0.0,0.0,0.0,0.0,1.3262433852556576e-15,true,4.611393551112898e-16,true,1.3352419517926653e-15,0.04324820003239438,0.0017868999857455492,2340,full
3468,9,114,2,1,false,false,0,0,618,3.033784108380206e-16,2.4807407046949605e-16,8,13,3,3,31,7,true,0.0,0.0,0.0,0.0,0.0,0.0,1.9468479860595164e-15,true,4.583677970989019e-16,true,1.7044894895309257e-15,0.01925630000187084,0.0013784999609924853,1026,full
3469,3,228,1,3,true,false,0,0,140,3.5499016978808785e-16,2.209668128255152e-16,2,3,1,0,27,3,true,0.0,0.0,0.0,0.0,0.0,0.0,9.339784021371732e-16,true,1.1895145633734559e-16,true,9.33978402137174e-16,0.01021569996373728,0.0009533000411465764,684,full
3470,9,181,2,2,true,false,0,0,526,5.15002637987202e-16,3.023168519588968e-16,12,12,3,2,49,5,true,0.0,0.0,0.0,0.0,0.0,0.0,1.3281337566514835e-15,true,2.4488385288894264e-16,true,1.3283150015255455e-15,0.022061600000597537,0.0012586999800987542,1629,full
3471,11,190,2,1,true,true,1,0,1214,7.369121033723294e-16,8.061017805302665e-16,15,17,2,7,71,8,,,,,,,,,true,2.8411069045680166e-16,,,0.03406990005169064,0.0014979999978095293,2090,full
3472,5,204,3,5,true,false,0,0,109,3.483224697199961e-16,2.329625790763872e-16,4,5,2,1,34,5,true,0.0,0.0,0.0,0.0,0.0,0.0,1.010934244667057e-15,true,2.205591454268605e-16,true,1.010934244667058e-15,0.009640400006901473,0.001027699967380613,1020,full
3473,4,221,2,4,true,false,0,0,116,2.7722573178285375e-16,2.772257317828538e-16,4,8,2,3,32,4,true,0.0,0.0,0.0,0.0,0.0,0.0,5.821383952927971e-16,true,1.2086554679946111e-16,true,5.821383952927975e-16,0.009704400028567761,0.0010553000029176474,884,full
3474,7,166,3,3,true,false,0,0,248,4.663409929924992e-16,4.146390037960504e-16,6,6,2,2,41,7,true,0.0,0.0,0.0,0.0,0.0,0.0,7.607889915061755e-16,true,2.708287035229814e-16,true,7.865564304555269e-16,0.013673899986315519,0.0010772999958135188,1162,full
3475,11,171,3,5,true,false,0,0,234,3.453764241102685e-16,3.576843499445714e-16,5,15,3,4,99,8,true,0.0,0.0,0.0,0.0,0.0,0.0,1.4911569358467084e-15,true,2.7515689618202167e-16,true,1.5117967438265706e-15,0.015082099998835474,0.0013078000047244132,1881,full
3476,12,251,2,2,true,false,0,0,988,5.570395038127042e-16,3.6830445278270544e-16,7,14,1,4,113,9,true,0.0,0.0,0.0,0.0,0.0,0.0,1.4574946753118469e-15,true,3.999596988078657e-16,true,1.4740681549037298e-15,0.03634730004705489,0.001528399996459484,3012,full
3477,8,80,3,4,true,false,0,0,105,3.660688525147741e-16,2.3490912369212543e-16,7,11,2,3,35,7,true,0.0,0.0,0.0,0.0,0.0,0.0,1.844937581479315e-15,true,7.872225003215267e-16,true,1.3145353223824234e-15,0.006119900033809245,0.00079699995694682,640,full
3478,4,161,1,4,false,false,0,0,99,2.3045922236286984e-16,2.034940129491173e-16,3,9,2,1,20,3,true,0.0,0.0,0.0,0.0,0.0,0.0,3.505118969428654e-16,true,3.6899540442664955e-16,true,5.914925132842138e-16,0.007923199969809502,0.001151599979493767,644,full
3479,9,191,3,5,true,false,0,0,162,2.901288098655641e-16,2.07610869173356e-16,9,18,4,4,58,6,true,0.0,0.0,0.0,0.0,0.0,0.0,8.7317649590481e-16,true,1.2894278675930184e-16,true,8.843966055706994e-16,0.011204599984921515,0.0010368999792262912,1719,full
3480,12,141,2,1,true,false,0,0,934,6.653623809939512e-16,4.206556559760964e-16,8,15,5,2,81,11,true,0.0,0.0,0.0,0.0,0.0,0.0,2.312476000499758e-15,true,2.607600990522211e-16,true,2.36134516934632e-15,0.02567920001456514,0.0013553999597206712,1692,full
3481,5,265,1,4,false,false,0,0,178,2.8092717925285596e-16,2.015027397363416e-16,4,7,2,0,50,5,true,0.0,0.0,0.0,0.0,0.0,0.0,2.5332311365263314e-16,true,2.4377117668708135e-16,true,2.534392294398454e-16,0.015075600007548928,0.001653200015425682,1325,full
3482,9,165,2,4,true,false,0,0,231,4.3528332787958733e-16,4.27972510140296e-16,10,13,2,2,54,9,true,0.0,0.0,0.0,0.0,0.0,0.0,8.975505500632166e-16,true,7.507659140166355e-16,true,1.4170399056406314e-15,0.013363200007006526,0.0010572000173851848,1485,full
3483,3,204,1,3,false,false,0,0,154,2.453043027413792e-16,1.9683305638424246e-16,2,6,1,1,20,2,true,0.0,0.0,0.0,0.0,0.0,0.0,6.537739178796134e-16,true,2.1974170574467428e-16,true,6.530984532364997e-16,0.01067200000397861,0.001033000007737428,612,full
3484,10,83,3,4,false,false,0,0,129,3.043705196863469e-16,4.671574505293906e-16,8,16,3,2,46,10,true,0.0,0.0,0.0,0.0,0.0,0.0,4.708358556516691e-16,true,2.367389420620145e-16,true,3.5475366460594093e-16,0.009882099984679371,0.0008982000290416181,830,full
3485,11,222,3,1,true,true,1,0,1535,6.066460179575472e-16,4.820619144413573e-16,8,12,3,7,109,9,,,,,,,,,true,2.7420573262811693e-16,,,0.043282700004056096,0.0016714000375941396,2442,full
3486,12,176,1,4,true,true,1,0,316,4.4382119634424084e-16,3.151565898725122e-16,15,10,6,5,77,7,,,,,,,,,true,6.209855522093616e-16,,,0.014600199996493757,0.0011709000100381672,2112,full
3487,12,73,3,2,true,false,0,0,257,4.13595379324864e-16,3.0212776998267765e-16,15,16,4,3,36,8,true,0.0,0.0,0.0,0.0,0.0,0.0,1.4268047799950568e-15,true,1.0129434681387604e-15,true,7.182355667279013e-16,0.010844799980986863,0.0010089999996125698,876,full
3488,4,122,1,3,true,false,0,0,102,4.994940656774904e-16,3.176938310329128e-16,2,6,2,0,18,2,true,0.0,0.0,0.0,0.0,0.0,0.0,4.731962989854308e-16,true,2.33183597934455e-16,true,6.995507938033647e-16,0.007181899971328676,0.0009113000123761594,488,full
3489,12,148,3,1,false,false,0,0,950,3.6265227796541824e-16,2.4112160424713824e-16,5,24,6,5,59,10,true,0.0,0.0,0.0,0.0,0.0,0.0,2.3493480182760078e-15,true,4.854526459532358e-16,true,2.679141337706592e-15,0.026388600002974272,0.0014097000239416957,1776,full
3490,10,159,3,2,true,false,0,0,452,4.339670455231457e-16,5.170911970542405e-16,12,11,3,5,51,8,true,0.0,0.0,0.0,0.0,0.0,0.0,1.0758797084742246e-15,true,1.4751141228543986e-16,true,1.036072195889428e-15,0.018479100021068007,0.0011288999812677503,1590,full
3491,9,174,2,2,true,false,0,0,528,5.131437750119102e-16,3.392596767641684e-16,13,13,2,1,83,7,true,0.0,0.0,0.0,0.0,0.0,0.0,2.93798776593553e-15,true,2.406550309909076e-16,true,2.9379877659355388e-15,0.02141089999349788,0.0012984999921172857,1566,full
3492,5,139,1,4,false,false,0,0,119,1.6774474633097982e-16,1.6774474633097982e-16,6,6,1,3,28,4,true,0.0,0.0,0.0,0.0,0.0,0.0,6.905838963332471e-16,true,1.2268901633387816e-16,true,6.910796777610663e-16,0.0072190999635495245,0.0009850000496953726,695,full
3493,6,256,3,5,true,false,0,0,180,4.4128807055148824e-16,3.2679431959889573e-16,7,14,3,1,51,5,true,0.0,0.0,0.0,0.0,0.0,0.0,1.0406712176781039e-15,true,2.2696969813521316e-16,true,1.0415270875248764e-15,0.014574999979231507,0.0011354999733157456,1536,full
3494,3,128,3,4,false,false,0,0,57,2.7203686018855955e-16,2.7203686018855955e-16,4,5,1,1,10,2,true,0.0,0.0,0.0,0.0,0.0,0.0,6.022607393423318e-16,true,1.1727471412650363e-16,true,6.022607393423321e-16,0.0052013000240549445,0.0008584000170230865,384,full
3495,8,110,1,2,false,false,0,0,316,9.768591954586887e-16,6.581047668661418e-16,6,15,1,1,42,4,true,0.0,0.0,0.0,0.0,0.0,0.0,1.6117460578773198e-15,true,1.0419831418226014e-15,true,2.355974102843541e-15,0.011978399998042732,0.0013231000048108399,880,full
3496,7,111,3,4,false,false,0,0,120,4.3218323343782926e-16,3.524171075202174e-16,10,9,1,4,28,4,true,0.0,0.0,0.0,0.0,0.0,0.0,2.3308497398086604e-16,true,2.4051936469583543e-16,true,2.4051936469583543e-16,0.007238399994093925,0.0008854999905452132,777,full
3497,12,150,2,4,true,false,0,0,265,7.190334447865478e-16,7.190334447865474e-16,11,16,3,5,65,8,true,0.0,0.0,0.0,0.0,0.0,0.0,8.59268479539525e-16,true,2.5363550571717074e-16,true,8.651200762213286e-16,0.013795899983961135,0.0010712000075727701,1800,full
3498,12,213,3,2,true,false,0,0,816,5.153118444178838e-16,5.123627504645e-16,16,22,5,3,92,8,true,0.0,0.0,0.0,0.0,0.0,0.0,3.1728881148305382e-15,true,2.4497835071467947e-16,true,3.16979302242505e-15,0.03251260000979528,0.0014621000154875219,2556,full
3499,11,189,3,2,true,false,0,0,725,5.343421159748743e-16,3.2651615055945846e-16,10,16,4,2,78,10,true,0.0,0.0,0.0,0.0,0.0,0.0,3.2718696695245327e-15,true,3.606989357877052e-16,true,3.2607985368477934e-15,0.025371600000653416,0.0013414000277407467,2079,full
3500,4,207,1,4,true,false,0,0,142,6.931459999249684e-16,4.2927229846916744e-16,2,4,2,1,36,3,true,0.0,0.0,0.0,0.0,0.0,0.0,1.0934518607991635e-15,true,3.1945987045758527e-16,true,1.1425429827445154e-15,0.00947930000256747,0.0009454999817535281,828,full
3501,2,205,2,3,false,false,0,0,92,1.861212902306761e-16,1.4413537803005887e-16,0,1,0,1,17,2,true,0.0,0.0,0.0,0.0,0.0,0.0,4.744842089605818e-16,true,0.0,true,4.730713845244814e-16,0.00859039998613298,0.000957600015681237,410,full
3502,9,68,2,4,true,false,0,0,80,2.262058673820278e-16,2.262058673820279e-16,9,15,2,7,20,6,true,0.0,0.0,0.0,0.0,0.0,0.0,9.305251331349897e-16,true,1.163156416418737e-16,true,1.0468407747768643e-15,0.004667699977289885,0.0007989999721758068,612,full
3503,2,210,2,4,false,false,0,0,89,1.4073547847593293e-16,1.407354784759329e-16,4,4,0,0,14,2,true,0.0,0.0,0.0,0.0,0.0,0.0,2.4521747107542546e-16,true,0.0,true,2.4521747107542546e-16,0.011041200021281838,0.0009312999900430441,420,full
3504,10,140,1,3,false,false,0,0,327,5.759210769943389e-16,4.2664366828650073e-16,9,15,4,2,60,4,true,0.0,0.0,0.0,0.0,0.0,0.0,1.5698243077602572e-15,true,2.9718450053867747e-16,true,1.7531179849864767e-15,0.013806100003421307,0.0011535999947227538,1400,full
3505,10,129,3,5,false,false,0,0,139,3.2957609500783224e-16,3.2957609500783224e-16,9,13,6,3,44,7,true,0.0,0.0,0.0,0.0,0.0,0.0,4.444519195280166e-16,true,4.695257693251316e-16,true,7.407531992133614e-16,0.008982600003946573,0.0009680999792180955,1290,full
3506,2,247,1,2,false,false,0,0,175,4.2829277210958125e-16,4.088886710801927e-16,4,2,0,1,15,1,true,0.0,0.0,0.0,0.0,0.0,0.0,4.555301545006337e-16,true,2.185421097998696e-16,true,4.768831304928509e-16,0.015210399986244738,0.0009744000271894038,494,full
3507,8,85,1,3,true,false,0,0,167,3.5726012837969473e-16,2.799946597085769e-16,7,12,0,4,26,6,true,0.0,0.0,0.0,0.0,0.0,0.0,9.544920598437405e-16,true,1.1966590780022567e-16,true,9.410541248917233e-16,0.008272900013253093,0.0008811999578028917,680,full
3508,12,158,3,2,true,false,0,0,532,7.816106554791194e-16,7.546575217440085e-16,10,15,4,6,68,8,true,0.0,0.0,0.0,0.0,0.0,0.0,8.171944957664015e-16,true,3.00186004261569e-16,true,8.327255412347681e-16,0.021048599970526993,0.0014258000301197171,1896,full
3509,10,300,3,5,true,false,0,0,359,6.637290247092605e-16,6.015966588884142e-16,8,11,2,4,119,6,true,0.0,0.0,0.0,0.0,0.0,0.0,1.1493893031656259e-15,true,2.5792769162671644e-16,true,1.1618681111026333e-15,0.022036699985619634,0.0014438999933190644,3000,full
3510,3,172,2,3,true,false,0,0,104,3.209403696839256e-16,3.209403696839256e-16,3,3,1,2,23,2,true,0.0,0.0,0.0,0.0,0.0,0.0,6.478015816347833e-16,true,1.153949439854943e-16,true,6.476606533403223e-16,0.00798269995721057,0.0009367000311613083,516,full
3511,4,135,3,1,true,false,0,0,411,3.357632868760839e-16,3.022542849059752e-16,3,8,0,0,22,4,true,0.0,0.0,0.0,0.0,0.0,0.0,1.6758356087580005e-15,true,3.590002088901524e-16,true,1.795538152240718e-15,0.018051499966531992,0.0010377000435255468,540,full
3512,12,272,1,2,false,false,0,0,989,7.277017269766968e-16,7.27701726976697e-16,12,14,4,3,111,8,true,0.0,0.0,0.0,0.0,0.0,0.0,1.5441907142105323e-15,true,4.848723764595041e-16,true,1.5459665646622732e-15,0.03282480000052601,0.0016048999968916178,3264,full
3513,4,121,1,2,false,false,0,0,175,3.6510901117427316e-16,3.051800880149981e-16,3,3,0,1,22,3,true,0.0,0.0,0.0,0.0,0.0,0.0,9.000728437903326e-16,true,2.2028258072419456e-16,true,9.044130825279204e-16,0.009303300001192838,0.0008456999785266817,484,full
3514,2,254,2,1,false,false,0,0,300,2.0306508643765308e-16,1.70903770692812e-16,3,5,0,1,16,1,true,0.0,0.0,0.0,0.0,0.0,0.0,3.51051091542454e-16,true,0.0,true,3.511689465951972e-16,0.02082999999402091,0.0010917999898083508,508,full
3515,11,82,2,4,true,false,0,0,116,5.324488811949258e-16,3.013420152511186e-16,14,10,4,7,31,8,true,0.0,0.0,0.0,0.0,0.0,0.0,6.537705282019374e-16,true,2.2192885748521268e-16,true,6.538944526983023e-16,0.006364000029861927,0.0009398999973200262,902,full
3516,3,155,2,4,false,false,0,0,61,3.989603872994086e-16,3.6264094851331435e-16,2,5,2,0,15,2,true,0.0,0.0,0.0,0.0,0.0,0.0,2.2485424183074877e-16,true,2.2011607575139786e-16,true,2.260000696147441e-16,0.006946500041522086,0.0008897999650798738,465,full
3517,10,126,3,1,false,false,0,0,758,2.5970088122723806e-16,2.230534085497863e-16,12,16,4,1,48,6,true,0.0,0.0,0.0,0.0,0.0,0.0,5.89964142104037e-16,true,2.5340701733096136e-16,true,6.093094774947689e-16,0.02594119997229427,0.0018646999960765243,1260,full
3518,10,229,2,4,true,false,0,0,412,4.841979912973372e-16,6.858404102124349e-16,8,17,1,4,88,8,true,0.0,0.0,0.0,0.0,0.0,0.0,2.7999991671705057e-15,true,2.794435089267587e-16,true,2.708953252613638e-15,0.020608399994671345,0.0012208999833092093,2290,full
3519,11,142,2,4,false,false,0,0,237,3.4767525486393247e-16,3.6009946073836924e-16,8,19,5,4,69,9,true,0.0,0.0,0.0,0.0,0.0,0.0,4.788262887327665e-16,true,2.4733480793741705e-16,true,6.033872081690017e-16,0.011819299950730056,0.0010553000029176474,1562,full
3520,6,267,2,4,true,false,0,0,253,4.2124855452558665e-16,5.446424343357093e-16,6,12,1,3,67,5,true,0.0,0.0,0.0,0.0,0.0,0.0,1.5360939836278726e-15,true,4.431659222182999e-16,true,1.515526773803713e-15,0.016938599990680814,0.0012180000194348395,1602,full
3521,2,288,2,2,true,false,0,0,147,2.568606869920427e-16,2.0135156963752613e-16,0,0,1,0,8,1,true,0.0,0.0,0.0,0.0,0.0,0.0,1.0359376358360723e-15,true,1.9455703616836636e-21,true,1.0359376358360723e-15,0.014267200022004545,0.0011603999882936478,576,full
3522,8,95,1,5,true,false,0,0,99,3.469369170213719e-16,2.5722355654241286e-16,5,13,1,3,23,6,true,0.0,0.0,0.0,0.0,0.0,0.0,8.874279857106129e-16,true,5.629816084648221e-16,true,7.524324861578511e-16,0.0057956999517045915,0.000813300022855401,760,full
3523,5,228,1,3,false,false,0,0,214,2.0762057549431457e-16,1.5268155467120316e-16,1,4,1,2,48,4,true,0.0,0.0,0.0,0.0,0.0,0.0,4.781797542440187e-16,true,1.2020824309257785e-16,true,4.78179754244019e-16,0.014702600019518286,0.0011116999667137861,1140,full
3524,5,66,1,1,true,false,0,0,144,2.622810406687121e-16,3.506337173529187e-16,6,7,3,2,8,4,true,0.0,0.0,0.0,0.0,0.0,0.0,1.3194585489803452e-15,true,2.3489058558559906e-16,true,1.5393683071437361e-15,0.008090100018307567,0.002654200012329966,330,full
3525,2,277,2,4,true,false,0,0,81,2.2611118568470767e-16,2.261111856847076e-16,4,4,1,0,21,1,true,0.0,0.0,0.0,0.0,0.0,0.0,2.376276657837343e-16,true,8.950997241785381e-22,true,2.379194786423745e-16,0.01158480002777651,0.0011235999991185963,554,full
3526,9,169,2,2,false,false,0,0,556,3.295117002133413e-16,2.548890825229378e-16,7,18,1,1,60,8,true,0.0,0.0,0.0,0.0,0.0,0.0,1.7370727329377304e-15,true,4.874956205168621e-16,true,1.4806250970225722e-15,0.02012010000180453,0.0012020999565720558,1521,full
3527,12,142,1,3,true,false,0,0,409,6.010498519631174e-16,3.2006506763739575e-16,10,23,2,3,81,8,true,0.0,0.0,0.0,0.0,0.0,0.0,7.39963874238458e-16,true,2.3448682312873197e-16,true,7.40713869442942e-16,0.016828400024678558,0.0011220999876968563,1704,full
3528,2,65,3,1,true,false,0,0,74,1.742028065333284e-16,1.7420280653332845e-16,3,1,1,1,6,2,true,0.0,0.0,0.0,0.0,0.0,0.0,2.3653092158120103e-16,true,8.87979996419694e-22,true,3.5429290713916304e-16,0.006314800004474819,0.0008235999848693609,130,full
3529,11,181,1,4,true,false,0,0,346,4.978191789536277e-16,3.801053632327212e-16,9,22,3,1,86,7,true,0.0,0.0,0.0,0.0,0.0,0.0,5.898597487719614e-16,true,2.34997059551466e-16,true,5.785442870698843e-16,0.01769800001056865,0.0013360999873839319,1991,full
3530,2,167,3,2,true,false,0,0,83,2.515147881561151e-16,1.7138217637299795e-16,1,1,1,0,6,2,true,0.0,0.0,0.0,0.0,0.0,0.0,4.768920526823812e-16,true,8.872481397156237e-22,true,4.768920526823812e-16,0.0077751000062562525,0.0008730000117793679,334,full
3531,12,210,3,3,true,false,0,0,507,9.209765415847102e-16,9.173073123353679e-16,13,20,5,5,103,9,true,0.0,0.0,0.0,0.0,0.0,0.0,2.3469262197918846e-15,true,4.834008963138913e-16,true,2.422572698260889e-15,0.02262569998856634,0.0013087000115774572,2520,full
3532,12,54,2,1,false,false,0,0,415,6.868254535482826e-16,6.79359959487975e-16,13,17,5,5,25,5,true,0.0,0.0,0.0,0.0,0.0,0.0,7.383768595065464e-16,true,7.1060656100629735e-16,true,5.727431327154567e-16,0.010244000004604459,0.0009468999924138188,648,full
3533,4,152,3,1,true,false,0,0,295,2.394279962506328e-16,2.801517552498402e-16,5,4,3,1,17,2,true,0.0,0.0,0.0,0.0,0.0,0.0,1.4332567950783403e-15,true,1.1824216675404635e-16,true,1.4295644489932487e-15,0.015809600008651614,0.001178500009700656,608,full
3534,7,101,3,3,true,false,0,0,144,3.3509421877526975e-16,1.9442387761019322e-16,5,11,0,5,28,3,true,0.0,0.0,0.0,0.0,0.0,0.0,4.525782325517778e-16,true,2.2175224274757341e-16,true,5.656961104686299e-16,0.00823030003812164,0.0009293999755755067,707,full
3535,4,127,2,5,true,false,0,0,75,3.346226255186643e-16,2.0460233660849437e-16,4,5,0,1,18,3,true,0.0,0.0,0.0,0.0,0.0,0.0,2.489401458996193e-16,true,1.2368438970334675e-16,true,2.489401458996193e-16,0.006891500030178577,0.0008662000182084739,508,full
3536,2,200,2,2,true,false,0,0,105,2.165696323353794e-16,2.1656963233537933e-16,2,3,1,2,11,1,true,0.0,0.0,0.0,0.0,0.0,0.0,4.727201136847225e-16,true,9.079745472871297e-22,true,4.741397079913079e-16,0.0101344000431709,0.0009534999844618142,400,full
3537,12,94,2,3,true,false,0,0,261,3.4480576016252596e-16,2.4152399795709825e-16,11,18,2,3,44,11,true,0.0,0.0,0.0,0.0,0.0,0.0,1.326884898914125e-15,true,1.139717157421206e-16,true,1.3266645388079408e-15,0.012217799958307296,0.0010521000367589295,1128,full
3538,12,69,3,5,false,false,0,0,102,3.8375191903520267e-16,5.951969606912308e-16,10,23,4,3,35,9,true,0.0,0.0,0.0,0.0,0.0,0.0,3.4651520890046943e-16,true,3.523192440773344e-16,true,3.5059288498787754e-16,0.005904599966015667,0.0008362000226043165,828,full
3539,12,279,2,4,true,false,0,0,542,8.492037475180445e-16,4.691742929570161e-16,13,19,2,4,144,11,true,0.0,0.0,0.0,0.0,0.0,0.0,1.330106763081457e-15,true,4.2756549388702715e-16,true,1.3666900925439905e-15,0.029989800008479506,0.001560600008815527,3348,full
3540,5,70,2,2,false,false,0,0,101,3.105506068162479e-16,1.925966671352991e-16,1,7,4,0,10,5,true,0.0,0.0,0.0,0.0,0.0,0.0,4.984591093776674e-16,true,2.2874038209805715e-16,true,4.984591093776674e-16,0.006301000015810132,0.0009053000248968601,350,full
3541,7,82,1,3,false,false,0,0,138,2.738968992223897e-16,2.3980793454797533e-16,5,10,1,2,26,5,true,0.0,0.0,0.0,0.0,0.0,0.0,2.660533404782307e-16,true,2.4506768065906866e-16,true,3.955196537713036e-16,0.0063387000118382275,0.0008710999973118305,574,full
3542,2,240,2,4,false,false,0,0,72,2.0230014771039276e-16,2.0230014771039276e-16,3,3,1,0,15,2,true,0.0,0.0,0.0,0.0,0.0,0.0,4.496690025102652e-16,true,0.0,true,4.505894734332725e-16,0.007717100030276924,0.000915299984626472,480,full
3543,5,219,2,1,true,false,0,0,744,4.612961042624201e-16,2.861157520259238e-16,2,6,1,0,53,3,true,0.0,0.0,0.0,0.0,0.0,0.0,9.857199374478385e-16,true,2.3933376702893215e-16,true,9.847759754207176e-16,0.029594000021461397,0.0012670999858528376,1095,full
3544,5,66,3,1,true,false,0,0,219,5.411788077371296e-16,2.553222390100581e-16,5,5,0,2,12,2,true,0.0,0.0,0.0,0.0,0.0,0.0,5.73639307598389e-16,true,1.1395481256895005e-16,true,5.727105251676764e-16,0.009021700010634959,0.0009047000203281641,330,full
3545,10,76,2,2,true,false,0,0,270,4.996379183386671e-16,2.5996953263755116e-16,12,20,2,2,40,7,true,0.0,0.0,0.0,0.0,0.0,0.0,1.3499451936115964e-15,true,1.01844300392891e-15,true,1.2389405524275602e-15,0.009897699987050146,0.0012903999886475503,760,full
3546,4,68,2,1,true,false,0,0,189,3.878607570152201e-16,2.7705846494658854e-16,6,7,1,0,11,3,true,0.0,0.0,0.0,0.0,0.0,0.0,8.748225004043731e-16,true,1.1593579942307647e-16,true,8.743181118221242e-16,0.007577800017315894,0.0008085999870672822,272,full
3547,2,40,3,4,false,false,0,0,9,1.3036265659661488e-16,1.3036265659661488e-16,4,4,2,2,0,1,true,0.0,0.0,0.0,0.0,0.0,0.0,0.0,true,0.0,true,0.0,0.0017349000554531813,0.0006950999959371984,80,full
3548,2,113,2,3,true,false,0,0,42,1.875333138430903e-16,1.875333138430903e-16,2,5,0,1,7,2,true,0.0,0.0,0.0,0.0,0.0,0.0,2.358865644099177e-16,true,8.981622954738776e-22,true,2.360980529472295e-16,0.005132399965077639,0.0007705999887548387,226,full
3549,11,192,3,2,true,false,0,0,689,5.860198714896807e-16,5.664528488261069e-16,13,20,3,4,80,8,true,0.0,0.0,0.0,0.0,0.0,0.0,3.70540667173719e-15,true,1.023782215093204e-15,true,3.242230837770053e-15,0.027999599988106638,0.0013589999871328473,2112,full
3550,7,159,2,2,false,false,0,0,373,3.4816059781129133e-16,2.291730459852546e-16,8,9,1,4,51,5,true,0.0,0.0,0.0,0.0,0.0,0.0,8.541643357566994e-16,true,2.379751036520733e-16,true,8.541643357566994e-16,0.01609029999235645,0.0011085000005550683,1113,full
3551,11,247,3,2,false,false,0,0,825,4.3840787702432703e-16,4.384078770243273e-16,10,22,3,2,99,10,true,0.0,0.0,0.0,0.0,0.0,0.0,2.082263036533288e-15,true,2.5590037804868324e-16,true,2.217013069143251e-15,0.031132100033573806,0.0014672999968752265,2717,full
3552,6,232,3,1,true,false,0,0,623,6.264354697128031e-16,3.966826326834656e-16,6,9,3,5,47,5,true,0.0,0.0,0.0,0.0,0.0,0.0,1.3795538903879811e-15,true,2.297528370293375e-16,true,1.3795538903879811e-15,0.027914299978874624,0.001338800007943064,1392,full
3553,8,140,3,1,true,false,0,0,676,5.71937796382029e-16,3.392472820379467e-16,8,11,3,4,35,5,true,0.0,0.0,0.0,0.0,0.0,0.0,1.5630294572091044e-15,true,2.6053442751677824e-16,true,1.5645971670171964e-15,0.02107439999235794,0.001207199995405972,1120,full
3554,6,203,1,1,true,false,0,0,756,4.485548768039899e-16,2.751735691610137e-16,6,10,1,3,45,5,true,0.0,0.0,0.0,0.0,0.0,0.0,1.1885163004623708e-15,true,1.2213701270427466e-16,true,1.1905655620717627e-15,0.027706999971996993,0.0013413000269792974,1218,full
3555,7,53,1,5,true,false,0,0,58,3.1763548226675754e-16,2.1652361672194726e-16,7,10,2,0,14,7,true,0.0,0.0,0.0,0.0,0.0,0.0,2.1661771235482709e-16,true,2.1689945392305368e-16,true,2.1689945392305368e-16,0.0034842999884858727,0.0007736000115983188,371,full
3556,9,51,1,3,false,false,0,0,104,2.387429133410635e-16,2.059743999842108e-16,11,13,1,5,20,6,true,0.0,0.0,0.0,0.0,0.0,0.0,2.485941131018812e-16,true,3.705444366294928e-16,true,4.971882262037624e-16,0.004284600028768182,0.0007547999848611653,459,full
3557,2,93,3,1,false,false,0,0,134,1.714881200156801e-16,1.5459733201364965e-16,2,3,0,2,14,2,true,0.0,0.0,0.0,0.0,0.0,0.0,2.3231154790454916e-16,true,1.1230191759426767e-19,true,2.3231154790454916e-16,0.008464200014714152,0.0007870999979786575,186,full
3558,9,285,2,5,true,false,0,0,351,4.2388452379281905e-16,3.505776981422811e-16,14,15,1,3,104,7,true,0.0,0.0,0.0,0.0,0.0,0.0,6.169728707444735e-16,true,2.2609434467527906e-16,true,6.169728707444739e-16,0.021307500021066517,0.00260309997247532,2565,full
3559,11,127,2,1,true,true,2,0,764,4.929736902368564e-16,3.071008870185417e-16,9,24,4,5,42,8,,,,,,,,,true,1.2228804719053802e-16,,,0.02602599997771904,0.001250400033313781,1397,full
3560,6,281,3,4,true,false,0,0,296,4.009233941698509e-16,3.65072826718299e-16,6,9,0,3,81,5,true,0.0,0.0,0.0,0.0,0.0,0.0,2.1414276117034893e-15,true,3.630391131957056e-16,true,2.1378986496719653e-15,0.021608199982438236,0.0011764999944716692,1686,full
3561,9,157,1,3,true,false,0,0,336,3.8779975413272366e-16,3.3188736503848866e-16,8,18,2,2,63,9,true,0.0,0.0,0.0,0.0,0.0,0.0,1.1330524713361648e-15,true,3.8064852447848494e-16,true,1.25945749518525e-15,0.013835399993695319,0.001138299994636327,1413,full
3562,9,234,3,4,false,false,0,0,378,5.986706128401978e-16,4.1820480022628573e-16,8,12,3,1,96,9,true,0.0,0.0,0.0,0.0,0.0,0.0,1.0560111042707397e-15,true,5.222459944289227e-16,true,1.0444919888578453e-15,0.01918810000643134,0.0012113000266253948,2106,full
3563,8,135,3,4,true,false,0,0,182,5.752151713959354e-16,4.357761470203084e-16,8,11,1,3,46,7,true,0.0,0.0,0.0,0.0,0.0,0.0,8.312786993076744e-16,true,2.2014542817269798e-16,true,7.31097997440548e-16,0.010151800001040101,0.0011128000332973897,1080,full
3564,4,162,1,2,false,false,0,0,237,2.5058630076168127e-16,2.7603692293957717e-16,4,8,0,1,31,3,true,0.0,0.0,0.0,0.0,0.0,0.0,9.299829176732627e-16,true,2.180871218100119e-16,true,9.299829176732635e-16,0.011982600030023605,0.0009794999496079981,648,full
3565,4,121,3,3,false,false,0,0,74,2.439089048008653e-16,2.2149312704387826e-16,4,10,2,1,17,2,true,0.0,0.0,0.0,0.0,0.0,0.0,6.425060729322206e-16,true,2.359507280483792e-16,true,6.42506072932221e-16,0.0062676999950781465,0.0008545999880880117,484,full
3566,5,156,3,5,true,false,0,0,73,3.4708310730874663e-16,3.4708310730874663e-16,4,5,3,3,26,4,true,0.0,0.0,0.0,0.0,0.0,0.0,4.3999391604342135e-16,true,1.2430721494575539e-16,true,4.375396784201983e-16,0.006383100000675768,0.0009073999826796353,780,full
3567,7,198,3,2,true,false,0,0,442,4.1158405072251813e-16,4.1158405072251813e-16,3,7,2,0,54,7,true,0.0,0.0,0.0,0.0,0.0,0.0,6.357268010069127e-16,true,2.300557139409708e-16,true,7.823915725400486e-16,0.022767500020563602,0.0011570000206120312,1386,full
3568,5,96,3,1,true,false,0,0,288,3.4777574508329654e-16,2.5756253754111195e-16,6,10,1,2,18,4,true,0.0,0.0,0.0,0.0,0.0,0.0,1.7624601972496037e-15,true,1.177476352319483e-16,true,1.7624601972496037e-15,0.011399000009987503,0.0008901999681256711,480,full
3569,3,80,2,3,false,false,0,0,56,1.6704798027147252e-16,1.5770986226782744e-16,2,8,1,1,21,3,true,0.0,0.0,0.0,0.0,0.0,0.0,7.036525133837249e-16,true,1.1703607843405112e-16,true,7.038795292407966e-16,0.004002500034403056,0.0007377999718300998,240,full
3570,2,80,1,4,true,false,0,0,19,2.433406066971822e-16,2.433406066971822e-16,1,2,2,1,6,1,true,0.0,0.0,0.0,0.0,0.0,0.0,0.0,true,9.282707469832695e-22,true,9.282707469832695e-22,0.0025228000013157725,0.00105339998845011,160,full
3571,3,203,1,2,false,false,0,0,191,2.2282661803564073e-16,1.4726980243702995e-16,2,5,1,1,30,3,true,0.0,0.0,0.0,0.0,0.0,0.0,8.353943346044243e-16,true,1.188620795184561e-16,true,8.35394334604425e-16,0.012775500013958663,0.001061999995727092,609,full
3572,5,82,2,5,false,false,0,0,43,1.3638383919496519e-16,1.5014093702738935e-16,4,3,3,1,14,5,true,0.0,0.0,0.0,0.0,0.0,0.0,2.635233811612288e-16,true,1.179078366293908e-16,true,2.6482993249091993e-16,0.0035020000068470836,0.0007488999981433153,410,full
3573,4,143,3,1,false,false,0,0,299,1.6848695403982504e-16,1.5471544695623666e-16,6,6,2,1,12,4,true,0.0,0.0,0.0,0.0,0.0,0.0,4.959751242752685e-16,true,1.2386913032305418e-16,true,4.834939627464643e-16,0.0155316999880597,0.0011598000419326127,572,full
3574,9,293,3,3,true,false,0,0,616,8.518204626525483e-16,5.8017447829579e-16,10,14,1,4,113,7,true,0.0,0.0,0.0,0.0,0.0,0.0,1.228049128744058e-15,true,4.105974172360527e-16,true,1.216975122244384e-15,0.03090939996764064,0.0014150000060908496,2637,full
3575,4,228,1,3,false,false,0,0,169,1.844467575694684e-16,1.4731598103743618e-16,3,6,2,2,35,4,true,0.0,0.0,0.0,0.0,0.0,0.0,7.575139562211323e-16,true,3.802802775562052e-16,true,5.021093933456201e-16,0.011508200026582927,0.0010334999533370137,912,full
3576,4,227,3,2,false,false,0,0,248,1.964537321526754e-16,1.9642623164101873e-16,4,7,2,2,31,3,true,0.0,0.0,0.0,0.0,0.0,0.0,7.056622336109704e-16,true,1.194993589615969e-16,true,7.095035416064456e-16,0.015326299995649606,0.0010661999695003033,908,full
3577,5,220,3,3,false,false,0,0,251,2.596085657426779e-16,2.4446397062829276e-16,5,10,2,0,45,4,true,0.0,0.0,0.0,0.0,0.0,0.0,9.78560148423883e-16,true,2.436733850624318e-16,true,9.804941018926376e-16,0.01490639999974519,0.0010659999679774046,1100,full
3578,12,187,1,1,true,false,0,0,1632,7.031372399517228e-16,4.390089381910857e-16,10,20,1,2,107,10,true,0.0,0.0,0.0,0.0,0.0,0.0,2.1909439212625732e-15,true,2.258674652971335e-16,true,2.2436296016353428e-15,0.04068959999131039,0.001845400023739785,2244,full
3579,4,286,2,2,true,false,0,0,426,4.3230754348209418e-16,3.4723227571845882e-16,3,6,0,1,64,3,true,0.0,0.0,0.0,0.0,0.0,0.0,1.1509699595958828e-15,true,2.372637587463718e-16,true,1.148058964412944e-15,0.0232879999675788,0.001199799997266382,1144,full
3580,10,265,3,2,true,false,0,0,897,4.751671221032466e-16,7.181808372548625e-16,14,10,2,5,104,8,true,0.0,0.0,0.0,0.0,0.0,0.0,4.653831363361264e-15,true,2.720675570872841e-16,true,4.6508425475670165e-15,0.03565800003707409,0.0015397999668493867,2650,full
3581,6,64,1,2,false,false,0,0,120,3.2920647379813217e-16,3.292064737981322e-16,7,11,1,2,12,5,true,0.0,0.0,0.0,0.0,0.0,0.0,5.716651959769704e-16,true,2.7828937209437235e-16,true,5.716651959769704e-16,0.005178600025828928,0.0008565000025555491,384,full
3582,11,227,1,4,true,false,0,0,396,4.1120674978617227e-16,4.007095617262715e-16,16,12,3,2,88,9,true,0.0,0.0,0.0,0.0,0.0,0.0,1.4338694255974804e-15,true,2.343817188199982e-16,true,1.324274996607434e-15,0.01942070003133267,0.0014903999981470406,2497,full
3583,5,122,3,4,true,false,0,0,106,3.9370947401557105e-16,3.9370947401557085e-16,6,3,0,2,32,3,true,0.0,0.0,0.0,0.0,0.0,0.0,5.217272558806099e-16,true,1.2672714380271931e-16,true,5.217272558806099e-16,0.007144399976823479,0.0008979000267572701,610,full
3584,9,189,1,3,false,false,0,0,269,3.0472124671218253e-16,2.118925789284392e-16,11,8,5,4,53,5,true,0.0,0.0,0.0,0.0,0.0,0.0,9.198473078414035e-16,true,2.2374831037233697e-16,true,9.203659290100004e-16,0.013608899957034737,0.001170800009276718,1701,full
3585,5,236,3,1,true,false,0,0,636,3.381487749231455e-16,3.9747325328422125e-16,6,9,1,3,43,4,true,0.0,0.0,0.0,0.0,0.0,0.0,2.9707703623238437e-15,true,1.2697704456976346e-16,true,2.972997088715506e-15,0.027815400040708482,0.0016815999988466501,1180,full
3586,8,111,3,3,false,false,0,0,173,2.645411114440896e-16,5.082321174512426e-16,9,11,2,3,33,7,true,0.0,0.0,0.0,0.0,0.0,0.0,3.975450496842245e-16,true,1.3486097920634939e-16,true,3.9754504968422462e-16,0.008996700053103268,0.0009567999513819814,888,full
3587,4,130,1,4,true,false,0,0,95,3.2682553601340646e-16,2.8707689719519474e-16,5,8,1,1,25,3,true,0.0,0.0,0.0,0.0,0.0,0.0,1.7572232760416036e-15,true,1.189267340424414e-16,true,1.7586173778260142e-15,0.006535500055179,0.0009138999739661813,520,full
3588,6,67,2,2,true,false,0,0,133,5.342473905776861e-16,4.284183834168307e-16,5,13,1,2,15,5,true,0.0,0.0,0.0,0.0,0.0,0.0,1.419458832841344e-15,true,2.5045873305049156e-16,true,1.4284644784367407e-15,0.006639099970925599,0.0008715000003576279,402,full
3589,12,214,1,5,true,false,0,0,354,4.2488502849838295e-16,3.740451070852347e-16,15,15,4,3,118,10,true,0.0,0.0,0.0,0.0,0.0,0.0,1.7669170905325484e-15,true,1.2423293311774523e-16,true,1.7705721865374722e-15,0.020198200014419854,0.0012883999734185636,2568,full
3590,6,155,2,5,false,false,0,0,89,1.6726982319018583e-16,1.6726982319018583e-16,6,11,2,1,40,4,true,0.0,0.0,0.0,0.0,0.0,0.0,2.283030650412736e-16,true,1.141515325206368e-16,true,2.2857131043512847e-16,0.007021599973086268,0.0009766999864950776,930,full
3591,9,153,3,1,false,false,0,0,883,3.124299281261431e-16,4.0774194359201e-16,9,17,2,3,60,7,true,0.0,0.0,0.0,0.0,0.0,0.0,1.1034409129912825e-15,true,2.417982614416396e-16,true,1.107139739453917e-15,0.030224000045564026,0.0014943999703973532,1377,full
3592,9,152,3,4,false,false,0,0,235,6.293627233139063e-16,4.202192111195067e-16,6,18,1,4,48,6,true,0.0,0.0,0.0,0.0,0.0,0.0,4.859642258259871e-16,true,4.20730309864192e-16,true,6.191999065252961e-16,0.013070100045297295,0.0011168999481014907,1368,full
3593,9,119,2,1,false,false,0,0,807,3.370263297812711e-16,4.686431024277852e-16,10,11,1,1,35,9,true,0.0,0.0,0.0,0.0,0.0,0.0,2.0026184602363822e-15,true,3.589299267483855e-16,true,2.0047683306763042e-15,0.023353700002189726,0.0012193000293336809,1071,full
3594,5,115,2,1,true,false,0,0,457,3.869218543647499e-16,3.802262203462173e-16,5,3,1,0,26,5,true,0.0,0.0,0.0,0.0,0.0,0.0,1.397695555656041e-15,true,1.1200054103413163e-15,true,9.837333227594592e-16,0.01676849997602403,0.0010585000272840261,575,full
3595,12,101,3,2,true,false,0,0,397,3.695842829291946e-16,2.868315696997808e-16,14,15,2,3,42,5,true,0.0,0.0,0.0,0.0,0.0,0.0,8.479592034443672e-16,true,2.1999415289528952e-16,true,8.450833324060149e-16,0.015126500045880675,0.0011085999431088567,1212,full
3596,7,248,1,1,false,false,0,0,1195,3.0953059690545266e-16,2.1285771453292122e-16,9,16,3,0,66,4,true,0.0,0.0,0.0,0.0,0.0,0.0,2.0807504797487187e-15,true,3.679010999684722e-16,true,1.80334256065632e-15,0.03634839999722317,0.0015181999769993126,1736,full
3597,3,259,1,5,true,false,0,0,83,2.412142815676166e-16,2.412142815676166e-16,4,2,1,1,23,3,true,0.0,0.0,0.0,0.0,0.0,0.0,2.375916391990692e-16,true,3.645973248671496e-21,true,2.375916391990692e-16,0.008939900028053671,0.0010661999695003033,777,full
3598,8,186,3,3,true,false,0,0,274,5.937617295627508e-16,3.52103537562649e-16,8,11,4,3,39,6,true,0.0,0.0,0.0,0.0,0.0,0.0,8.781910780707288e-16,true,2.469369538051999e-16,true,8.481155932495334e-16,0.015356399992015213,0.001173800032120198,1488,full
3599,8,289,1,2,true,false,0,0,840,6.738297062553173e-16,5.154887047662569e-16,9,12,1,1,110,5,true,0.0,0.0,0.0,0.0,0.0,0.0,1.9077193665302137e-15,true,5.225935987417677e-16,true,1.9077193665302173e-15,0.031565000012051314,0.001541100034955889,2312,full
3600,5,96,1,1,false,false,0,0,307,2.272984789129405e-16,1.7715782470816495e-16,5,5,1,1,16,4,true,0.0,0.0,0.0,0.0,0.0,0.0,6.963950625973874e-16,true,1.1653157857318775e-16,true,6.954793355124884e-16,0.011388000042643398,0.0009259999496862292,480,full
3601,4,200,3,4,true,false,0,0,99,2.9848527808730256e-16,1.992151889037917e-16,3,3,2,2,26,2,true,0.0,0.0,0.0,0.0,0.0,0.0,3.50778561719642e-16,true,2.330184895229436e-16,true,3.50778561719642e-16,0.009151199948973954,0.0009785000002011657,800,full
3602,9,136,1,5,true,false,0,0,153,3.6062080905465644e-16,3.081870567604421e-16,10,18,4,1,52,5,true,0.0,0.0,0.0,0.0,0.0,0.0,4.853978297913131e-16,true,3.588631758962677e-16,true,4.853978297913133e-16,0.009612000023480505,0.001095400017220527,1224,full
3603,7,124,1,5,true,false,0,0,119,3.9137896525008804e-16,3.682386762028761e-16,6,9,2,2,34,6,true,0.0,0.0,0.0,0.0,0.0,0.0,9.684040404591932e-16,true,8.117188534622013e-16,true,9.684040404591941e-16,0.007798900012858212,0.0010089999996125698,868,full
3604,7,252,2,4,false,false,0,0,234,2.9988995046068056e-16,2.9988995046068046e-16,5,17,3,2,59,7,true,0.0,0.0,0.0,0.0,0.0,0.0,8.331338287774731e-16,true,1.384626300182571e-16,true,8.331338287774738e-16,0.015543199959211051,0.0013951000291854143,1764,full
3605,2,188,1,5,true,false,0,0,31,1.8098031571169118e-16,1.8098031571169118e-16,1,6,0,1,12,1,true,0.0,0.0,0.0,0.0,0.0,0.0,1.1326215785997554e-16,true,3.4298874386000356e-21,true,1.134193649067854e-16,0.005667400022502989,0.0010569000151008368,376,full
3606,2,223,1,4,false,false,0,0,87,1.2534399416831248e-16,1.3622693122109775e-16,2,4,0,0,18,2,true,0.0,0.0,0.0,0.0,0.0,0.0,5.938410146826346e-16,true,0.0,true,5.938353141485446e-16,0.008417200006078929,0.001006999984383583,446,full
3607,6,122,2,4,false,false,0,0,130,2.587323533193168e-16,1.7909373813949533e-16,7,2,0,4,38,5,true,0.0,0.0,0.0,0.0,0.0,0.0,3.423838482467912e-16,true,1.16007168110446e-16,true,4.5223880184740155e-16,0.008157500007655472,0.0009575000149197876,732,full
3608,12,246,3,4,true,false,0,0,461,4.3014939487740797e-16,5.105162663396626e-16,12,20,4,1,103,9,true,0.0,0.0,0.0,0.0,0.0,0.0,2.106987386216218e-15,true,2.5236178835671265e-16,true,2.106987386216218e-15,0.02499770000576973,0.0014147000038065016,2952,full
3609,11,273,3,3,true,true,1,0,711,9.6008206597916e-16,4.878668353318058e-16,11,16,2,2,127,10,,,,,,,,,true,4.790897226436876e-16,,,0.033806599967647344,0.0015029000351205468,3003,full
3610,4,144,2,4,true,false,0,0,104,2.491769986483105e-16,2.1137728943658925e-16,4,6,0,0,34,3,true,0.0,0.0,0.0,0.0,0.0,0.0,6.875300649141801e-16,true,1.1449113704053177e-16,true,6.859091673345558e-16,0.008068999974057078,0.0008972000214271247,576,full
3611,5,257,2,3,true,false,0,0,276,4.946640278223311e-16,2.83169173941421e-16,5,4,1,3,62,5,true,0.0,0.0,0.0,0.0,0.0,0.0,7.011208599840843e-16,true,1.2703614340765255e-16,true,7.905319597714874e-16,0.016796700016129762,0.001254800008609891,1285,full
3612,7,173,2,1,true,false,0,0,832,4.314368401638207e-16,4.674111317753409e-16,4,9,1,3,52,5,true,0.0,0.0,0.0,0.0,0.0,0.0,1.1847147614030804e-15,true,3.4999075298040584e-16,true,1.181629073484354e-15,0.026276700024027377,0.0013283999869599938,1211,full
3613,9,60,2,3,true,false,0,0,123,3.132843551637566e-16,2.5253658136860507e-16,10,12,3,3,25,5,true,0.0,0.0,0.0,0.0,0.0,0.0,1.1731543081467572e-15,true,2.2872369331076824e-16,true,1.173657504419871e-15,0.005994900013320148,0.0009194000158458948,540,full
3614,5,95,2,1,false,false,0,0,318,2.5815918159849073e-16,1.4591123335470425e-16,3,7,2,2,23,4,true,0.0,0.0,0.0,0.0,0.0,0.0,5.978740398045203e-16,true,1.1916618272717453e-16,true,5.971668482390375e-16,0.011662400036584586,0.000990699976682663,475,full
3615,10,243,2,5,true,false,0,0,297,4.287136183018238e-16,4.68544767108282e-16,10,13,2,5,82,8,true,0.0,0.0,0.0,0.0,0.0,0.0,2.1274677579426104e-15,true,1.9960672958060294e-16,true,2.1027221807064683e-15,0.017613999953027815,0.001623000018298626,2430,full
3616,10,65,3,4,true,false,0,0,121,3.5776385816082244e-16,2.043818773923577e-16,11,16,1,4,30,8,true,0.0,0.0,0.0,0.0,0.0,0.0,8.690237155348985e-16,true,1.2413644442146278e-16,true,9.98229402606764e-16,0.006892000033985823,0.001002499950118363,650,full
3617,3,201,3,5,true,false,0,0,46,2.2560983158829167e-16,2.8521784911637414e-16,5,6,2,1,16,3,true,0.0,0.0,0.0,0.0,0.0,0.0,6.826810035786474e-16,true,8.639244361429064e-22,true,6.826810035786478e-16,0.0072791000129655,0.0010115000186488032,603,full
3618,11,295,3,3,true,false,0,0,769,5.99643616345138e-16,4.312757942407845e-16,8,12,1,1,157,9,true,0.0,0.0,0.0,0.0,0.0,0.0,1.7757968444750195e-15,true,8.900416594608306e-16,true,1.1838645629833464e-15,0.03864129999419674,0.0015962999896146357,3245,full
3619,3,249,3,5,false,false,0,0,108,2.757032616475521e-16,2.757032616475521e-16,2,6,0,2,30,2,true,0.0,0.0,0.0,0.0,0.0,0.0,3.999228911055791e-16,true,1.982914993481104e-16,true,3.9992289110557926e-16,0.010639100044500083,0.001116100000217557,747,full
3620,12,238,3,1,true,false,0,0,1813,5.647946880502424e-16,6.641638471275156e-16,13,20,3,4,120,6,true,0.0,0.0,0.0,0.0,0.0,0.0,2.15962193681225e-15,true,1.1303431387201708e-15,true,2.6950652070480473e-15,0.04990469996118918,0.002949399990029633,2856,full
3621,3,118,1,4,false,false,0,0,53,1.894372348659572e-16,1.6324502433633825e-16,4,2,1,1,19,3,true,0.0,0.0,0.0,0.0,0.0,0.0,2.4079626299216644e-16,true,1.1911168824368032e-16,true,3.5733506473104084e-16,0.005216399964410812,0.0019274000078439713,354,full
3622,2,54,3,1,false,false,0,0,54,1.4784263460431111e-16,1.718358996558981e-16,4,5,1,0,6,2,true,0.0,0.0,0.0,0.0,0.0,0.0,2.319778082629029e-16,true,0.0,true,2.319778082629029e-16,0.0020829999702982605,0.0004716000403277576,108,full
3623,6,124,3,2,false,false,0,0,251,2.8124018526777004e-16,2.8124018526776994e-16,5,10,2,3,32,4,true,0.0,0.0,0.0,0.0,0.0,0.0,4.815072378918474e-16,true,2.407536189459238e-16,true,4.83213200154214e-16,0.006502999982330948,0.0005713000427931547,744,full
3624,12,200,1,4,false,false,0,0,321,5.792589588302024e-16,5.529727786779404e-16,5,18,5,5,84,8,true,0.0,0.0,0.0,0.0,0.0,0.0,1.0001942183694665e-15,true,3.6060472172124427e-16,true,8.998595987495337e-16,0.008596699975896627,0.000728100014384836,2400,full
3625,3,239,2,3,true,false,0,0,200,3.199433921159603e-16,2.3876367256336766e-16,3,4,0,0,29,3,true,0.0,0.0,0.0,0.0,0.0,0.0,1.154316063493503e-15,true,1.240288877747404e-16,true,1.1543160634935044e-15,0.006749899999704212,0.0005625999765470624,717,full
3626,6,288,1,1,true,false,0,0,885,3.8229765122447374e-16,3.8940133190665337e-16,7,12,3,3,57,5,true,0.0,0.0,0.0,0.0,0.0,0.0,1.299312507055363e-15,true,1.2307957554002923e-16,true,1.3015651172127016e-15,0.018803299986757338,0.000813600025139749,1728,full
3627,6,112,3,5,true,false,0,0,91,2.384039882334841e-16,2.287542978830582e-16,7,10,4,1,29,4,true,0.0,0.0,0.0,0.0,0.0,0.0,6.337090825619735e-16,true,1.2842112325173612e-16,true,7.223162177264929e-16,0.0035847999970428646,0.0004762000171467662,672,full
3628,2,96,1,4,true,false,0,0,33,2.716366301701993e-16,2.2669407699956054e-16,1,3,0,2,8,2,true,0.0,0.0,0.0,0.0,0.0,0.0,8.801303631331669e-16,true,1.7497876098879586e-21,true,8.801303631331677e-16,0.0017114999936893582,0.0003887999919243157,192,full
3629,2,159,2,4,true,false,0,0,63,2.484937997054193e-16,2.8133998471115084e-16,2,3,0,1,12,1,true,0.0,0.0,0.0,0.0,0.0,0.0,4.833760811144603e-16,true,3.534852770618291e-21,true,4.828469587311031e-16,0.0031193000031635165,0.00045989995123818517,318,full
3630,2,166,3,1,true,false,0,0,223,2.80744142884836e-16,2.8074414288483603e-16,1,2,0,1,12,0,true,0.0,0.0,0.0,0.0,0.0,0.0,4.741544368813707e-16,true,8.909761268289675e-22,true,4.740076707463678e-16,0.006729000015184283,0.0005233000265434384,332,full
3631,11,289,3,5,true,false,0,0,442,3.9300299690773633e-16,3.381656166543635e-16,15,14,3,2,149,8,true,0.0,0.0,0.0,0.0,0.0,0.0,1.3510677001707415e-15,true,2.68346769749886e-16,true,1.3476715107543776e-15,0.014763700019102544,0.0008916999795474112,3179,full
3632,4,108,2,3,true,false,0,0,108,3.521391347028064e-16,4.766524199015889e-16,6,5,1,2,20,3,true,0.0,0.0,0.0,0.0,0.0,0.0,2.638067210480243e-16,true,1.3040476397204518e-16,true,3.9121429191613546e-16,0.0033856999943964183,0.00042779999785125256,432,full
3633,6,53,3,3,true,false,0,0,61,5.521262666698507e-16,2.194256649386702e-16,10,9,1,1,8,6,true,0.0,0.0,0.0,0.0,0.0,0.0,1.4532191529406245e-15,true,3.45114721660794e-16,true,1.4388341109593071e-15,0.001987299998290837,0.0003744999994523823,318,full
3634,2,222,3,3,false,false,0,0,90,2.1374739306511478e-16,2.1374739306511488e-16,1,3,1,0,18,1,true,0.0,0.0,0.0,0.0,0.0,0.0,8.442617837265798e-16,true,0.0,true,8.461799568488772e-16,0.00449670001398772,0.0005590000073425472,444,full
3635,11,108,3,1,false,false,0,0,750,2.703409561623539e-16,2.8289444015059097e-16,12,13,3,3,47,9,true,0.0,0.0,0.0,0.0,0.0,0.0,2.333843447520348e-15,true,2.488186694809421e-16,true,2.322162966489503e-15,0.01099799998337403,0.00062369997613132,1188,full
3636,4,289,1,2,true,false,0,0,260,4.025931177629389e-16,3.9468721138405534e-16,5,6,2,2,36,3,true,0.0,0.0,0.0,0.0,0.0,0.0,8.79874992053619e-16,true,2.107852909747599e-16,true,8.796265434635166e-16,0.009155799984000623,0.0006327000446617603,1156,full
3637,11,153,3,5,false,false,0,0,224,4.91600140677491e-16,3.439908854683717e-16,14,14,3,3,63,7,true,0.0,0.0,0.0,0.0,0.0,0.0,4.1792551396748357e-16,true,2.328306436538696e-16,true,4.242254038946513e-16,0.0069228000356815755,0.0005729999975301325,1683,full
3638,7,102,1,5,true,false,0,0,89,5.066582114909277e-16,3.5617497686248582e-16,5,10,2,3,24,5,true,0.0,0.0,0.0,0.0,0.0,0.0,7.001100533202944e-16,true,5.949362920252099e-16,true,1.272414739124079e-15,0.0030116999987512827,0.00043539999751374125,714,full
3639,2,51,3,5,true,false,0,0,13,1.6020303351855358e-16,1.6020303351855358e-16,2,2,1,0,5,2,true,0.0,0.0,0.0,0.0,0.0,0.0,2.3504417933672605e-16,true,4.482073918238029e-22,true,2.3550672682932284e-16,0.0008922999841161072,0.0005808999994769692,102,full
3640,4,203,1,4,false,false,0,0,147,2.78838903373908e-16,3.393123188362239e-16,3,5,0,1,40,3,true,0.0,0.0,0.0,0.0,0.0,0.0,5.266099353168803e-16,true,4.897058139668254e-16,true,3.599335094837292e-16,0.005237000004854053,0.0005119999987073243,812,full
3641,2,144,3,3,true,false,0,0,77,1.930027381638385e-16,2.572648565520078e-16,2,3,0,0,5,2,true,0.0,0.0,0.0,0.0,0.0,0.0,9.339759174948884e-16,true,1.7629135297436387e-21,true,9.360469861042085e-16,0.003360499977134168,0.0004425000515766442,288,full
3642,11,118,3,5,true,false,0,0,191,5.828662988607928e-16,5.828662988607923e-16,8,23,3,3,60,8,true,0.0,0.0,0.0,0.0,0.0,0.0,1.251984611882036e-15,true,3.2722318532535734e-16,true,1.2168596451387682e-15,0.006874299957416952,0.0005573999951593578,1298,full
3643,12,299,1,1,true,true,1,0,2302,5.787613169908835e-16,4.556668128449411e-16,7,13,3,3,130,11,,,,,,,,,true,6.671531624875285e-16,,,0.03352910000830889,0.0013253000215627253,3588,full
3644,6,189,2,3,true,false,0,0,297,4.422927982686989e-16,3.5681209111115963e-16,8,8,1,0,61,4,true,0.0,0.0,0.0,0.0,0.0,0.0,7.875784037857436e-16,true,3.4483816058645664e-16,true,8.285283149974309e-16,0.0078084999695420265,0.0006139000179246068,1134,full
3645,9,172,3,5,true,true,1,0,190,3.9753112240543315e-16,3.9265705355773334e-16,8,9,4,1,56,6,,,,,,,,,true,6.588051936898978e-16,,,0.006532300030812621,0.0005939999828115106,1548,full
3646,7,99,1,3,true,false,0,0,126,3.387539495111951e-16,2.4050871915098527e-16,3,12,3,3,28,5,true,0.0,0.0,0.0,0.0,0.0,0.0,4.412696474089338e-16,true,2.2569996330825106e-16,true,4.41269647408934e-16,0.0034301000414416194,0.00045419996604323387,693,full
3647,8,87,3,4,false,false,0,0,95,1.94360642602096e-16,2.0684370172135585e-16,5,10,2,2,19,4,true,0.0,0.0,0.0,0.0,0.0,0.0,4.495729745465878e-16,true,1.1704281522482174e-16,true,4.512258010887835e-16,0.0031977000180631876,0.00047119997907429934,696,full
3648,9,295,1,4,false,false,0,0,409,4.512442777774548e-16,3.109413978466476e-16,13,16,2,3,120,6,true,0.0,0.0,0.0,0.0,0.0,0.0,9.433231265732174e-16,true,3.1121406974754315e-16,true,9.42371644656274e-16,0.015064300037920475,0.0008521999698132277,2655,full
3649,8,71,2,4,false,false,0,0,84,2.126150831440483e-16,3.0996431825322123e-16,7,14,3,2,25,7,true,0.0,0.0,0.0,0.0,0.0,0.0,2.498735917687368e-16,true,1.2531886263732036e-16,true,2.483715785925754e-16,0.002689999993890524,0.0006105000502429903,568,full
3650,7,52,2,4,true,false,0,0,47,3.550660312661136e-16,1.6560379025956453e-16,8,13,3,3,15,5,true,0.0,0.0,0.0,0.0,0.0,0.0,2.705455551725212e-16,true,3.0656201407601006e-17,true,2.705455551725213e-16,0.0020043000113219023,0.0005028999876230955,364,full
3651,4,207,3,1,false,false,0,0,393,2.9201749279457197e-16,2.0554677514624334e-16,3,7,3,0,26,3,true,0.0,0.0,0.0,0.0,0.0,0.0,1.2336445763112375e-15,true,1.2144832586426392e-16,true,1.2307161912934638e-15,0.010730199981480837,0.0006407999899238348,828,full
3652,11,106,3,2,false,false,0,0,392,4.747288179714545e-16,4.725999891913133e-16,8,22,3,4,47,8,true,0.0,0.0,0.0,0.0,0.0,0.0,5.920953586796613e-16,true,2.911266204513125e-16,true,6.033626222241484e-16,0.009186200040858239,0.0006489999941550195,1166,full
3653,11,188,1,5,false,false,0,0,234,3.496949175415188e-16,2.827737938491438e-16,13,22,4,3,80,9,true,0.0,0.0,0.0,0.0,0.0,0.0,7.499462855050533e-16,true,2.446050685974427e-16,true,7.499462855050533e-16,0.007306599989533424,0.0006281000096350908,2068,full
3654,5,195,1,5,true,false,0,0,125,3.716709743724318e-16,2.9138643380548536e-16,7,2,1,1,48,5,true,0.0,0.0,0.0,0.0,0.0,0.0,8.405955451005782e-16,true,2.0882126444584548e-16,true,8.379159018806901e-16,0.004787500016391277,0.0006412999937310815,975,full
3655,4,282,3,1,false,false,0,0,791,3.1141363894782536e-16,2.4676038315422318e-16,2,5,0,1,60,4,true,0.0,0.0,0.0,0.0,0.0,0.0,1.645104475099997e-15,true,4.072997354156177e-16,true,1.367273276849032e-15,0.01920749997952953,0.0011286999797448516,1128,full
3656,4,251,1,2,false,false,0,0,340,2.4646807037903277e-16,2.402804005253379e-16,5,6,2,1,45,1,true,0.0,0.0,0.0,0.0,0.0,0.0,9.269649347179105e-16,true,1.1544851543719177e-16,true,9.26052313933547e-16,0.008935699996072799,0.0007113000028766692,1004,full
3657,8,180,3,2,true,false,0,0,451,5.567065387523129e-16,3.104517808628507e-16,4,11,4,1,46,7,true,0.0,0.0,0.0,0.0,0.0,0.0,1.835072966555214e-15,true,7.014382457426725e-16,true,1.4053036424316915e-15,0.009416300046723336,0.0006237999768927693,1440,full
3658,11,210,2,1,false,false,0,0,1116,5.851179225129153e-16,4.2591980208868986e-16,9,19,6,7,71,11,true,0.0,0.0,0.0,0.0,0.0,0.0,1.5520598249146427e-15,true,8.776768837693729e-16,true,9.793224311713049e-16,0.017480299982707947,0.0009046000195667148,2310,full
3659,6,256,2,2,true,false,0,0,576,5.293724656184953e-16,2.6057010678557585e-16,5,8,0,2,59,5,true,0.0,0.0,0.0,0.0,0.0,0.0,2.4143654171412342e-15,true,3.6531261869435344e-16,true,2.418012930191637e-15,0.012997600017115474,0.0007036000024527311,1536,full
3660,4,65,1,3,true,false,0,0,64,4.909947027276459e-16,2.5876441377008956e-16,4,8,1,2,13,3,true,0.0,0.0,0.0,0.0,0.0,0.0,3.6550163786309786e-16,true,1.2149379087353567e-16,true,3.65501637863098e-16,0.00194089999422431,0.00038649997441098094,260,full
3661,4,96,3,5,true,false,0,0,30,2.285145809406284e-16,1.85323054895547e-16,0,5,2,3,9,3,true,0.0,0.0,0.0,0.0,0.0,0.0,2.338047951537984e-16,true,2.90100070776953e-17,true,2.3554053892109015e-16,0.0019387000356800854,0.0004444999503903091,384,full
3662,7,277,2,4,true,false,0,0,280,4.925476051477785e-16,4.895171894833734e-16,5,12,5,2,68,5,true,0.0,0.0,0.0,0.0,0.0,0.0,1.7383197169855243e-15,true,2.4646840296915563e-16,true,1.7336296695453441e-15,0.010776900046039373,0.0007602999685332179,1939,full
3663,11,219,1,4,true,false,0,0,360,5.625691236422705e-16,3.4506215666460575e-16,11,10,3,4,86,9,true,0.0,0.0,0.0,0.0,0.0,0.0,1.0118837140679732e-15,true,1.4589827068719442e-16,true,1.0113219435317623e-15,0.009726400021463633,0.0007093999884091318,2409,full
3664,12,103,2,1,false,false,0,0,819,3.1422203354514696e-16,3.5141391501317034e-16,15,20,3,3,43,8,true,0.0,0.0,0.0,0.0,0.0,0.0,1.3605216167028756e-15,true,2.5425951679238156e-16,true,1.3874411608913189e-15,0.011108699953183532,0.0006785000441595912,1236,full
3665,8,284,3,5,true,false,0,0,300,6.301368381868544e-16,4.033681813532158e-16,7,17,4,1,100,6,true,0.0,0.0,0.0,0.0,0.0,0.0,8.862220949552438e-16,true,1.0869444983329865e-15,true,1.6672104747290701e-15,0.010713599971495569,0.0007584000122733414,2272,full
3666,5,289,1,2,false,false,0,0,301,1.7561078735684888e-16,1.7561078735684883e-16,5,6,3,1,39,2,true,0.0,0.0,0.0,0.0,0.0,0.0,4.739180274969301e-16,true,1.1447497773713209e-16,true,4.739180274969303e-16,0.009452400030568242,0.0007445999654009938,1445,full
3667,8,251,2,2,true,false,0,0,444,5.292155080422251e-16,3.6285351498242667e-16,8,9,6,3,54,6,true,0.0,0.0,0.0,0.0,0.0,0.0,1.809698920554726e-15,true,2.301421133549889e-16,true,1.8074509075474268e-15,0.010757700016256422,0.0007169999880716205,2008,full
3668,8,130,2,1,false,false,0,0,506,5.00240292168225e-16,4.1683785756100116e-16,11,12,4,3,20,3,true,0.0,0.0,0.0,0.0,0.0,0.0,1.1048532023788235e-15,true,2.4254074771792727e-16,true,1.1047686928549938e-15,0.008629799995105714,0.000624600041192025,1040,full
3669,5,138,1,4,false,false,0,0,115,1.4371009180062834e-16,1.4371009180062837e-16,5,12,1,2,26,4,true,0.0,0.0,0.0,0.0,0.0,0.0,2.392114924138021e-16,true,1.1982748598351093e-16,true,3.5263231408803903e-16,0.0036851000040769577,0.00044700002763420343,690,full
3670,7,133,2,5,true,false,0,0,135,4.035100701445775e-16,2.1231043155333744e-16,8,10,1,1,44,7,true,0.0,0.0,0.0,0.0,0.0,0.0,6.765308222182522e-16,true,1.1734874778708766e-16,true,6.785065070152146e-16,0.004738899995572865,0.0005446000141091645,931,full
3671,6,252,2,4,true,false,0,0,239,3.8282231211588016e-16,3.5214877030813236e-16,5,12,2,1,58,6,true,0.0,0.0,0.0,0.0,0.0,0.0,7.225016302798363e-16,true,2.277396047278522e-16,true,8.420191477253568e-16,0.008193899993784726,0.0006251999875530601,1512,full
3672,10,163,1,2,true,false,0,0,611,3.9602634456332365e-16,3.5317675948773453e-16,7,12,0,3,65,7,true,0.0,0.0,0.0,0.0,0.0,0.0,1.907966047472931e-15,true,6.412807958649807e-16,true,1.9079660474729346e-15,0.011013299983460456,0.0007517000194638968,1630,full
3673,3,278,2,2,true,false,0,0,199,2.319834646535195e-16,2.319834646535196e-16,4,7,1,1,37,3,true,0.0,0.0,0.0,0.0,0.0,0.0,8.938136542400271e-16,true,1.1505849757835145e-16,true,8.982911971291981e-16,0.007721499947365373,0.0008882000111043453,834,full
3674,4,223,1,2,true,false,0,0,258,3.424139762082352e-16,2.9810710121620022e-16,2,9,2,2,27,3,true,0.0,0.0,0.0,0.0,0.0,0.0,8.572660064395468e-16,true,1.1288598080662248e-16,true,8.572660064395475e-16,0.007223300053738058,0.0005987999611534178,892,full
3675,11,57,3,5,true,false,0,0,82,2.9507764540976397e-16,1.67179585017169e-16,11,13,2,6,26,9,true,0.0,0.0,0.0,0.0,0.0,0.0,7.410571904769576e-16,true,1.2350953174615958e-16,true,8.56262053042321e-16,0.002707500010728836,0.00045280001359060407,627,full
3676,3,206,3,5,true,false,0,0,66,2.088035149211685e-16,1.9647481186674688e-16,5,7,2,1,17,2,true,0.0,0.0,0.0,0.0,0.0,0.0,4.863332779223479e-16,true,7.617690464013962e-18,true,4.859287299443774e-16,0.003921199997421354,0.0005056000081822276,618,full
3677,12,90,1,3,true,false,0,0,235,4.042369409023468e-16,3.6656800107444347e-16,12,24,2,3,43,8,true,0.0,0.0,0.0,0.0,0.0,0.0,1.3089423108181889e-15,true,6.359863124469084e-16,true,1.7447132842532358e-15,0.005029699997976422,0.0005278000026009977,1080,full
3678,2,297,3,2,true,false,0,0,184,2.320555883122802e-16,1.9307484544756705e-16,3,2,1,1,22,2,true,0.0,0.0,0.0,0.0,0.0,0.0,4.682132739776407e-16,true,1.771963441086829e-21,true,4.673056488333822e-16,0.007314399990718812,0.0005504000000655651,594,full
3679,6,106,2,2,true,false,0,0,232,3.0637322803877553e-16,2.6899493576901337e-16,8,7,2,1,24,4,true,0.0,0.0,0.0,0.0,0.0,0.0,1.6075778492385358e-15,true,1.2713118763703962e-16,true,1.6527054392815175e-15,0.005876899987924844,0.0005877999938093126,636,full
3680,6,160,3,3,true,false,0,0,216,3.9452400005317955e-16,2.3230282566441936e-16,4,14,1,2,43,4,true,0.0,0.0,0.0,0.0,0.0,0.0,6.9193084158322e-16,true,2.320778863644615e-16,true,6.9193084158322e-16,0.0071362999733537436,0.0006101999897509813,960,full
3681,7,129,1,4,false,false,0,0,141,2.652770558607224e-16,2.364182689858591e-16,8,9,3,2,33,6,true,0.0,0.0,0.0,0.0,0.0,0.0,6.034712827567898e-16,true,1.243931709095167e-16,true,6.519649973388856e-16,0.003974099992774427,0.00047420000191777945,903,full
3682,2,237,3,4,false,false,0,0,60,1.276058368387176e-16,1.2760583683871763e-16,4,1,1,2,20,1,true,0.0,0.0,0.0,0.0,0.0,0.0,2.3334446550305827e-16,true,0.0,true,2.3343673619033515e-16,0.0036693000001832843,0.0005309000262059271,474,full
3683,9,144,1,2,true,false,0,0,470,3.947849995429829e-16,4.12623862858944e-16,13,10,0,3,64,7,true,0.0,0.0,0.0,0.0,0.0,0.0,9.124865689684105e-16,true,2.2213794170005784e-16,true,9.095378813523845e-16,0.00902610004413873,0.0006291999598033726,1296,full
3684,6,93,3,5,false,false,0,0,79,2.805696154364997e-16,1.4109964750803958e-16,3,10,1,0,23,5,true,0.0,0.0,0.0,0.0,0.0,0.0,6.08174176915343e-16,true,3.6555040513018583e-16,true,3.6490450614920596e-16,0.0029927000286988914,0.0004275999963283539,558,full
3685,8,190,1,2,false,false,0,0,554,3.51370257716569e-16,2.6683459814537485e-16,8,10,1,2,77,8,true,0.0,0.0,0.0,0.0,0.0,0.0,6.907727765022573e-16,true,5.1970121335642785e-16,true,5.316401039777871e-16,0.010425799991935492,0.0006318999803625047,1520,full
3686,12,266,3,2,true,false,0,0,868,5.152594133188667e-16,4.238012431805244e-16,15,14,4,3,109,9,true,0.0,0.0,0.0,0.0,0.0,0.0,1.8817462955551744e-15,true,2.5649079271136074e-16,true,1.8802637137505438e-15,0.017679299984592944,0.0009217000333592296,3192,full
3687,10,78,1,3,true,false,0,0,166,4.113898518804817e-16,2.7862242692468274e-16,8,20,1,5,20,9,true,0.0,0.0,0.0,0.0,0.0,0.0,1.7485945557261031e-15,true,2.2400127517374347e-16,true,1.747201307824184e-15,0.004780100018251687,0.0004708999767899513,780,full
3688,11,250,3,1,false,false,0,0,1549,5.483540270538822e-16,3.747836610662748e-16,9,15,3,3,96,9,true,0.0,0.0,0.0,0.0,0.0,0.0,1.265798009896772e-15,true,6.38451414399338e-16,true,1.436515682398512e-15,0.021984599996358156,0.0009539999882690609,2750,full
3689,3,256,1,2,true,false,0,0,250,3.5056289711899314e-16,2.8048381478378647e-16,4,4,2,2,25,2,true,0.0,0.0,0.0,0.0,0.0,0.0,1.2511210926131652e-15,true,1.147359071018289e-16,true,1.2543782941327324e-15,0.007425599964335561,0.0005647999932989478,768,full
3690,7,172,3,5,true,false,0,0,167,2.6054156630852515e-16,2.0697677561222603e-16,7,5,2,0,48,6,true,0.0,0.0,0.0,0.0,0.0,0.0,1.377305489073462e-15,true,2.26037168354141e-16,true,1.3800007729325182e-15,0.005963900010101497,0.0005566999898292124,1204,full
3691,8,266,3,3,false,false,0,0,448,4.574434350800611e-16,3.7999166191526813e-16,9,11,2,1,97,8,true,0.0,0.0,0.0,0.0,0.0,0.0,1.2444825019433293e-15,true,7.94314919621046e-16,true,8.367482390646494e-16,0.012352299992926419,0.0007186000002548099,2128,full
3692,3,136,1,3,true,false,0,0,105,1.7606475542792433e-16,3.635701441772986e-16,2,6,0,1,22,3,true,0.0,0.0,0.0,0.0,0.0,0.0,1.63283290043186e-15,true,1.1466421000793503e-16,true,1.6254090460674413e-15,0.0040213000029325485,0.0004637999809347093,408,full
3693,11,252,1,3,true,false,0,0,567,6.941904465842487e-16,3.834667365246604e-16,13,22,6,2,99,9,true,0.0,0.0,0.0,0.0,0.0,0.0,1.3157187393418047e-15,true,2.4527031118242956e-16,true,1.3173485546852532e-15,0.012533999979496002,0.0007771000382490456,2772,full
3694,7,103,2,1,false,false,0,0,399,3.434843371484744e-16,2.515012500505906e-16,11,5,2,5,22,7,true,0.0,0.0,0.0,0.0,0.0,0.0,4.918055358345398e-16,true,4.71770218007508e-16,true,3.5382766350563106e-16,0.007064800010994077,0.0005210999515838921,721,full
3695,11,89,3,5,false,false,0,0,119,4.3504712080005984e-16,5.505562228601732e-16,15,17,1,7,37,10,true,0.0,0.0,0.0,0.0,0.0,0.0,4.1627439072556335e-16,true,4.209570517359051e-16,true,6.253683551955822e-16,0.0037321000127121806,0.0004341999883763492,979,full
3696,5,135,3,3,false,false,0,0,155,2.424654548438749e-16,3.2840869925738403e-16,5,9,1,2,23,5,true,0.0,0.0,0.0,0.0,0.0,0.0,1.0517652389860578e-15,true,1.182026538189043e-16,true,1.0517652389860578e-15,0.004531199985649437,0.0004634000360965729,675,full
3697,11,163,2,4,false,false,0,0,304,5.115916259294022e-16,3.916617247214259e-16,9,10,2,5,71,9,true,0.0,0.0,0.0,0.0,0.0,0.0,4.521542041332231e-16,true,4.445087410071814e-16,true,4.297506975567065e-16,0.008027899952139705,0.0006194000015966594,1793,full
3698,4,61,2,3,false,false,0,0,49,1.4087659530045025e-16,1.124899033111557e-16,3,4,3,2,9,3,true,0.0,0.0,0.0,0.0,0.0,0.0,1.1716217861652426e-16,true,5.854611752745985e-17,true,1.1716217861652428e-16,0.0016973000019788742,0.00037949997931718826,244,full
3699,7,82,3,2,false,false,0,0,150,3.568383118577043e-16,3.1327151362295877e-16,9,10,4,4,17,4,true,0.0,0.0,0.0,0.0,0.0,0.0,8.125834709329829e-16,true,3.7988565150414543e-16,true,5.417223139553219e-16,0.0038330000243149698,0.0004655999946407974,574,full
3700,4,278,3,1,true,false,0,0,695,2.9283570798348765e-16,3.138390265140908e-16,8,9,3,2,52,3,true,0.0,0.0,0.0,0.0,0.0,0.0,1.1676219660074565e-15,true,1.3302017977897333e-16,true,1.1686051481723581e-15,0.01829500001622364,0.0009241999941878021,1112,full
3701,3,265,1,5,false,false,0,0,113,2.0711325893951292e-16,1.501551817598246e-16,4,4,1,1,34,2,true,0.0,0.0,0.0,0.0,0.0,0.0,7.219745003892079e-16,true,1.201109659158923e-16,true,7.175907288361371e-16,0.0050137999933212996,0.0005569999921135604,795,full
3702,6,101,3,4,false,false,0,0,89,4.912050116698856e-16,4.912050116698854e-16,5,9,1,4,24,4,true,0.0,0.0,0.0,0.0,0.0,0.0,8.385595175454604e-16,true,2.6554479072433706e-16,true,8.387561723085041e-16,0.003275299968663603,0.0005306000239215791,606,full
3703,3,120,2,3,true,false,0,0,77,2.8881925859338953e-16,2.2557872512006083e-16,5,4,0,2,10,1,true,0.0,0.0,0.0,0.0,0.0,0.0,9.152516949027452e-16,true,1.3881300075355726e-17,true,9.148685184596945e-16,0.003251300018746406,0.0005236999713815749,360,full
3704,3,153,1,4,true,false,0,0,67,2.5119999208751944e-16,1.9394661812038444e-16,2,5,1,2,10,2,true,0.0,0.0,0.0,0.0,0.0,0.0,2.3247943299058065e-16,true,1.7781897999455252e-21,true,2.326026975047648e-16,0.0031103999936021864,0.0004628999740816653,459,full
3705,11,66,1,1,true,false,0,0,446,4.723374994835387e-16,4.47920985607985e-16,7,10,6,4,29,9,true,0.0,0.0,0.0,0.0,0.0,0.0,7.037154026913232e-16,true,5.90343128795398e-16,true,1.2031064207738376e-15,0.006257199973333627,0.0005509000038728118,726,full
3706,12,73,2,5,true,false,0,0,104,3.028617356903851e-16,3.044859328501061e-16,14,15,4,3,39,7,true,0.0,0.0,0.0,0.0,0.0,0.0,7.277787483998369e-16,true,2.353537353441455e-16,true,8.235904651454089e-16,0.003547700005583465,0.0004471999709494412,876,full
3707,8,243,1,2,false,false,0,0,697,3.209142760165524e-16,2.7881756928380177e-16,11,17,1,4,70,6,true,0.0,0.0,0.0,0.0,0.0,0.0,5.023475368191955e-16,true,2.4051932342379303e-16,true,4.964532344040147e-16,0.013037800032179803,0.00078219996066764,1944,full
3708,2,235,3,5,true,false,0,0,63,2.716677805669739e-16,2.694756308998374e-16,1,1,0,2,22,1,true,0.0,0.0,0.0,0.0,0.0,0.0,5.107267322788001e-16,true,1.9120227249395594e-21,true,5.107267322788001e-16,0.004071899980772287,0.0005663000047206879,470,full
3709,12,264,3,2,true,true,1,0,1014,5.5473665390739395e-16,3.1596751090797855e-16,9,18,1,4,150,9,,,,,,,,,true,2.362517408703262e-16,,,0.021977199998218566,0.0009697000496089458,3168,full
3710,9,158,3,1,true,false,0,0,987,6.050329238107906e-16,3.732221483115956e-16,11,16,1,2,57,7,true,0.0,0.0,0.0,0.0,0.0,0.0,1.827029424324546e-15,true,6.268796271632996e-16,true,1.7991182101917483e-15,0.029517600021790713,0.0014469000161625445,1422,full
3711,5,65,3,2,true,true,1,0,99,2.1119068733556876e-16,1.9270371146233678e-16,5,6,0,2,16,4,,,,,,,,,true,1.1776071389576994e-16,,,0.0027211999986320734,0.0003999999607913196,325,full
3712,10,113,1,1,true,false,0,0,827,4.36946269074173e-16,3.0274292397971815e-16,12,19,2,1,55,8,true,0.0,0.0,0.0,0.0,0.0,0.0,2.1042596175780863e-15,true,7.180839220156783e-16,true,1.6375667166521326e-15,0.010425899992696941,0.0009296999778598547,1130,full
3713,5,111,3,3,false,false,0,0,105,1.4953252121226546e-16,1.5143127225311806e-16,0,6,1,2,15,4,true,0.0,0.0,0.0,0.0,0.0,0.0,2.4605883100961733e-16,true,1.2213791698330432e-16,true,2.457730334701448e-16,0.0037382000009529293,0.00047109997831285,555,full
3714,8,116,2,5,true,false,0,0,131,3.0883064202901554e-16,2.801438447009328e-16,6,10,1,1,36,7,true,0.0,0.0,0.0,0.0,0.0,0.0,8.48089323128407e-16,true,6.456098141093357e-16,true,1.3238221456573776e-15,0.004276999970898032,0.0004811999970115721,928,full
3715,7,214,3,3,false,false,0,0,335,3.133970873099015e-16,3.012407625306671e-16,8,15,2,1,70,7,true,0.0,0.0,0.0,0.0,0.0,0.0,1.0834618889800751e-15,true,2.4894114656459156e-16,true,1.0796127825403775e-15,0.010230300016701221,0.0007234999793581665,1498,full
3716,3,171,1,2,false,false,0,0,199,1.8875199870305543e-16,2.0283518966317847e-16,4,5,1,0,26,2,true,0.0,0.0,0.0,0.0,0.0,0.0,9.125964870836092e-16,true,1.1139403735115877e-16,true,9.125964870836092e-16,0.005530000024009496,0.0004935999750159681,513,full
3717,9,58,3,1,true,false,0,0,352,4.563014120861801e-16,3.6958063341153994e-16,11,13,0,4,28,7,true,0.0,0.0,0.0,0.0,0.0,0.0,1.2299119165544326e-15,true,2.3299047337291875e-16,true,1.2224952226398734e-15,0.0055970000103116035,0.0004697999684140086,522,full
3718,2,248,1,4,false,false,0,0,88,1.9229255258652894e-16,1.6871910539262228e-16,2,4,1,1,21,2,true,0.0,0.0,0.0,0.0,0.0,0.0,4.983255664001112e-16,true,0.0,true,4.990834470861618e-16,0.004420700017362833,0.0005730999982915819,496,full
3719,12,200,1,5,false,false,0,0,332,4.853485728168753e-16,4.853485728168753e-16,16,20,2,4,94,10,true,0.0,0.0,0.0,0.0,0.0,0.0,4.381589031539474e-16,true,4.25835183229069e-16,true,4.3756657919547207e-16,0.010859200032427907,0.0007660999544896185,2400,full
3720,4,169,3,1,false,false,0,0,395,3.7469931846405116e-16,2.781724067129375e-16,4,4,2,0,25,3,true,0.0,0.0,0.0,0.0,0.0,0.0,6.924021191684191e-16,true,2.2175035227909628e-16,true,6.91421130204722e-16,0.009122000017669052,0.0005670000100508332,676,full
3721,12,211,3,5,false,false,0,0,290,3.430773309333673e-16,3.418252238861654e-16,12,19,2,5,76,10,true,0.0,0.0,0.0,0.0,0.0,0.0,7.4801101342037705e-16,true,3.1387180851610977e-16,true,8.163895431347246e-16,0.008988699992187321,0.0006624999805353582,2532,full
3722,8,199,2,4,false,false,0,0,307,2.298612059177387e-16,1.9943455433056708e-16,4,16,0,3,77,4,true,0.0,0.0,0.0,0.0,0.0,0.0,8.404712155123603e-16,true,3.6051948055129395e-16,true,6.01326120600907e-16,0.008630199998151511,0.000582000007852912,1592,full
3723,10,284,2,1,false,true,1,0,1599,6.253649261102572e-16,3.834322153775453e-16,11,15,4,5,105,8,,,,,,,,,true,2.765828447708714e-16,,,0.025530499988235533,0.0011551000061444938,2840,full
3724,3,219,3,4,true,false,0,0,88,2.788264278728281e-16,2.61773043936754e-16,5,8,3,0,24,1,true,0.0,0.0,0.0,0.0,0.0,0.0,4.946661081609846e-16,true,2.91038304567337e-17,true,4.946661081609849e-16,0.004401399986818433,0.0005404999828897417,657,full
3725,11,108,2,3,false,false,0,0,263,2.768886160386648e-16,2.9703972283440967e-16,11,17,1,4,64,8,true,0.0,0.0,0.0,0.0,0.0,0.0,7.445765510431664e-16,true,2.3915222557125037e-16,true,8.242034606849856e-16,0.006251700047869235,0.0008277999586425722,1188,full
3726,11,258,2,3,true,false,0,0,629,7.552439844637114e-16,7.552439844637102e-16,9,22,5,2,111,9,true,0.0,0.0,0.0,0.0,0.0,0.0,4.521637907534239e-15,true,5.988240214882046e-16,true,4.7905921719056166e-15,0.014521399978548288,0.0008933999924920499,2838,full
3727,9,258,1,5,true,false,0,0,284,3.559095451346612e-16,3.310156207398933e-16,10,15,4,4,87,5,true,0.0,0.0,0.0,0.0,0.0,0.0,1.1572942756113267e-15,true,6.662831199916256e-16,true,1.3887531307335935e-15,0.009321700024884194,0.0006777999806217849,2322,full
3728,9,130,1,5,true,false,0,0,167,3.2759210069101743e-16,1.808060474540094e-16,14,12,1,2,53,9,true,0.0,0.0,0.0,0.0,0.0,0.0,1.0414428333350932e-15,true,1.1767473839155976e-16,true,9.302698079837842e-16,0.004922599997371435,0.0005556999822147191,1170,full
3729,10,189,2,2,false,false,0,0,566,4.902127251092244e-16,3.173109796284215e-16,11,24,3,4,52,6,true,0.0,0.0,0.0,0.0,0.0,0.0,6.507417407755882e-16,true,5.059712774715086e-16,true,6.403773556024422e-16,0.01279670000076294,0.0007161999819800258,1890,full
3730,5,195,1,5,false,false,0,0,113,2.202556527997928e-16,2.0814467886244947e-16,3,5,2,1,39,5,true,0.0,0.0,0.0,0.0,0.0,0.0,4.518041735391204e-16,true,4.424543536045372e-16,true,2.327791291463034e-16,0.004520599963143468,0.0005746000097133219,975,full
3731,5,198,3,1,true,false,0,0,718,6.802707218125217e-16,5.855923130989453e-16,4,10,2,1,40,3,true,0.0,0.0,0.0,0.0,0.0,0.0,1.2796441379472051e-15,true,8.834390609525614e-16,true,1.6056831118413496e-15,0.012655500031542033,0.0006752000190317631,990,full
3732,11,97,3,3,true,false,0,0,233,4.13768184101317e-16,2.9069763498200756e-16,9,18,3,2,45,9,true,0.0,0.0,0.0,0.0,0.0,0.0,2.197772212892443e-15,true,6.563098134510466e-16,true,1.7582177703139544e-15,0.005714699975214899,0.0005138000124134123,1067,full
3733,2,95,3,3,true,false,0,0,51,2.03586372484464e-16,2.0229017305979806e-16,1,5,1,0,10,2,true,0.0,0.0,0.0,0.0,0.0,0.0,4.722821944365445e-16,true,1.82972291971355e-21,true,4.708475654373455e-16,0.0024076999980024993,0.00040229997830465436,190,full
3734,11,125,3,1,false,false,0,0,911,4.461147670483427e-16,4.498796403587963e-16,9,12,2,1,64,9,true,0.0,0.0,0.0,0.0,0.0,0.0,8.918448830476103e-16,true,2.7719752515625175e-16,true,8.881971729297857e-16,0.01211950002470985,0.0006902000168338418,1375,full
3735,3,165,3,4,false,false,0,0,85,2.382776606887604e-16,2.7942366442313984e-16,4,5,1,1,23,2,true,0.0,0.0,0.0,0.0,0.0,0.0,4.560138730885541e-16,true,2.303357693470328e-16,true,4.555779283761646e-16,0.004043499997351319,0.0005123000009916723,495,full
3736,10,269,2,1,true,false,0,0,1724,5.623325527109836e-16,5.623325527109839e-16,7,17,2,3,101,9,true,0.0,0.0,0.0,0.0,0.0,0.0,1.6829596471663177e-15,true,6.48291951935824e-16,true,1.9073563111084495e-15,0.025236799963749945,0.0009769000462256372,2690,full
3737,7,261,2,1,true,true,1,0,1082,4.62702839984352e-16,2.535716522801535e-16,5,9,3,1,73,5,,,,,,,,,true,1.215396967524392e-16,,,0.018191799987107515,0.0009680999792180955,1827,full
3738,7,300,1,5,true,false,0,0,252,3.4643513542169063e-16,2.4927095687142417e-16,10,14,2,3,81,4,true,0.0,0.0,0.0,0.0,0.0,0.0,1.1669173909886028e-15,true,5.903784806591244e-16,true,8.121700994792584e-16,0.008567799988668412,0.0006551000406034291,2100,full
3739,8,132,2,4,true,false,0,0,175,3.6075474384674356e-16,3.623837980339073e-16,9,6,2,2,47,4,true,0.0,0.0,0.0,0.0,0.0,0.0,1.0158428345255187e-15,true,2.243216027272007e-16,true,8.440338851720395e-16,0.005599599971901625,0.0004991000168956816,1056,full
3740,12,104,3,3,true,false,0,0,279,6.424947199541299e-16,4.2142126792690265e-16,15,19,3,5,48,10,true,0.0,0.0,0.0,0.0,0.0,0.0,1.9874099637915685e-15,true,2.239424027591386e-16,true,2.013275569168206e-15,0.0063770999549888074,0.0005196999991312623,1248,full
3741,8,95,2,3,true,false,0,0,185,3.7408110900837626e-16,4.012350065848883e-16,12,14,2,1,31,5,true,0.0,0.0,0.0,0.0,0.0,0.0,1.5392781844795448e-15,true,6.672982287961817e-16,true,1.4450486328221256e-15,0.004320800013374537,0.00044450000859797,760,full
3742,8,125,2,4,false,false,0,0,153,2.879845879586812e-16,2.2781527714168403e-16,8,14,4,1,43,7,true,0.0,0.0,0.0,0.0,0.0,0.0,9.098842155822461e-16,true,1.290777910833202e-16,true,7.978965182078483e-16,0.005099900008644909,0.0005084999720565975,1000,full
3743,5,175,1,3,true,false,0,0,169,2.49985024933496e-16,2.222408641733934e-16,4,2,0,3,28,5,true,0.0,0.0,0.0,0.0,0.0,0.0,9.225638769749545e-16,true,1.181018535536002e-16,true,1.0217489999857067e-15,0.005193200020585209,0.000526699994225055,875,full
3744,3,89,3,1,false,false,0,0,173,1.5304129409840713e-16,2.059779217453374e-16,2,1,2,0,9,1,true,0.0,0.0,0.0,0.0,0.0,0.0,5.729955581600326e-16,true,1.1494693499791655e-16,true,5.728780128763726e-16,0.004420800018124282,0.00044570001773536205,267,full
3745,4,87,2,5,true,false,0,0,53,2.8555154646181403e-16,1.892034146991212e-16,4,4,2,0,20,4,true,0.0,0.0,0.0,0.0,0.0,0.0,4.574719435147025e-16,true,1.1679723020730528e-16,true,4.574719435147025e-16,0.0026289999950677156,0.00041290000081062317,348,full
3746,8,214,2,5,false,false,0,0,191,4.0895837715844343e-16,2.728398541480834e-16,9,2,4,4,69,6,true,0.0,0.0,0.0,0.0,0.0,0.0,4.803686794830853e-16,true,2.547781074756131e-16,true,3.862732253595799e-16,0.006655200035311282,0.000581999949645251,1712,full
3747,6,153,3,2,false,false,0,0,326,4.016081063358173e-16,4.1140565578238974e-16,6,9,1,2,47,5,true,0.0,0.0,0.0,0.0,0.0,0.0,6.792637078637156e-16,true,2.2574626733988614e-16,true,6.792637078637156e-16,0.007313000038266182,0.0006744000129401684,918,full
3748,11,209,1,3,true,false,0,0,529,5.781721697409336e-16,4.50081693409318e-16,11,25,2,3,111,8,true,0.0,0.0,0.0,0.0,0.0,0.0,6.64262100717318e-16,true,2.5824270159074954e-16,true,6.64262100717318e-16,0.011881299957167357,0.0008016000501811504,2299,full
3749,11,250,1,1,true,false,0,0,1868,6.394450210626979e-16,4.495432632984184e-16,9,19,2,4,110,5,true,0.0,0.0,0.0,0.0,0.0,0.0,3.307444540142597e-15,true,2.4367264706457845e-16,true,3.32365676617323e-15,0.025891900004353374,0.0010383999906480312,2750,full
3750,9,169,3,1,true,true,3,0,1029,6.468695050959676e-16,7.507172091032663e-16,7,13,3,1,72,8,,,,,,,,,true,4.312036333665875e-16,,,0.015003799984697253,0.0008110000053420663,1521,full
3751,2,205,3,5,false,false,0,0,51,2.1942743999328526e-16,2.513980642173193e-16,0,3,2,0,13,2,true,0.0,0.0,0.0,0.0,0.0,0.0,2.175119985000847e-16,true,0.0,true,2.1709156798771173e-16,0.003042800002731383,0.0004646000452339649,410,full
3752,4,93,3,1,true,false,0,0,216,2.9934906220660847e-16,3.219061015569414e-16,3,11,2,2,10,3,true,0.0,0.0,0.0,0.0,0.0,0.0,1.3948604415371754e-15,true,1.014919806539702e-15,true,2.3926138640060172e-15,0.005127399985212833,0.00073640001937747,372,full
3753,5,52,1,3,true,false,0,0,52,1.9998257190769755e-16,1.8965734010670243e-16,0,10,3,1,8,3,true,0.0,0.0,0.0,0.0,0.0,0.0,4.1348257582560368e-16,true,1.3231861175190062e-16,true,4.103061694098539e-16,0.0017134000081568956,0.00040229997830465436,260,full
3754,10,271,2,3,false,false,0,0,616,2.837529896071602e-16,2.460710251026183e-16,11,17,3,4,119,5,true,0.0,0.0,0.0,0.0,0.0,0.0,1.3677563628268922e-15,true,2.301313132417543e-16,true,1.406409959283804e-15,0.014014400017913431,0.000782499962951988,2710,full
3755,10,266,3,2,true,false,0,0,603,4.359365717913638e-16,3.7196351490467463e-16,11,11,5,3,80,10,true,0.0,0.0,0.0,0.0,0.0,0.0,1.323511205961155e-15,true,1.490944409986228e-16,true,1.3265436235808629e-15,0.013504999980796129,0.0007549000438302755,2660,full
3756,2,261,2,2,true,false,0,0,173,2.711493078418058e-16,2.0851740339774938e-16,1,5,1,0,21,2,true,0.0,0.0,0.0,0.0,0.0,0.0,8.269221154342118e-16,true,1.8110405235998765e-21,true,8.269221154342125e-16,0.006443999998737127,0.0005318999756127596,522,full
3757,8,85,2,2,true,false,0,0,228,4.384462509569636e-16,4.52365179558772e-16,9,16,1,4,29,6,true,0.0,0.0,0.0,0.0,0.0,0.0,2.3431159800395196e-15,true,2.341759061495938e-16,true,2.347088724408194e-15,0.005080999981146306,0.0004886999959126115,680,full
3758,3,252,3,1,true,false,0,0,407,4.3511067891841925e-16,3.842308882087316e-16,4,3,2,1,20,2,true,0.0,0.0,0.0,0.0,0.0,0.0,6.236453516851319e-16,true,1.136379062837862e-16,true,6.254761002309615e-16,0.011463700036983937,0.0006621999782510102,756,full
3759,10,300,1,2,true,false,0,0,835,6.5613118703949915e-16,5.317263300707789e-16,12,15,4,2,110,8,true,0.0,0.0,0.0,0.0,0.0,0.0,1.4609873330371884e-15,true,2.866339928190504e-16,true,1.4662385199238207e-15,0.0164578000549227,0.0009922999888658524,3000,full
3760,11,149,1,2,false,false,0,0,444,4.180635029274015e-16,5.516492970304029e-16,10,15,6,4,55,9,true,0.0,0.0,0.0,0.0,0.0,0.0,7.369366250107342e-16,true,4.892537451401819e-16,true,8.687265189075448e-16,0.00873260002117604,0.0006053000106476247,1639,full
3761,8,276,1,2,true,true,1,0,779,6.105739728755748e-16,5.373989100429776e-16,9,15,1,1,80,7,,,,,,,,,true,2.328306436538696e-16,,,0.014700300002004951,0.0007454999722540379,2208,full
3762,10,189,1,2,false,false,0,0,583,3.3997042858856184e-16,3.48667045530801e-16,9,17,6,5,62,6,true,0.0,0.0,0.0,0.0,0.0,0.0,7.158811647584569e-16,true,2.465872355321048e-16,true,5.510226486938436e-16,0.010822399985045195,0.0006955999997444451,1890,full
3763,2,163,3,1,false,false,0,0,227,3.0146161206839273e-16,2.5527354427965537e-16,4,4,1,2,12,2,true,0.0,0.0,0.0,0.0,0.0,0.0,6.505275527540681e-16,true,0.0,true,6.494853718028725e-16,0.0066430000006221235,0.000514000013936311,326,full
3764,12,276,2,2,false,false,0,0,941,3.536838181589254e-16,3.4504156311949764e-16,14,20,2,5,130,6,true,0.0,0.0,0.0,0.0,0.0,0.0,1.2560326617868314e-15,true,4.802020331950669e-16,true,8.801211641782075e-16,0.018948000040836632,0.0008913999772630632,3312,full
3765,3,126,1,5,false,false,0,0,58,2.010461079585222e-16,1.2829375774933186e-16,5,4,0,1,19,3,true,0.0,0.0,0.0,0.0,0.0,0.0,2.3285852060625067e-16,true,1.1670974684603658e-16,true,2.3285852060625067e-16,0.0024751999881118536,0.00041280000004917383,378,full
3766,7,102,3,2,false,false,0,0,243,2.265118666463854e-16,2.2104952926239378e-16,8,16,0,3,31,5,true,0.0,0.0,0.0,0.0,0.0,0.0,6.806950963725547e-16,true,2.400864094659269e-16,true,6.806950963725552e-16,0.005320899945218116,0.0005990000208839774,714,full
3767,8,62,3,2,true,false,0,0,152,2.7925404937583566e-16,2.203345371339255e-16,8,15,4,2,20,5,true,0.0,0.0,0.0,0.0,0.0,0.0,4.574744688550521e-16,true,1.1711365894393983e-16,true,4.612381581171112e-16,0.0033632999984547496,0.00043779995758086443,496,full
3768,5,192,3,1,true,true,1,0,615,4.686583086856735e-16,5.720841020204391e-16,7,7,1,1,34,3,,,,,,,,,true,7.895069009015224e-16,,,0.011860100028570741,0.0006539999740198255,960,full
3769,5,220,2,2,false,false,0,0,361,2.635416773237683e-16,1.6957163880586561e-16,7,7,2,0,49,3,true,0.0,0.0,0.0,0.0,0.0,0.0,1.219005978660693e-15,true,5.979918769801107e-16,true,7.313295122702623e-16,0.009622699988540262,0.0007083999807946384,1100,full
3770,4,147,3,2,false,false,0,0,156,3.977105233352756e-16,2.999991044164399e-16,3,5,0,3,22,4,true,0.0,0.0,0.0,0.0,0.0,0.0,3.917623913911064e-16,true,2.4119513426507607e-16,true,5.056826369964943e-16,0.004747200000565499,0.0004822000046260655,588,full
3771,3,120,3,1,true,false,0,0,271,3.4851301195309365e-16,3.5623520837431936e-16,3,1,0,0,13,3,true,0.0,0.0,0.0,0.0,0.0,0.0,9.258778065784901e-16,true,5.642248673886197e-16,true,1.3888167098677352e-15,0.006141600024420768,0.00045769999269396067,360,full
3772,10,210,2,2,true,false,0,0,619,3.77971806596513e-16,4.123580296922985e-16,10,18,5,4,61,5,true,0.0,0.0,0.0,0.0,0.0,0.0,2.2582255000974823e-15,true,6.4548534296072e-16,true,1.4523420216616169e-15,0.013578299956861883,0.0007453000289388001,2100,full
3773,9,66,2,3,false,false,0,0,145,7.172145832333054e-16,5.640902661101732e-16,7,18,3,3,27,9,true,0.0,0.0,0.0,0.0,0.0,0.0,5.254058638643852e-16,true,7.284699593150267e-16,true,5.309084857507513e-16,0.0033369999728165567,0.00041560002136975527,594,full
3774,5,270,1,4,true,false,0,0,266,2.7031454596195633e-16,2.703145459619567e-16,5,11,0,2,73,3,true,0.0,0.0,0.0,0.0,0.0,0.0,1.8515420721443402e-15,true,2.41688814532525e-16,true,1.8524012067895078e-15,0.008285399992018938,0.0006266999989748001,1350,full
3775,7,172,3,4,true,false,0,0,164,3.7986963370503622e-16,3.7986963370503613e-16,5,9,3,1,40,6,true,0.0,0.0,0.0,0.0,0.0,0.0,5.119379517965556e-16,true,2.59288162423904e-16,true,6.331587516560641e-16,0.005579099990427494,0.0005301000201143324,1204,full
3776,2,178,1,5,true,false,0,0,49,1.8710174814182508e-16,1.8041769435793874e-16,4,3,1,1,8,2,true,0.0,0.0,0.0,0.0,0.0,0.0,2.403861531628542e-16,true,8.94014926524488e-22,true,2.403861531628542e-16,0.0032889999565668404,0.00044460000935941935,356,full
3777,8,173,1,4,false,false,0,0,272,3.701789456397548e-16,3.3024872061395173e-16,9,7,1,0,58,7,true,0.0,0.0,0.0,0.0,0.0,0.0,2.9129499576436444e-16,true,2.4997497939147786e-16,true,2.909497552187444e-16,0.007799600018188357,0.0007503999513573945,1384,full
3778,6,89,3,5,true,false,0,0,63,4.0533911458548437e-16,4.0533911458548437e-16,7,9,2,4,24,4,true,0.0,0.0,0.0,0.0,0.0,0.0,3.045958679652021e-16,true,2.2015506889957418e-16,true,3.042311665554023e-16,0.002608700015116483,0.0004314999678172171,534,full
3779,11,232,2,3,false,false,0,0,641,4.579441087904264e-16,4.1736825878786353e-16,13,15,3,2,114,8,true,0.0,0.0,0.0,0.0,0.0,0.0,6.734621762654529e-16,true,4.772056234832253e-16,true,6.975554351329645e-16,0.014462999999523163,0.0009280000231228769,2552,full
3780,4,172,3,4,true,false,0,0,138,2.664726986983471e-16,2.8536637139120073e-16,4,3,0,2,28,3,true,0.0,0.0,0.0,0.0,0.0,0.0,9.954831776703068e-16,true,2.4323595373590865e-16,true,9.967344771543721e-16,0.004803099960554391,0.0004729999927803874,688,full
3781,9,57,1,3,true,false,0,0,114,3.4897659433265225e-16,4.395972085611137e-16,5,11,5,1,20,7,true,0.0,0.0,0.0,0.0,0.0,0.0,2.450420593767748e-16,true,3.4460398465538053e-16,true,3.5162376407204985e-16,0.0027194999856874347,0.0004746000049635768,513,full
3782,2,290,1,1,true,false,0,0,453,3.854918801518623e-16,2.4211437436102173e-16,1,6,0,1,30,2,true,0.0,0.0,0.0,0.0,0.0,0.0,9.061747229473443e-16,true,8.83411088316464e-22,true,9.061747229473443e-16,0.012720200000330806,0.000727800012100488,580,full
3783,4,288,1,5,false,false,0,0,193,3.9720989409490524e-16,3.335057205821771e-16,5,9,0,1,52,3,true,0.0,0.0,0.0,0.0,0.0,0.0,4.495959948810209e-16,true,2.246808663867693e-16,true,6.651913305675151e-16,0.006962300045415759,0.0005581000004895031,1152,full
3784,12,262,2,1,false,false,0,0,1696,3.583357308659988e-16,3.461280812645004e-16,11,21,4,7,131,9,true,0.0,0.0,0.0,0.0,0.0,0.0,1.0926768610428321e-15,true,4.720115212029005e-16,true,1.1007526019056727e-15,0.025789499981328845,0.0010590000310912728,3144,full
3785,9,74,1,2,false,false,0,0,234,3.6842938862523604e-16,2.137722091720128e-16,7,10,2,3,24,8,true,0.0,0.0,0.0,0.0,0.0,0.0,3.4812606088937906e-16,true,2.3114220334686283e-16,true,3.4577803857326117e-16,0.004754900000989437,0.0004767999635078013,666,full
3786,11,223,3,2,true,false,0,0,808,4.688616523842927e-16,3.734970739745067e-16,9,16,1,3,101,9,true,0.0,0.0,0.0,0.0,0.0,0.0,1.2578593622921387e-15,true,2.239190200975446e-16,true,1.2507395626792919e-15,0.015611200011335313,0.0007862999918870628,2453,full
3787,7,129,2,4,true,false,0,0,157,2.8535105926577777e-16,2.853510592657777e-16,11,13,3,2,34,5,true,0.0,0.0,0.0,0.0,0.0,0.0,1.1794813288344972e-15,true,1.2254411996091753e-16,true,1.1754187215811566e-15,0.0051787999691441655,0.0005221000174060464,903,full
3788,9,269,2,4,true,false,0,0,402,3.1878620623999226e-16,3.921675997681641e-16,9,10,3,2,91,4,true,0.0,0.0,0.0,0.0,0.0,0.0,1.285984202903446e-15,true,8.057001252283414e-16,true,9.302528622822669e-16,0.011658100003842264,0.000713899964466691,2421,full
3789,8,277,3,2,true,false,0,0,756,1.0843459061822107e-15,6.105448722106825e-16,6,7,4,3,88,6,true,0.0,0.0,0.0,0.0,0.0,0.0,3.51163264047469e-15,true,1.7390693914933868e-15,true,4.856454479522111e-15,0.016873399959877133,0.0008090000483207405,2216,full
3790,8,96,1,1,true,false,0,0,540,9.81994770259039e-16,5.279539298007157e-16,7,13,2,3,23,6,true,0.0,0.0,0.0,0.0,0.0,0.0,2.855957730268817e-15,true,2.4982662851937757e-16,true,2.770373895909064e-15,0.008304499962832779,0.0007210000185295939,768,full
3791,4,144,1,3,false,false,0,0,116,1.659692617042935e-16,1.3720821164607285e-16,2,2,1,1,24,2,true,0.0,0.0,0.0,0.0,0.0,0.0,2.330537545100096e-16,true,1.4564861752846478e-17,true,2.3305375451000967e-16,0.0038366999942809343,0.0004744000034406781,576,full
3792,12,158,1,5,true,false,0,0,297,4.1904723537589097e-16,4.025248037455609e-16,12,18,1,3,91,11,true,0.0,0.0,0.0,0.0,0.0,0.0,8.096693397045011e-16,true,8.301826489454264e-16,true,1.0812598897667766e-15,0.007800500025041401,0.0005563999875448644,1896,full
3793,3,238,3,3,true,false,0,0,149,3.118910740874895e-16,3.1189107408748937e-16,3,6,1,2,28,3,true,0.0,0.0,0.0,0.0,0.0,0.0,6.411997557313576e-16,true,2.1970742088724813e-16,true,6.405431934983684e-16,0.006052300042938441,0.0005825999542139471,714,full
3794,9,252,1,5,true,false,0,0,321,4.851037548089711e-16,3.5138593227081793e-16,9,10,1,3,106,7,true,0.0,0.0,0.0,0.0,0.0,0.0,8.154050354584736e-16,true,2.222408914284248e-16,true,8.154050354584736e-16,0.010756799951195717,0.0006924000335857272,2268,full
3795,12,288,2,5,false,false,0,0,350,4.165342768778932e-16,4.1653427687789315e-16,10,16,6,4,108,11,true,0.0,0.0,0.0,0.0,0.0,0.0,4.542401299160584e-16,true,4.96136651619523e-16,true,4.687824607845569e-16,0.011819400009699166,0.0007524000247940421,3456,full
3796,4,259,2,5,false,false,0,0,156,1.8762017190694418e-16,1.2600357612150309e-16,4,6,1,0,52,2,true,0.0,0.0,0.0,0.0,0.0,0.0,8.429297571793764e-16,true,1.1609619185706934e-16,true,8.429297571793764e-16,0.0064159000176005065,0.0005718999891541898,1036,full
3797,8,83,2,1,true,false,0,0,455,3.215893708195761e-16,2.484981449687024e-16,7,11,1,2,34,7,true,0.0,0.0,0.0,0.0,0.0,0.0,9.583871552164397e-16,true,5.817661032679559e-16,true,9.416868962896851e-16,0.00694580003619194,0.0005723999929614365,664,full
3798,5,93,3,5,true,false,0,0,70,3.0594371097655573e-16,2.3283028036726295e-16,5,6,0,0,17,4,true,0.0,0.0,0.0,0.0,0.0,0.0,7.077511837426698e-16,true,2.2869158888193756e-16,true,7.077511837426703e-16,0.0027256000321358442,0.0003981000045314431,465,full
3799,3,81,3,2,true,false,0,0,69,2.9619175335809397e-16,2.0512109991741543e-16,4,5,1,3,2,2,true,0.0,0.0,0.0,0.0,0.0,0.0,1.1882668381586729e-15,true,1.1829451399146083e-16,true,1.1882668381586729e-15,0.0023993999930098653,0.00041470001451671124,243,full
3800,2,178,1,1,true,false,0,0,283,2.381396830404375e-16,2.5004464659497604e-16,3,4,0,0,24,2,true,0.0,0.0,0.0,0.0,0.0,0.0,5.725769492736342e-16,true,1.7787834417029335e-21,true,5.72994362073128e-16,0.007734399987384677,0.0004944000393152237,356,full
3801,12,270,2,4,true,false,0,0,469,6.496435756404497e-16,6.004740059589923e-16,10,19,4,7,127,9,true,0.0,0.0,0.0,0.0,0.0,0.0,1.4416881993391772e-15,true,2.528311604037864e-16,true,1.3993888100901093e-15,0.013168999983463436,0.000749400001950562,3240,full
3802,7,56,1,3,true,false,0,0,90,2.484774677618235e-16,2.4663178609856656e-16,10,8,2,2,18,6,true,0.0,0.0,0.0,0.0,0.0,0.0,5.83057104288989e-16,true,1.1820235505610586e-16,true,5.830571042889893e-16,0.002149700012523681,0.00039080000715330243,392,full
3803,6,179,2,1,true,true,1,0,726,4.689599043402683e-16,3.275681070917864e-16,8,15,1,2,41,4,,,,,,,,,true,2.3699904323765257e-16,,,0.011951599968597293,0.0006538000307045877,1074,full
3804,3,179,1,5,true,false,0,0,77,4.751666128529614e-16,6.071000758576883e-16,2,4,2,0,25,2,true,0.0,0.0,0.0,0.0,0.0,0.0,1.1000642799490445e-15,true,2.6566504912492053e-16,true,1.1000642799490457e-15,0.003409299999475479,0.00043070001993328333,537,full
3805,11,81,2,1,false,false,0,0,552,3.512258523753132e-16,3.4723366231941633e-16,8,14,1,4,41,5,true,0.0,0.0,0.0,0.0,0.0,0.0,4.935383216230717e-16,true,2.4343950985406325e-16,true,6.114634335700769e-16,0.007645599951501936,0.0005830000154674053,891,full
3806,6,75,3,1,true,false,0,0,352,4.253706922273865e-16,2.265705523073673e-16,8,14,1,1,24,4,true,0.0,0.0,0.0,0.0,0.0,0.0,1.063631066487761e-15,true,6.001667538827805e-16,true,1.5384584654320582e-15,0.005743400019127876,0.0005007999716326594,450,full
3807,2,181,1,1,false,false,0,0,287,1.9163797678445116e-16,1.5901622699061955e-16,4,3,0,0,18,2,true,0.0,0.0,0.0,0.0,0.0,0.0,1.3887783644279922e-15,true,0.0,true,1.3819047596066301e-15,0.00805250002304092,0.0005118999979458749,362,full
3808,5,131,3,2,false,false,0,0,199,2.342200866585495e-16,2.110365172018485e-16,4,9,1,2,37,4,true,0.0,0.0,0.0,0.0,0.0,0.0,8.75290608721355e-16,true,2.1653446253977232e-16,true,8.752906087213557e-16,0.00744209997355938,0.0005540000274777412,655,full
3809,12,172,3,3,false,false,0,0,441,2.860948422027963e-16,2.352317687671428e-16,15,22,1,6,70,9,true,0.0,0.0,0.0,0.0,0.0,0.0,7.272848555959816e-16,true,2.43802966819387e-16,true,7.328741055282427e-16,0.010732900002039969,0.0006442000158131123,2064,full
3810,3,97,2,2,true,false,0,0,57,3.357671015236184e-16,2.9087933125031094e-16,2,5,3,1,12,3,true,0.0,0.0,0.0,0.0,0.0,0.0,4.769661650411051e-16,true,3.638963051155892e-21,true,4.769661650411053e-16,0.002701899968087673,0.00041310000233352184,291,full
3811,5,240,3,3,false,false,0,0,225,3.4592607201172463e-16,3.6595821249992675e-16,5,9,2,3,32,4,true,0.0,0.0,0.0,0.0,0.0,0.0,1.0187582038986399e-15,true,1.346030500982488e-16,true,1.0180325773112996e-15,0.0076357999932952225,0.0006204000092111528,1200,full
3812,9,250,2,3,true,false,0,0,416,4.842105651211654e-16,4.842105651211654e-16,11,17,4,0,81,9,true,0.0,0.0,0.0,0.0,0.0,0.0,4.785023758257848e-16,true,7.575388896880254e-16,true,9.5419967078124e-16,0.010773400019388646,0.000986600003670901,2250,full
3813,3,280,1,3,false,false,0,0,115,1.771729513644557e-16,1.4160908395248027e-16,4,7,1,2,30,2,true,0.0,0.0,0.0,0.0,0.0,0.0,2.5653161358105016e-16,true,0.0,true,2.5664204294335846e-16,0.006487599981483072,0.0008438000222668052,840,full
3814,3,85,2,2,true,false,0,0,90,2.7398000554262657e-16,2.44847760643359e-16,4,3,0,1,5,0,true,0.0,0.0,0.0,0.0,0.0,0.0,1.1901024558642075e-15,true,7.292540985843224e-18,true,1.1879090356512064e-15,0.0028098999755457044,0.00040900002932175994,255,full
3815,11,184,1,4,false,false,0,0,339,2.7295430544216038e-16,4.1309303375589646e-16,9,17,3,4,87,11,true,0.0,0.0,0.0,0.0,0.0,0.0,1.0663027578881786e-15,true,3.976398517184716e-16,true,1.0615711599157487e-15,0.011047499952837825,0.0006620000349357724,2024,full
3816,2,215,2,4,true,false,0,0,71,2.1271817288688874e-16,2.487008429538829e-16,2,3,0,1,19,2,true,0.0,0.0,0.0,0.0,0.0,0.0,4.812036034030973e-16,true,3.618902803739092e-21,true,4.812036034030975e-16,0.0038795999716967344,0.0006328999879769981,430,full
3817,8,268,1,1,true,false,0,0,1098,5.390954531169695e-16,3.4680309271054626e-16,8,18,3,4,79,6,true,0.0,0.0,0.0,0.0,0.0,0.0,1.1994283210987041e-15,true,1.3784252256122315e-16,true,1.1960047505702968e-15,0.019393399998079985,0.0010130000300705433,2144,full
3818,2,270,2,2,false,false,0,0,115,1.387788424922573e-16,1.3863075836228264e-16,4,2,1,1,11,2,true,0.0,0.0,0.0,0.0,0.0,0.0,2.4070186807886944e-16,true,0.0,true,2.4070186807886944e-16,0.005602499993983656,0.0005934000364504755,540,full
3819,6,289,3,2,true,false,0,0,475,2.7556204947869676e-16,1.9296571060492821e-16,8,5,4,3,51,4,true,0.0,0.0,0.0,0.0,0.0,0.0,9.682865739184776e-16,true,1.2123146000853713e-16,true,1.0873091053923245e-15,0.012416700017638505,0.0008360999636352062,1734,full
3820,9,296,1,3,false,false,0,0,514,3.133280508951635e-16,2.29944263920303e-16,8,10,4,2,115,8,true,0.0,0.0,0.0,0.0,0.0,0.0,6.321708957502656e-16,true,2.778320150757442e-16,true,7.511091485566564e-16,0.012431700015440583,0.0007731999503448606,2664,full
3821,2,116,3,4,false,false,0,0,48,1.5815145955196196e-16,1.5815145955196194e-16,2,3,0,0,14,2,true,0.0,0.0,0.0,0.0,0.0,0.0,4.527609232816954e-16,true,0.0,true,4.53166912476851e-16,0.002317400008905679,0.00047750002704560757,232,full
3822,2,79,1,1,true,false,0,0,99,3.3666271104052956e-16,3.3666271104052956e-16,2,3,2,0,8,1,true,0.0,0.0,0.0,0.0,0.0,0.0,8.001350902137875e-16,true,6.40992833109774e-16,true,3.533610481416851e-16,0.0029696000274270773,0.0003964999923482537,158,full
3823,12,156,2,1,false,false,0,0,1316,5.018378653412364e-16,5.15183354713481e-16,8,22,2,1,82,11,true,0.0,0.0,0.0,0.0,0.0,0.0,8.623989496277332e-16,true,4.801907825738815e-16,true,9.14808370428967e-16,0.017077900003641844,0.0008454000344499946,1872,full
3824,9,103,2,3,true,false,0,0,211,3.5030804605738105e-16,7.800116352883485e-16,10,16,2,3,41,9,true,0.0,0.0,0.0,0.0,0.0,0.0,8.516608426343075e-16,true,6.998235232493594e-16,true,1.1108294388726583e-15,0.005858800024725497,0.000515200023073703,927,full
3825,5,205,2,5,false,false,0,0,138,2.673166295894179e-16,2.4127199549310483e-16,3,4,2,1,42,3,true,0.0,0.0,0.0,0.0,0.0,0.0,5.615974736598443e-16,true,4.3558219245366425e-16,true,9.325089967136376e-16,0.005492500029504299,0.0005391999729909003,1025,full
3826,6,211,2,2,false,false,0,0,462,2.43551291766992e-16,3.3698233667718246e-16,5,5,2,0,42,3,true,0.0,0.0,0.0,0.0,0.0,0.0,4.673392263518962e-16,true,2.200700974218335e-16,true,4.681825233939454e-16,0.011451700003817677,0.0009520999738015234,1266,full
3827,8,56,3,4,false,false,0,0,63,1.723951213206884e-16,1.4283476345047178e-16,11,9,1,3,11,5,true,0.0,0.0,0.0,0.0,0.0,0.0,2.4596926096685634e-16,true,1.2255796171279966e-16,true,2.469105417434931e-16,0.0022173000033944845,0.0004178999806754291,448,full
3828,3,77,3,5,true,false,0,0,31,3.3667918152514416e-16,1.9595165652033103e-16,5,5,1,1,9,3,true,0.0,0.0,0.0,0.0,0.0,0.0,1.0994987528136255e-15,true,3.5730413993991286e-16,true,8.596501467906341e-16,0.001770599978044629,0.0003934000269509852,231,full
3829,11,233,2,5,false,true,1,0,362,7.551402582484482e-16,5.281895884282165e-16,10,18,4,1,120,7,,,,,,,,,true,4.855891637372386e-16,,,0.010353800025768578,0.0006915999692864716,2563,full
3830,9,192,2,3,true,false,0,0,398,4.054547989449943e-16,2.91507658020761e-16,10,20,2,2,73,7,true,0.0,0.0,0.0,0.0,0.0,0.0,2.7281106199976783e-15,true,7.206376428638029e-16,true,2.273425516664732e-15,0.010584899981040508,0.0006691000307910144,1728,full
3831,9,285,2,5,true,true,1,0,309,4.2880246981426076e-16,4.674668311806795e-16,11,10,1,6,99,8,,,,,,,,,true,2.2001373079501766e-16,,,0.010600199981126934,0.0007100999937392771,2565,full
3832,3,100,2,5,true,false,0,0,40,1.822359279765777e-16,2.3472695748956665e-16,0,2,0,2,14,3,true,0.0,0.0,0.0,0.0,0.0,0.0,2.27809822428933e-16,true,1.1302461142646446e-16,true,2.2734422712932594e-16,0.002042699954472482,0.00039520004065707326,300,full
3833,4,259,3,2,true,false,0,0,201,1.9392329331286168e-16,1.5688783605583011e-16,7,7,3,1,35,3,true,0.0,0.0,0.0,0.0,0.0,0.0,3.543035711112423e-16,true,1.1779174871133913e-16,true,3.543035711112423e-16,0.009291500027757138,0.0006615999736823142,1036,full
3834,3,85,2,4,true,false,0,0,44,1.9741044602396527e-16,1.9741044602396527e-16,2,8,0,2,13,3,true,0.0,0.0,0.0,0.0,0.0,0.0,2.453563168592556e-16,true,3.6873818201833936e-16,true,3.6873818201833936e-16,0.0022338999551720917,0.00040300004184246063,255,full
3835,12,53,2,2,true,false,0,0,207,5.676914664794247e-16,2.60485966137187e-16,12,18,1,4,31,7,true,0.0,0.0,0.0,0.0,0.0,0.0,1.4271896472582113e-15,true,5.881269369583716e-16,true,9.484679440484482e-16,0.00403000001097098,0.0004865999799221754,636,full
3836,7,78,1,1,true,true,1,0,385,4.0259721043660363e-16,2.865331497701953e-16,9,6,3,1,24,6,,,,,,,,,true,1.2126515484233723e-16,,,0.006575800012797117,0.0005389999714680016,546,full
3837,5,299,1,4,false,false,0,0,212,2.388147693209745e-16,3.841821561129123e-16,5,4,3,1,59,4,true,0.0,0.0,0.0,0.0,0.0,0.0,4.910470280361982e-16,true,2.247268445838292e-16,true,4.914948333754886e-16,0.007843900006264448,0.0007534000324085355,1495,full
3838,11,237,1,2,false,false,0,0,703,5.47896245524678e-16,6.689893784278859e-16,11,17,5,5,78,9,true,0.0,0.0,0.0,0.0,0.0,0.0,6.762154025402717e-16,true,4.408568885022673e-16,true,6.850072529070905e-16,0.013746100012212992,0.0010907999821938574,2607,full
3839,11,93,2,4,true,false,0,0,140,3.1202954987391296e-16,3.1202954987391305e-16,9,24,1,6,32,8,true,0.0,0.0,0.0,0.0,0.0,0.0,4.629192160453776e-16,true,4.2302758258209773e-16,true,4.639449763596104e-16,0.0041809999966062605,0.0005049000028520823,1023,full
3840,12,256,1,3,false,false,0,0,631,5.320068838721561e-16,5.458757261005159e-16,14,19,3,6,114,12,true,0.0,0.0,0.0,0.0,0.0,0.0,4.377865641428737e-16,true,2.4204355839509985e-16,true,6.536250697679239e-16,0.014154800039250404,0.0011614999966695905,3072,full
3841,5,221,2,2,false,false,0,0,232,2.105198397945391e-16,2.1051983979453923e-16,6,9,2,1,28,4,true,0.0,0.0,0.0,0.0,0.0,0.0,7.449118749582498e-16,true,1.2694340444510605e-16,true,7.474137196298064e-16,0.00783459999365732,0.0005869999877177179,1105,full
3842,3,280,3,1,false,false,0,0,543,2.1854989614021622e-16,1.721818987616711e-16,4,4,1,0,36,3,true,0.0,0.0,0.0,0.0,0.0,0.0,7.170316598819013e-16,true,1.1717020609821017e-16,true,7.153009134452151e-16,0.013789599994197488,0.0006797999958507717,840,full
3843,7,79,1,3,false,false,0,0,124,2.270244872807778e-16,1.3308677367174307e-16,8,9,1,3,20,4,true,0.0,0.0,0.0,0.0,0.0,0.0,4.739840435424689e-16,true,1.1849601088561727e-16,true,4.763401807063837e-16,0.0029365000082179904,0.0004469000268727541,553,full
3844,4,150,1,5,true,false,0,0,74,3.1726469239491554e-16,2.0073705788544875e-16,2,9,1,2,26,1,true,0.0,0.0,0.0,0.0,0.0,0.0,4.664226290916659e-16,true,1.1660565727291648e-16,true,4.658255029623066e-16,0.0031768999760970473,0.00044600002001971006,600,full
3845,9,264,1,2,false,false,0,0,739,3.8080925947254936e-16,4.720485799218955e-16,13,14,4,5,98,7,true,0.0,0.0,0.0,0.0,0.0,0.0,7.449297264027654e-16,true,4.458129621447766e-16,true,1.0429016169638723e-15,0.01497160003054887,0.0008630999946035445,2376,full
3846,5,228,3,1,false,false,0,0,793,2.3360939501124864e-16,1.736491037900373e-16,6,5,2,2,49,2,true,0.0,0.0,0.0,0.0,0.0,0.0,1.2553078879211494e-15,true,1.2678971193316039e-16,true,1.2554645022337769e-15,0.015323300031013787,0.0007528999703936279,1140,full
3847,4,150,2,1,true,false,0,0,323,3.1728046260145695e-16,2.8082524525331023e-16,6,2,2,4,16,4,true,0.0,0.0,0.0,0.0,0.0,0.0,1.643817430578147e-15,true,2.335514998387494e-16,true,1.6406232494296268e-15,0.008029599965084344,0.0005635999841615558,600,full
3848,9,50,1,3,false,false,0,0,98,2.325532165285595e-16,1.93958703529224e-16,9,16,3,2,15,8,true,0.0,0.0,0.0,0.0,0.0,0.0,7.288338685453247e-16,true,1.1981342111451217e-16,true,7.29029590249042e-16,0.002242300019133836,0.0004017999744974077,450,full
3849,3,91,2,2,true,false,0,0,88,2.517860087518805e-16,2.42971507322219e-16,6,4,1,1,9,2,true,0.0,0.0,0.0,0.0,0.0,0.0,7.617133068692503e-16,true,1.1778070797828312e-16,true,7.619003852598897e-16,0.0031222000252455473,0.0005215999553911388,273,full
3850,4,204,2,4,true,false,0,0,149,3.9648688611268365e-16,5.625870972387694e-16,5,6,1,1,35,0,true,0.0,0.0,0.0,0.0,0.0,0.0,4.942915514620193e-16,true,2.1875138544148066e-16,true,6.4996781092929e-16,0.005522599967662245,0.0005089000333100557,816,full
3851,7,78,3,2,false,false,0,0,172,2.718544532114568e-16,2.474996319628996e-16,6,13,0,2,24,6,true,0.0,0.0,0.0,0.0,0.0,0.0,3.7186822016347623e-16,true,1.2522398560995446e-16,true,3.7390115515491425e-16,0.003953899955376983,0.0004328000359237194,546,full
3852,9,176,3,2,true,false,0,0,386,3.764251038302433e-16,2.4853587733941173e-16,14,17,6,3,56,9,true,0.0,0.0,0.0,0.0,0.0,0.0,1.2318316034805831e-15,true,7.088766157562073e-16,true,1.7153978674135486e-15,0.008682899991981685,0.0006070000235922635,1584,full
3853,5,224,2,5,false,false,0,0,102,1.8045928300582805e-16,1.4215226621812126e-16,8,4,1,4,43,5,true,0.0,0.0,0.0,0.0,0.0,0.0,7.056521707792385e-16,true,1.1868008317185446e-16,true,7.057012705696742e-16,0.004770200001075864,0.0005083000287413597,1120,full
3854,4,299,2,5,true,false,0,0,146,3.450264129152447e-16,3.4502641291524456e-16,0,9,2,1,47,4,true,0.0,0.0,0.0,0.0,0.0,0.0,8.510694297139018e-16,true,3.5083048023717447e-16,true,8.372867345860328e-16,0.006253500003367662,0.0005713000427931547,1196,full
3855,7,213,2,4,true,false,0,0,267,4.1941194556714044e-16,4.1941194556714044e-16,5,4,3,2,69,5,true,0.0,0.0,0.0,0.0,0.0,0.0,1.0497876349020464e-15,true,6.729088569917218e-16,true,7.846792804345729e-16,0.007826499990187585,0.000596800004132092,1491,full
3856,8,54,3,1,true,false,0,0,271,4.3525975700696794e-16,3.3859238976543143e-16,8,12,1,1,27,7,true,0.0,0.0,0.0,0.0,0.0,0.0,1.2518489057324142e-15,true,2.268815406786785e-16,true,1.243087821615705e-15,0.004329700022935867,0.0004683000151999295,432,full
3857,11,127,2,2,false,false,0,0,363,4.1608632094548795e-16,3.3329008393484483e-16,13,17,6,5,47,9,true,0.0,0.0,0.0,0.0,0.0,0.0,1.4525655561443057e-15,true,4.2092126780198958e-16,true,1.0894241671082293e-15,0.007278400007635355,0.000575499958358705,1397,full
3858,6,63,3,5,true,false,0,0,49,2.473825588822365e-16,1.9958627174655053e-16,8,11,2,3,18,3,true,0.0,0.0,0.0,0.0,0.0,0.0,1.1395111212479242e-15,true,3.4523030788592533e-16,true,1.1395111212479242e-15,0.0019039000035263598,0.0003725999849848449,378,full
3859,12,292,2,3,false,false,0,0,776,7.920281689977646e-16,5.955679698384852e-16,16,17,5,3,130,9,true,0.0,0.0,0.0,0.0,0.0,0.0,1.6008393129837685e-15,true,4.424678446209615e-16,true,1.600839312983771e-15,0.017965200007893145,0.0008607999770902097,3504,full
3860,11,138,3,2,true,false,0,0,484,4.981908142485232e-16,4.981908142485233e-16,11,17,4,2,66,8,true,0.0,0.0,0.0,0.0,0.0,0.0,1.5139056214721426e-15,true,6.377208927237021e-16,true,8.738244641060618e-16,0.009120400005485862,0.0005796999903395772,1518,full
3861,2,116,2,3,true,false,0,0,42,1.16641069918359e-16,2.0868388433889631e-16,3,6,1,1,9,2,true,0.0,0.0,0.0,0.0,0.0,0.0,2.3426744318061644e-16,true,2.2370236641021234e-22,true,2.345689325609548e-16,0.002593300014268607,0.0004550000303424895,232,full
3862,5,155,1,4,true,false,0,0,146,3.144536166176032e-16,2.743753689552509e-16,5,8,0,1,32,4,true,0.0,0.0,0.0,0.0,0.0,0.0,6.457777172392109e-16,true,1.9738210010245827e-16,true,6.451971372841581e-16,0.005026300030294806,0.0005348999984562397,775,full
3863,9,254,3,3,false,false,0,0,502,3.352265194777671e-16,3.5657339777227004e-16,8,15,2,2,87,4,true,0.0,0.0,0.0,0.0,0.0,0.0,5.867454514183407e-16,true,2.63440630467495e-16,true,6.179650974094505e-16,0.012431800016202033,0.0007848999812267721,2286,full
3864,11,63,1,4,true,false,0,0,106,3.216153248999656e-16,4.882499889613966e-16,6,11,4,2,24,5,true,0.0,0.0,0.0,0.0,0.0,0.0,1.2738848540468945e-15,true,1.2892451654883159e-16,true,1.2738848540468961e-15,0.0032963999547064304,0.0004591000033542514,693,full
3865,3,240,2,5,true,false,0,0,110,1.8647776956513245e-16,1.7946644536170353e-16,6,3,0,1,33,3,true,0.0,0.0,0.0,0.0,0.0,0.0,2.4136786866080557e-16,true,1.500057342650739e-17,true,2.4136786866080557e-16,0.005346400022972375,0.0005194999976083636,720,full
3866,11,226,1,3,true,false,0,0,496,4.78404775335023e-16,2.6586376291078064e-16,8,23,3,4,82,11,true,0.0,0.0,0.0,0.0,0.0,0.0,2.5712412549543448e-15,true,1.276579667304398e-16,true,2.5673010838552677e-15,0.011979000002611428,0.0008562999428249896,2486,full
3867,9,294,1,3,true,false,0,0,629,8.154951999202553e-16,8.576682949884165e-16,8,13,0,3,112,5,true,0.0,0.0,0.0,0.0,0.0,0.0,1.588659940938255e-15,true,6.250768344609109e-16,true,1.5908066753308081e-15,0.014775799994822592,0.0007661999552510679,2646,full
3868,10,95,3,4,true,false,0,0,133,6.796619508093673e-16,3.000350072835048e-16,13,14,5,4,26,7,true,0.0,0.0,0.0,0.0,0.0,0.0,3.2953306705908704e-16,true,1.6476653352954357e-16,true,4.910315560567316e-16,0.0038517999928444624,0.000444200006313622,950,full
3869,2,115,2,1,true,false,0,0,169,3.7074055700479975e-16,4.2730315627876585e-16,2,3,0,1,12,2,true,0.0,0.0,0.0,0.0,0.0,0.0,8.827908382592883e-16,true,1.1674455337996938e-16,true,8.902456291846511e-16,0.004747800005134195,0.00042580004082992673,230,full
3870,7,246,2,1,true,false,0,0,1230,4.4044099902141975e-16,5.548166258190796e-16,8,13,1,1,83,7,true,0.0,0.0,0.0,0.0,0.0,0.0,2.1424221213173837e-15,true,2.6203737780143257e-16,true,2.1690560599081313e-15,0.01922359998570755,0.0009443999733775854,1722,full
3871,2,191,2,1,true,false,0,0,311,2.3910982255828734e-16,2.9674849390543736e-16,1,3,0,0,16,2,true,0.0,0.0,0.0,0.0,0.0,0.0,9.14570674952564e-16,true,3.489971033998445e-21,true,9.118925149183843e-16,0.00861700001405552,0.0005099999834783375,382,full
3872,2,121,3,4,true,false,0,0,51,2.3526520101801894e-16,2.3526520101801894e-16,3,3,0,0,15,1,true,0.0,0.0,0.0,0.0,0.0,0.0,4.697360566367209e-16,true,8.933183191637498e-22,true,4.700782946561234e-16,0.002421800047159195,0.00038819998735561967,242,full
3873,6,210,3,3,true,false,0,0,224,4.667186175556333e-16,3.368507180800296e-16,4,9,1,3,36,6,true,0.0,0.0,0.0,0.0,0.0,0.0,1.385376329946703e-15,true,2.334456501641391e-16,true,1.3831040833243853e-15,0.007321799988858402,0.0006979000172577798,1260,full
3874,8,282,3,1,false,false,0,0,1407,4.88842149140572e-16,4.93517596070684e-16,10,16,2,5,89,7,true,0.0,0.0,0.0,0.0,0.0,0.0,3.883505898322612e-15,true,2.3137045598460906e-16,true,3.87729042131313e-15,0.022498700011055917,0.0009464999893680215,2256,full
3875,4,142,2,2,true,false,0,0,194,2.6410394885033075e-16,2.6410394885033075e-16,2,5,2,0,25,4,true,0.0,0.0,0.0,0.0,0.0,0.0,6.606447790063972e-16,true,5.672197278672652e-16,true,6.819539467331302e-16,0.005483000015374273,0.0004988000146113336,568,full
3876,9,273,2,5,true,false,0,0,350,3.998259692714434e-16,3.4977144641085096e-16,10,14,1,2,106,7,true,0.0,0.0,0.0,0.0,0.0,0.0,1.1090459327568199e-15,true,3.4360172150811533e-16,true,1.112869237553656e-15,0.010684899985790253,0.0006751000182703137,2457,full
3877,5,107,1,2,true,false,0,0,138,4.3604512944666328e-16,3.015890942860797e-16,6,12,2,1,27,4,true,0.0,0.0,0.0,0.0,0.0,0.0,5.843053125808742e-16,true,3.609208202732175e-16,true,7.964499217986076e-16,0.0038589999894611537,0.00045549997594207525,535,full
3878,6,253,1,1,true,false,0,0,692,4.407129319581244e-16,2.959102969837684e-16,5,12,4,1,43,5,true,0.0,0.0,0.0,0.0,0.0,0.0,1.5823293156889753e-15,true,2.275929373190122e-16,true,1.5793460929011873e-15,0.013874299998860806,0.0008022999973036349,1518,full
3879,8,140,2,4,true,false,0,0,164,2.726791758583359e-16,2.468144165412724e-16,5,20,4,2,36,7,true,0.0,0.0,0.0,0.0,0.0,0.0,8.718553568632093e-16,true,2.2216701537832917e-16,true,8.718553568632101e-16,0.0051024999702349305,0.0005036999937146902,1120,full
3880,3,189,3,4,true,false,0,0,113,1.9565634775224836e-16,1.9565634775224836e-16,2,7,0,0,38,3,true,0.0,0.0,0.0,0.0,0.0,0.0,4.599199948157586e-16,true,5.756706062823121e-16,true,5.756706062823121e-16,0.004744899983052164,0.00047470000572502613,567,full
3881,6,264,2,1,true,false,0,0,903,5.462115127858077e-16,5.165127478736446e-16,3,9,2,1,53,3,true,0.0,0.0,0.0,0.0,0.0,0.0,1.46637419373396e-15,true,1.02801840017981e-15,true,2.233009115810036e-15,0.017317699966952205,0.0008315000450238585,1584,full
3882,9,265,3,1,false,false,0,0,1810,4.2570425893084115e-16,5.844066285617315e-16,11,13,1,2,108,8,true,0.0,0.0,0.0,0.0,0.0,0.0,1.8999681307610215e-15,true,6.520869037812568e-16,true,1.5571326547041792e-15,0.025617700011935085,0.00117350002983585,2385,full
3883,9,295,1,5,false,false,0,0,349,3.0896006421357227e-16,3.714425013291627e-16,10,11,2,4,107,7,true,0.0,0.0,0.0,0.0,0.0,0.0,9.273641288771523e-16,true,2.7367936909413885e-16,true,9.422388878343655e-16,0.012496899988036603,0.0007844000356271863,2655,full
3884,7,236,2,5,true,false,0,0,217,3.1962067966211976e-16,2.859811766016695e-16,7,8,1,2,74,4,true,0.0,0.0,0.0,0.0,0.0,0.0,5.433978337052776e-16,true,3.9529565461433135e-16,true,8.161342614025533e-16,0.007982500013895333,0.0006887000054121017,1652,full
3885,8,120,2,5,true,false,0,0,123,5.561175724259085e-16,4.162547025166816e-16,12,13,2,3,36,5,true,0.0,0.0,0.0,0.0,0.0,0.0,1.0015528825385543e-15,true,7.185879594147797e-16,true,1.3993277382695677e-15,0.004426500003319234,0.0005939000402577221,960,full
3886,5,73,1,1,true,false,0,0,239,3.127124601301225e-16,2.378175482323992e-16,4,7,1,2,16,4,true,0.0,0.0,0.0,0.0,0.0,0.0,1.4777362216169078e-15,true,1.1249931829263899e-16,true,1.4751191351230907e-15,0.004914299992378801,0.00048509996850043535,365,full
3887,4,52,3,5,false,false,0,0,30,2.2258479498556156e-16,1.3992132079773675e-16,5,4,0,1,6,3,true,0.0,0.0,0.0,0.0,0.0,0.0,2.3891701264697587e-16,true,2.368296978648332e-16,true,2.3809298565148033e-16,0.0013047000393271446,0.0004104999825358391,208,full
3888,3,135,1,5,true,false,0,0,66,2.2222416154865685e-16,2.275862021980685e-16,4,5,0,1,19,2,true,0.0,0.0,0.0,0.0,0.0,0.0,7.801534569624258e-16,true,2.302064996355016e-16,true,7.780521577300074e-16,0.0029779999749734998,0.00042400002712383866,405,full
3889,12,79,2,4,false,false,0,0,163,2.427496189214209e-16,3.1268020317522406e-16,16,17,4,2,41,9,true,0.0,0.0,0.0,0.0,0.0,0.0,1.1450739479816739e-15,true,2.3741275939241464e-16,true,1.1561776659106366e-15,0.0040899000014178455,0.00046740000834688544,948,full
3890,2,241,1,4,false,false,0,0,54,1.2654831589357961e-16,1.2654831589357961e-16,4,3,2,1,10,2,true,0.0,0.0,0.0,0.0,0.0,0.0,0.0,true,0.0,true,0.0,0.003387100005056709,0.0005498999962583184,482,full
3891,3,64,3,5,true,false,0,0,26,1.6644209933350209e-16,2.0595542595533152e-16,1,4,1,0,7,3,true,0.0,0.0,0.0,0.0,0.0,0.0,2.4269354024924096e-16,true,7.417871567772853e-18,true,2.4269354024924096e-16,0.001347100012935698,0.0003722999827004969,192,full
3892,11,247,1,2,true,false,0,0,713,5.525888229700644e-16,6.139118637904548e-16,10,19,7,4,87,9,true,0.0,0.0,0.0,0.0,0.0,0.0,2.115246140597924e-15,true,7.187221071717979e-16,true,1.5864346054484428e-15,0.015006600006017834,0.0008531000348739326,2717,full
3893,7,208,3,4,true,false,0,0,203,4.512409560232797e-16,2.4103704288923645e-16,11,11,3,2,46,5,true,0.0,0.0,0.0,0.0,0.0,0.0,1.1994814479168036e-15,true,2.1687087053259469e-16,true,1.1971784191632177e-15,0.0071625999989919364,0.0005560999852605164,1456,full
3894,3,166,3,2,false,false,0,0,122,1.588155349286616e-16,1.6637520558816328e-16,3,6,2,0,16,2,true,0.0,0.0,0.0,0.0,0.0,0.0,2.370501450748485e-16,true,1.1504352301318513e-16,true,2.370501450748485e-16,0.004838300053961575,0.0004969000001437962,498,full
3895,2,93,1,3,false,false,0,0,52,1.7168971810483377e-16,1.7168971810483377e-16,2,5,0,0,16,2,true,0.0,0.0,0.0,0.0,0.0,0.0,4.87981245943613e-16,true,0.0,true,4.87981245943613e-16,0.0023648000205866992,0.0004957999917678535,186,full
3896,4,233,2,4,true,false,0,0,182,4.523367533373519e-16,3.802451172419765e-16,4,7,0,1,44,4,true,0.0,0.0,0.0,0.0,0.0,0.0,8.970539815215679e-16,true,2.8475105827149975e-16,true,9.000661952893127e-16,0.006278399960137904,0.0005548000335693359,932,full
3897,2,270,2,3,true,false,0,0,133,1.9230120045470467e-16,1.985495309469135e-16,2,3,0,1,26,2,true,0.0,0.0,0.0,0.0,0.0,0.0,6.980464643333257e-16,true,2.215243654744629e-22,true,6.980464643333262e-16,0.005862399993930012,0.0005581000004895031,540,full
3898,4,57,3,4,false,false,0,0,42,2.296283749602254e-16,2.4152352724647276e-16,5,5,1,1,10,2,true,0.0,0.0,0.0,0.0,0.0,0.0,4.651045499625154e-16,true,2.3183280980194188e-16,true,4.656035658153564e-16,0.0016362000023946166,0.0003996000159531832,228,full
3899,6,268,1,1,true,false,0,0,935,4.597966355593892e-16,3.1904880857894507e-16,5,11,4,1,61,5,true,0.0,0.0,0.0,0.0,0.0,0.0,1.230573126098333e-15,true,3.516521037686473e-16,true,1.2297411687417816e-15,0.016726200003176928,0.0008300000336021185,1608,full
3900,10,287,2,5,true,false,0,0,354,3.651734779670174e-16,2.860847130455524e-16,12,15,3,3,104,7,true,0.0,0.0,0.0,0.0,0.0,0.0,8.281592606476206e-16,true,1.255094164532019e-16,true,8.471825100920837e-16,0.012152000039350241,0.0007307999767363071,2870,full
3901,12,249,2,3,true,false,0,0,558,5.205157776374836e-16,3.817115702674878e-16,12,24,5,2,111,8,true,0.0,0.0,0.0,0.0,0.0,0.0,1.0766660577023688e-15,true,5.780993726301483e-16,true,1.0765957114261039e-15,0.01327349996427074,0.0007742000161670148,2988,full
3902,7,206,2,4,true,false,0,0,218,4.468890418438943e-16,2.1483306879716619e-16,11,8,3,4,46,4,true,0.0,0.0,0.0,0.0,0.0,0.0,1.0300324777894712e-15,true,1.1606287351721955e-16,true,1.0300324777894724e-15,0.0067542000324465334,0.000561299966648221,1442,full
3903,7,244,2,4,true,false,0,0,281,4.726316146645843e-16,3.460048507030652e-16,10,9,2,1,54,7,true,0.0,0.0,0.0,0.0,0.0,0.0,1.3303433732916513e-15,true,2.3177426102106886e-16,true,1.3241070088568249e-15,0.008715999952983111,0.0006251000449992716,1708,full
3904,4,272,2,2,true,false,0,0,377,3.99011949076928e-16,3.481991660896934e-16,3,10,1,1,41,2,true,0.0,0.0,0.0,0.0,0.0,0.0,8.647833299358224e-16,true,2.4498422317021866e-16,true,8.646674288005689e-16,0.010132299968972802,0.0006317999796010554,1088,full
3905,6,156,2,5,true,false,0,0,131,2.68984509882528e-16,3.0667434237268176e-16,4,8,4,1,34,5,true,0.0,0.0,0.0,0.0,0.0,0.0,6.72808517370827e-16,true,2.2840639455543e-16,true,6.72808517370827e-16,0.004663300001993775,0.0004847000236622989,936,full
3906,3,165,3,3,true,false,0,0,78,2.6610498059207557e-16,2.6610498059207557e-16,0,7,2,2,17,3,true,0.0,0.0,0.0,0.0,0.0,0.0,5.849639630928169e-16,true,1.1614426189261292e-16,true,5.850867408683118e-16,0.003647300007287413,0.0004632999771274626,495,full
3907,5,187,1,3,true,false,0,0,200,3.090667920827628e-16,2.440983350418314e-16,4,3,2,1,36,2,true,0.0,0.0,0.0,0.0,0.0,0.0,1.4445862353793283e-15,true,1.1906246837882833e-16,true,1.4487978728584738e-15,0.005674599960912019,0.0005176000413484871,935,full
3908,3,53,1,1,false,false,0,0,102,2.1495165243521612e-16,1.7306803559854264e-16,1,2,0,1,5,3,true,0.0,0.0,0.0,0.0,0.0,0.0,2.1994718431687662e-16,true,1.196101487169238e-16,true,2.2020057423701923e-16,0.002516700013075024,0.00037239998346194625,159,full
3909,3,130,3,4,false,false,0,0,57,1.6825600170782053e-16,1.6825600170782053e-16,2,7,1,1,17,3,true,0.0,0.0,0.0,0.0,0.0,0.0,2.5603042805356466e-16,true,1.1612174409660062e-16,true,2.5564603176923115e-16,0.0027818999951705337,0.00042779999785125256,390,full
3910,4,84,3,3,false,false,0,0,66,2.4835136938989816e-16,1.528759097347848e-16,2,6,1,2,11,3,true,0.0,0.0,0.0,0.0,0.0,0.0,2.386355664152738e-16,true,1.1908675375865523e-16,true,3.535922683301234e-16,0.002392199996393174,0.0003917999565601349,336,full
3911,9,209,1,1,true,false,0,0,1404,7.715660262856607e-16,5.87789552339091e-16,4,12,1,1,80,8,true,0.0,0.0,0.0,0.0,0.0,0.0,3.0970118445365516e-15,true,3.7825231258589715e-16,true,2.9780012707012015e-15,0.01898540003458038,0.0008579999557696283,1881,full
3912,9,273,2,1,true,false,0,0,1427,8.655839067413355e-16,6.766900362770824e-16,4,13,3,5,80,7,true,0.0,0.0,0.0,0.0,0.0,0.0,3.809636926077203e-15,true,7.36609254805566e-16,true,3.694038737648013e-15,0.021597700018901378,0.0009471999946981668,2457,full
3913,12,60,2,2,true,false,0,0,222,6.184482021715804e-16,3.7704406077730377e-16,10,19,5,3,16,9,true,0.0,0.0,0.0,0.0,0.0,0.0,3.1226555780497013e-15,true,4.419686528766545e-16,true,3.1226555780497013e-15,0.004120700003113598,0.0004411999834701419,720,full
3914,6,85,3,4,true,false,0,0,81,2.4621553006949165e-16,4.016614757893756e-16,5,9,0,3,18,3,true,0.0,0.0,0.0,0.0,0.0,0.0,7.371026516018239e-16,true,1.2258365243313296e-16,true,8.580855670319314e-16,0.0027219000039622188,0.0004099999787285924,510,full
3915,12,213,3,5,true,false,0,0,270,3.532262288172334e-16,4.2240058942501414e-16,18,18,5,7,81,9,true,0.0,0.0,0.0,0.0,0.0,0.0,1.0692253412845973e-15,true,3.162575872945693e-16,true,1.0542465667464224e-15,0.009273800009395927,0.0006632999866269529,2556,full
3916,10,58,1,2,false,false,0,0,162,3.3085042046518853e-16,2.9445971952598897e-16,12,21,3,3,29,8,true,0.0,0.0,0.0,0.0,0.0,0.0,3.356235975848265e-16,true,2.2858270870897274e-16,true,4.377883888125048e-16,0.003300800046417862,0.00042479997500777245,580,full
3917,4,247,3,5,true,false,0,0,147,2.532972166774614e-16,3.2890768793012624e-16,4,5,1,0,45,4,true,0.0,0.0,0.0,0.0,0.0,0.0,9.315133716042893e-16,true,1.2325620831350598e-16,true,9.336885534327143e-16,0.006034299964085221,0.0005422999965958297,988,full
3918,3,182,1,3,false,false,0,0,115,2.0309921340218993e-16,1.7177840716698014e-16,1,3,0,1,33,3,true,0.0,0.0,0.0,0.0,0.0,0.0,5.071436037365353e-16,true,1.2782944704258213e-16,true,5.065963880276708e-16,0.004215100023429841,0.0004620999679900706,546,full
3919,7,194,3,1,true,false,0,0,781,3.80086434910558e-16,3.7291409294222905e-16,11,9,2,1,49,4,true,0.0,0.0,0.0,0.0,0.0,0.0,1.6507894494854801e-15,true,2.420798172824179e-16,true,1.657281196974605e-15,0.013004800013732165,0.0006951999966986477,1358,full
3920,4,254,3,2,true,false,0,0,253,2.937782470506622e-16,2.9377824705066205e-16,1,4,1,2,44,4,true,0.0,0.0,0.0,0.0,0.0,0.0,9.60675018849539e-16,true,1.2071272463473131e-16,true,9.60675018849539e-16,0.00822600000537932,0.0005879999953322113,1016,full
3921,8,223,2,5,true,false,0,0,224,4.2361550134474085e-16,2.251511439647145e-16,6,9,3,0,57,7,true,0.0,0.0,0.0,0.0,0.0,0.0,1.124043615940128e-15,true,2.345042611232264e-16,true,1.1244146049320002e-15,0.00758590002078563,0.0006147000240162015,1784,full
3922,6,288,2,5,false,false,0,0,196,2.1346522432703898e-16,1.5995331274302054e-16,6,14,2,3,72,5,true,0.0,0.0,0.0,0.0,0.0,0.0,9.716672567771115e-16,true,1.2344273269839407e-16,true,9.749605349587527e-16,0.009132299979683012,0.0008110000053420663,1728,full
3923,11,198,1,2,true,false,0,0,760,6.107566690484586e-16,3.557103556520935e-16,13,16,2,4,95,8,true,0.0,0.0,0.0,0.0,0.0,0.0,1.405682488660788e-15,true,2.3352969343900596e-16,true,1.4125877612062517e-15,0.01397589995758608,0.0007488999981433153,2178,full
3924,9,184,1,1,true,false,0,0,1097,5.621169335563987e-16,3.518656678650105e-16,7,14,2,2,86,8,true,0.0,0.0,0.0,0.0,0.0,0.0,2.707620751771756e-15,true,3.467537379485845e-16,true,2.6729652792772857e-15,0.01655380002921447,0.0009292999748140574,1656,full
3925,10,184,3,3,true,false,0,0,420,6.748174285652342e-16,4.660293903976831e-16,8,13,2,4,81,7,true,0.0,0.0,0.0,0.0,0.0,0.0,2.435979254124705e-15,true,5.084202616219388e-16,true,2.4422783916626275e-15,0.010866300028283149,0.0006425000028684735,1840,full
3926,11,51,3,1,true,false,0,0,336,2.627769352141104e-16,3.805606736849549e-16,8,16,4,3,14,7,true,0.0,0.0,0.0,0.0,0.0,0.0,4.1927613633522926e-16,true,4.848232957525672e-16,true,7.272349436288508e-16,0.004715299990493804,0.00047309999354183674,561,full
3927,11,86,1,2,true,false,0,0,236,4.520573669234998e-16,3.1436127347789595e-16,7,16,4,3,42,7,true,0.0,0.0,0.0,0.0,0.0,0.0,1.2547192651878175e-15,true,2.1857323882314696e-16,true,1.257113148518254e-15,0.005140600027516484,0.0005321999778971076,946,full
3928,4,180,2,2,false,false,0,0,258,2.48379886159818e-16,3.0007676007682616e-16,2,10,0,1,33,1,true,0.0,0.0,0.0,0.0,0.0,0.0,4.79459596028048e-16,true,2.2002113402002654e-16,true,4.794595960280483e-16,0.006956900004297495,0.000554799975361675,720,full
3929,2,202,1,1,false,false,0,0,320,1.9299701759272998e-16,1.6809840763612485e-16,3,3,0,0,21,1,true,0.0,0.0,0.0,0.0,0.0,0.0,4.966711568788477e-16,true,0.0,true,4.965523605467857e-16,0.008452699985355139,0.0005662000039592385,404,full
3930,5,60,2,4,true,false,0,0,48,2.9189817612874217e-16,2.84687305204819e-16,4,8,3,3,8,3,true,0.0,0.0,0.0,0.0,0.0,0.0,2.5616189757946177e-16,true,1.206353291317956e-16,true,3.618052549146742e-16,0.0016790999798104167,0.0004542000242508948,300,full
3931,3,282,3,1,false,false,0,0,507,3.042552156366058e-16,2.792771151394501e-16,1,4,1,1,37,2,true,0.0,0.0,0.0,0.0,0.0,0.0,1.1234496865105537e-15,true,1.1213686997776059e-16,true,1.1240932160561302e-15,0.012736600008793175,0.0006930999807082117,846,full
3932,11,74,2,5,true,false,0,0,87,4.757273834297345e-16,3.202029339426071e-16,13,14,3,4,29,10,true,0.0,0.0,0.0,0.0,0.0,0.0,1.2985901919840465e-15,true,2.3555158358996385e-16,true,1.3010307988349201e-15,0.003281500015873462,0.0004183999844826758,814,full
3933,9,285,1,3,true,false,0,0,644,6.136287471283542e-16,7.275721409094999e-16,8,14,1,3,121,4,true,0.0,0.0,0.0,0.0,0.0,0.0,2.2383671319683167e-15,true,2.2835634209244275e-16,true,2.0942583613069987e-15,0.014988999988418072,0.000958500022534281,2565,full
3934,10,300,3,5,true,false,0,0,408,3.4034918374495257e-16,5.107996616893053e-16,8,16,4,2,116,8,true,0.0,0.0,0.0,0.0,0.0,0.0,2.4522877837256566e-15,true,9.090190607784966e-16,true,1.7380669640813952e-15,0.01273449999280274,0.0007300999714061618,3000,full
3935,11,77,1,2,false,false,0,0,251,6.650842401118199e-16,6.660157306441896e-16,10,16,5,0,23,8,true,0.0,0.0,0.0,0.0,0.0,0.0,9.792869046787912e-16,true,3.5912351607665227e-16,true,7.360705485927491e-16,0.004478999995626509,0.0004472000291571021,847,full
3936,8,279,2,4,true,false,0,0,386,4.0679914143653166e-16,3.0432482815072757e-16,10,12,1,3,111,7,true,0.0,0.0,0.0,0.0,0.0,0.0,1.0299342559126294e-15,true,1.2899425638506674e-16,true,1.142237376245549e-15,0.011213399993721396,0.0006772999768145382,2232,full
3937,3,61,3,2,true,false,0,0,55,2.844502965853337e-16,2.844502965853337e-16,0,6,2,2,5,2,true,0.0,0.0,0.0,0.0,0.0,0.0,2.3893821770177437e-16,true,2.416599447135831e-16,true,2.416599447135831e-16,0.0023527999874204397,0.0004535000189207494,183,full
3938,6,242,2,4,true,false,0,0,218,3.18836412369248e-16,1.795207266550179e-16,7,10,1,1,70,4,true,0.0,0.0,0.0,0.0,0.0,0.0,9.655154392147888e-16,true,1.2104217610825315e-16,true,9.658209251695308e-16,0.00797259999671951,0.0007528000278398395,1452,full
3939,12,151,1,2,true,false,0,0,660,7.652478748927326e-16,4.745264952261467e-16,8,18,2,3,72,7,true,0.0,0.0,0.0,0.0,0.0,0.0,2.5975131393154905e-15,true,7.354753449368876e-16,true,3.0765125246561382e-15,0.013094699999783188,0.0007573000038973987,1812,full
3940,5,131,2,5,false,false,0,0,81,4.3315095303183525e-16,4.331509530318356e-16,3,9,1,1,32,3,true,0.0,0.0,0.0,0.0,0.0,0.0,1.0693991078913369e-15,true,2.4643760477019195e-16,true,1.1578519024969072e-15,0.003312300017569214,0.0004846000229008496,655,full
3941,9,231,3,4,true,false,0,0,324,4.045402594579908e-16,3.029882464473008e-16,6,14,5,2,93,6,true,0.0,0.0,0.0,0.0,0.0,0.0,2.1460365034177327e-15,true,2.3106151106751106e-16,true,2.2703472019629045e-15,0.00964380003279075,0.0006642999942414463,2079,full
3942,6,137,1,2,true,false,0,0,280,4.408039151394415e-16,3.2611522006338126e-16,5,12,1,2,33,5,true,0.0,0.0,0.0,0.0,0.0,0.0,1.7122207113303708e-15,true,5.627488545577453e-16,true,1.7122207113303708e-15,0.00613829999929294,0.0005412999889813364,822,full
3943,8,66,2,5,true,false,0,0,62,3.065832151826366e-16,3.89001824835978e-16,9,5,3,4,15,5,true,0.0,0.0,0.0,0.0,0.0,0.0,5.744909727089426e-16,true,1.359876217744198e-16,true,5.673982780901071e-16,0.002140800002962351,0.00043159996857866645,528,full
3944,4,187,3,2,true,false,0,0,260,3.583470901108991e-16,2.8783698897171997e-16,3,6,0,2,31,3,true,0.0,0.0,0.0,0.0,0.0,0.0,8.636776064631286e-16,true,2.1591940161578235e-16,true,1.0795970080789109e-15,0.007470899960026145,0.0005549000343307853,748,full
3945,6,74,2,4,true,false,0,0,69,2.7594215566811456e-16,2.7594215566811456e-16,7,10,2,3,11,6,true,0.0,0.0,0.0,0.0,0.0,0.0,2.459707976999514e-16,true,1.228804086094704e-16,true,2.4560229623426564e-16,0.002268899988848716,0.0003923999611288309,444,full
3946,7,85,3,1,false,false,0,0,363,1.9350841029956712e-16,1.5186530633776462e-16,7,11,1,3,21,5,true,0.0,0.0,0.0,0.0,0.0,0.0,1.4684172317538806e-15,true,1.145284720902446e-16,true,1.5793906163513194e-15,0.005858500022441149,0.0006521999603137374,595,full
3947,5,281,3,1,true,true,2,0,1077,6.309398567588254e-16,5.034054222456693e-16,4,8,0,2,59,3,,,,,,,,,true,2.537203459021377e-16,,,0.01991410000482574,0.0008791000000201166,1405,full
3948,10,243,1,2,true,false,0,0,658,4.872555933384455e-16,3.729828443112558e-16,5,13,4,4,81,8,true,0.0,0.0,0.0,0.0,0.0,0.0,1.164558631599991e-15,true,2.28003793542558e-16,true,1.1591005526106493e-15,0.01602769998135045,0.0008675000281073153,2430,full
3949,6,219,2,5,false,false,0,0,179,3.034476849570219e-16,3.0344768495702217e-16,4,8,1,2,58,4,true,0.0,0.0,0.0,0.0,0.0,0.0,1.1011038799887607e-15,true,5.623430096724957e-16,true,9.490891901408475e-16,0.007429999997839332,0.0006922000320628285,1314,full
3950,5,111,1,5,false,false,0,0,79,2.7706274372839567e-16,2.7706274372839567e-16,2,7,1,1,19,4,true,0.0,0.0,0.0,0.0,0.0,0.0,4.734428831691032e-16,true,3.5817952712699947e-16,true,3.5509392582540444e-16,0.002815700019709766,0.0004384999629110098,555,full
3951,7,232,1,1,true,false,0,0,1057,4.665157671095271e-16,3.900276699611144e-16,7,5,3,3,69,5,true,0.0,0.0,0.0,0.0,0.0,0.0,4.399374503548139e-15,true,3.4699267741154104e-16,true,4.447394977112783e-15,0.01761330000590533,0.0008300999761559069,1624,full
3952,2,110,3,1,true,false,0,0,177,2.4758746627551986e-16,3.0261705289245038e-16,3,2,0,0,7,2,true,0.0,0.0,0.0,0.0,0.0,0.0,9.250481260568944e-16,true,8.897341128902223e-22,true,9.250481260568944e-16,0.005406900017987937,0.00044789997627958655,220,full
3953,9,211,3,4,false,false,0,0,303,2.5739168150633026e-16,2.056382534681264e-16,11,7,2,3,71,5,true,0.0,0.0,0.0,0.0,0.0,0.0,6.070800939414783e-16,true,3.8300841091077894e-16,true,4.828178416506774e-16,0.00861399999121204,0.0006053000106476247,1899,full
3954,6,264,1,4,true,false,0,0,268,4.551756816997053e-16,2.683664156900803e-16,4,10,2,2,60,6,true,0.0,0.0,0.0,0.0,0.0,0.0,6.140460270933941e-16,true,1.3333676109181838e-16,true,6.1726091304685e-16,0.00828809995437041,0.0006163000361993909,1584,full
3955,12,217,1,4,true,false,0,0,464,5.172927621626756e-16,3.670621115425242e-16,16,22,2,1,114,9,true,0.0,0.0,0.0,0.0,0.0,0.0,1.770200163299025e-15,true,2.368101375217772e-16,true,1.7681816754695272e-15,0.011111699976027012,0.0007964000105857849,2604,full
3956,10,203,1,3,true,false,0,0,398,4.2231010345616414e-16,3.1110079477318945e-16,9,14,6,3,81,7,true,0.0,0.0,0.0,0.0,0.0,0.0,1.3985663271507007e-15,true,5.995211402504637e-16,true,1.864755102867601e-15,0.00911480002105236,0.0006185999955050647,2030,full
3957,12,186,2,3,true,false,0,0,487,4.861911165220783e-16,8.363896892719148e-16,11,14,2,3,103,10,true,0.0,0.0,0.0,0.0,0.0,0.0,1.747621333047529e-15,true,7.9034769792421955e-16,true,1.3980970664380231e-15,0.01081880001584068,0.0006628999835811555,2232,full
3958,8,251,3,5,true,false,0,0,210,6.433065650131673e-16,4.95522497958527e-16,12,16,4,0,58,7,true,0.0,0.0,0.0,0.0,0.0,0.0,9.02846986596233e-16,true,2.467434938337824e-16,true,7.899911132717039e-16,0.008222100033890456,0.0006229999708011746,2008,full
3959,3,141,2,2,true,false,0,0,135,2.9841684978077053e-16,2.994265494681285e-16,3,2,1,3,18,1,true,0.0,0.0,0.0,0.0,0.0,0.0,6.991869253034749e-16,true,1.1436117713164484e-16,true,6.989528641862343e-16,0.004700999998021871,0.0005366000114008784,423,full
3960,10,146,2,4,false,false,0,0,211,3.4693288549737953e-16,3.9464512657551147e-16,12,12,3,3,52,9,true,0.0,0.0,0.0,0.0,0.0,0.0,4.952409431535831e-16,true,2.441557048660686e-16,true,4.909077180517714e-16,0.006006899988278747,0.0005773999728262424,1460,full
3961,6,249,3,3,true,false,0,0,337,4.3141175041236153e-16,4.339950809831227e-16,2,10,1,2,55,5,true,0.0,0.0,0.0,0.0,0.0,0.0,1.7225775795677783e-15,true,7.356104141225997e-16,true,1.602386501531626e-15,0.009601099998690188,0.000678999989759177,1494,full
3962,6,136,2,3,false,false,0,0,141,2.412401725432124e-16,2.290208282039325e-16,5,12,3,3,38,4,true,0.0,0.0,0.0,0.0,0.0,0.0,5.441237310460017e-16,true,2.3514771909011985e-16,true,5.426992388093391e-16,0.004574200022034347,0.0004744000034406781,816,full
3963,9,116,3,4,true,false,0,0,199,2.8394221755600935e-16,2.099480987671807e-16,10,13,1,2,33,9,true,0.0,0.0,0.0,0.0,0.0,0.0,5.12133651041977e-16,true,6.004562744462503e-16,true,4.819007227886336e-16,0.005585900042206049,0.0005418999935500324,1044,full
3964,4,245,3,2,false,false,0,0,284,2.391404321694062e-16,2.30782773237392e-16,6,8,0,3,25,1,true,0.0,0.0,0.0,0.0,0.0,0.0,4.713143369606064e-16,true,1.2198846089018653e-16,true,4.76303384344936e-16,0.008388000016566366,0.0006467999774031341,980,full
3965,2,205,2,1,true,false,0,0,249,3.878556017380019e-16,3.0349389187257516e-16,0,4,0,1,16,2,true,0.0,0.0,0.0,0.0,0.0,0.0,6.310094685312051e-16,true,2.1379662781742521e-16,true,6.350048599940383e-16,0.007943500007968396,0.0005433000042103231,410,full
3966,6,181,3,3,true,false,0,0,225,4.508961804246737e-16,3.433167681459011e-16,7,9,2,3,30,5,true,0.0,0.0,0.0,0.0,0.0,0.0,1.0019915120548305e-15,true,2.1490711601001155e-16,true,1.1986413613504502e-15,0.006917999999132007,0.0006011999794282019,1086,full
3967,4,158,3,5,false,false,0,0,59,1.6417564442242736e-16,1.6394482477998736e-16,4,8,2,2,14,2,true,0.0,0.0,0.0,0.0,0.0,0.0,2.5971002212349984e-16,true,1.1759994932439744e-16,true,2.596454989482745e-16,0.002992300025653094,0.0004676000098697841,632,full
3968,11,86,2,3,false,false,0,0,208,9.43476944528745e-16,9.43476944528745e-16,10,12,3,1,37,9,true,0.0,0.0,0.0,0.0,0.0,0.0,4.659604041759224e-16,true,6.706991182174986e-16,true,9.444289220388562e-16,0.004755100002512336,0.0005071000196039677,946,full
3969,9,86,1,3,true,false,0,0,166,5.121627714770068e-16,2.907249313779289e-16,10,12,2,4,35,8,true,0.0,0.0,0.0,0.0,0.0,0.0,1.2370532166938653e-15,true,2.3932521573452496e-16,true,1.2370532166938669e-15,0.003998400003183633,0.00047149998135864735,774,full
3970,4,83,3,1,false,false,0,0,212,2.0844443070009732e-16,1.5659654145367267e-16,4,7,2,3,9,4,true,0.0,0.0,0.0,0.0,0.0,0.0,4.868201540121498e-16,true,2.4009389325355885e-16,true,4.859485047605563e-16,0.004607099981512874,0.0004591000033542514,332,full
3971,10,212,2,1,true,false,0,0,1179,6.184551931327504e-16,6.184551931327493e-16,13,15,4,3,83,9,true,0.0,0.0,0.0,0.0,0.0,0.0,2.668249606100811e-15,true,1.2999028807850802e-15,true,1.571336538133483e-15,0.017626199987716973,0.0008153000380843878,2120,full
3972,10,93,2,1,true,false,0,0,759,5.031647874676122e-16,4.52485353661751e-16,14,14,0,1,53,8,true,0.0,0.0,0.0,0.0,0.0,0.0,2.06667664714631e-15,true,2.3335178549222594e-16,true,1.9592200953907842e-15,0.009877000004053116,0.0006321000400930643,930,full
3973,4,147,1,5,true,false,0,0,73,3.8689888459310203e-16,3.094746880240154e-16,4,4,3,1,22,3,true,0.0,0.0,0.0,0.0,0.0,0.0,8.869225413060146e-16,true,1.1575233984242975e-16,true,8.872432529455051e-16,0.0032601000275462866,0.0004626999725587666,588,full
3974,6,73,3,4,false,false,0,0,67,2.1129879742351138e-16,1.846751494039206e-16,8,11,2,2,23,4,true,0.0,0.0,0.0,0.0,0.0,0.0,7.843113720736751e-16,true,1.3106215347477046e-16,true,7.804297886905582e-16,0.0028924000216647983,0.0004054000019095838,438,full
3975,4,271,1,1,false,false,0,0,685,2.7154309735024763e-16,2.5820837314463865e-16,3,6,2,1,55,3,true,0.0,0.0,0.0,0.0,0.0,0.0,8.120425189062511e-16,true,1.4327901841002384e-16,true,8.15322555843061e-16,0.014474300027359277,0.000720099953468889,1084,full
3976,6,203,1,5,true,false,0,0,186,3.201057579093808e-16,3.369636788296855e-16,8,11,1,1,60,4,true,0.0,0.0,0.0,0.0,0.0,0.0,8.647825111995571e-16,true,2.224821796778896e-16,true,8.621276813515595e-16,0.0061941000167280436,0.0005454000202007592,1218,full
3977,8,226,3,1,true,false,0,0,1147,4.790926041973352e-16,5.291321713902813e-16,12,16,3,2,69,6,true,0.0,0.0,0.0,0.0,0.0,0.0,2.19601603580132e-15,true,2.3505946548650064e-16,true,2.1960160358013246e-15,0.018193800002336502,0.0009648000122979283,1808,full
3978,11,239,1,4,true,false,0,0,388,5.638466272668042e-16,3.4232132934575783e-16,9,19,5,2,102,7,true,0.0,0.0,0.0,0.0,0.0,0.0,1.0385728243986676e-15,true,2.650065597965132e-16,true,1.1895811249441217e-15,0.010522899974603206,0.0006763000274077058,2629,full
3979,9,183,3,2,false,false,0,0,562,3.0297199278386973e-16,3.266281872931775e-16,9,12,1,5,82,6,true,0.0,0.0,0.0,0.0,0.0,0.0,8.013388654281471e-16,true,2.5247302514204815e-16,true,7.299432702223202e-16,0.011511200049426407,0.0007176999934017658,1647,full
3980,7,77,2,4,true,false,0,0,89,4.3747549183740115e-16,2.4854377759912397e-16,4,5,2,1,25,6,true,0.0,0.0,0.0,0.0,0.0,0.0,8.748673801509204e-16,true,2.1799265384014539e-16,true,8.748673801509204e-16,0.0029776999726891518,0.0004183999844826758,539,full
3981,10,60,3,2,true,false,0,0,208,5.909805297453681e-16,3.020924466094801e-16,8,12,1,2,21,7,true,0.0,0.0,0.0,0.0,0.0,0.0,5.941192399040012e-16,true,7.163436965532118e-16,true,7.171518484531837e-16,0.004374300013296306,0.0006041000015102327,600,full
3982,8,262,1,2,false,false,0,0,718,3.1934666472506143e-16,2.3427634204635494e-16,8,16,2,2,99,5,true,0.0,0.0,0.0,0.0,0.0,0.0,1.2824657493442344e-15,true,4.714019240353238e-16,true,1.0625938896678346e-15,0.014581400027964264,0.0008005999843589962,2096,full
3983,7,58,2,5,true,false,0,0,56,3.8251723013430096e-16,1.6903229939186823e-16,6,6,1,1,18,3,true,0.0,0.0,0.0,0.0,0.0,0.0,2.329854956073225e-16,true,1.1700988136625446e-16,true,2.3401976273250896e-16,0.002029299968853593,0.0003890999942086637,406,full
3984,6,251,3,3,false,false,0,0,334,3.6077546572672987e-16,2.9657268602073524e-16,8,9,2,1,70,4,true,0.0,0.0,0.0,0.0,0.0,0.0,5.923312259034489e-16,true,5.931453720414703e-16,true,9.885756200691176e-16,0.01021710003260523,0.001018200011458248,1506,full
3985,8,165,2,5,true,false,0,0,158,2.7583229891715264e-16,1.9338448429415433e-16,8,10,3,3,62,7,true,0.0,0.0,0.0,0.0,0.0,0.0,4.866157010717141e-16,true,2.389649346703978e-16,true,4.866157010717141e-16,0.005696400010492653,0.0005462999688461423,1320,full
3986,8,155,1,3,true,false,0,0,264,3.928661175700349e-16,3.1309659529202854e-16,9,14,2,5,48,8,true,0.0,0.0,0.0,0.0,0.0,0.0,6.947226692414747e-16,true,2.302622855721364e-16,true,6.947226692414747e-16,0.006798600021284074,0.0005301000201143324,1240,full
3987,6,108,3,4,false,false,0,0,104,2.1158587647091545e-16,2.115858764709154e-16,4,8,1,4,27,6,true,0.0,0.0,0.0,0.0,0.0,0.0,4.452861051591116e-16,true,1.2274891667760116e-16,true,4.4408048206820606e-16,0.004058999998960644,0.0004611000185832381,648,full
3988,11,63,3,3,true,false,0,0,132,6.222053727932006e-16,4.531485907145678e-16,13,17,6,2,22,7,true,0.0,0.0,0.0,0.0,0.0,0.0,8.220796596228871e-16,true,2.230039993014365e-16,true,8.191216319195547e-16,0.0036357000353746116,0.0006896000122651458,693,full
3989,8,187,3,3,true,false,0,0,345,3.5407335555977165e-16,3.4932612371080097e-16,2,13,1,5,69,6,true,0.0,0.0,0.0,0.0,0.0,0.0,2.7150712489752598e-15,true,2.528503167754976e-16,true,2.7150712489752672e-15,0.009463499998673797,0.0006056000129319727,1496,full
3990,8,254,3,3,false,false,0,0,412,2.926315726738364e-16,2.676539391141038e-16,13,12,2,5,79,5,true,0.0,0.0,0.0,0.0,0.0,0.0,8.99260267336312e-16,true,2.318699960132895e-16,true,9.016015568417023e-16,0.012157300021499395,0.000707399973180145,2032,full
3991,2,123,2,2,true,false,0,0,71,2.5474337058569422e-16,2.7051138813533563e-16,2,3,1,0,6,2,true,0.0,0.0,0.0,0.0,0.0,0.0,1.3303493008285169e-15,true,1.0155643273828817e-20,true,1.3360305214658377e-15,0.0029999000253155828,0.0004251999780535698,246,full
3992,12,291,1,4,true,false,0,0,469,4.758463196872876e-16,2.8517277756737015e-16,15,22,6,3,104,8,true,0.0,0.0,0.0,0.0,0.0,0.0,1.540878312855264e-15,true,3.512054423664963e-16,true,1.5408783128552663e-15,0.013419499970041215,0.0007963000098243356,3492,full
3993,5,80,3,2,true,false,0,0,102,4.546581366958596e-16,3.2462377631452847e-16,4,12,2,1,21,4,true,0.0,0.0,0.0,0.0,0.0,0.0,1.302974905858326e-15,true,2.1674844066696647e-16,true,1.5157375849482765e-15,0.0032750999671407044,0.0004531000158749521,400,full
3994,5,177,1,4,true,false,0,0,109,2.3614818746518967e-16,2.361481874651897e-16,7,12,3,2,28,3,true,0.0,0.0,0.0,0.0,0.0,0.0,4.385045067588638e-16,true,1.129488943459434e-16,true,4.3903938776871555e-16,0.004106800013687462,0.0005341999931260943,885,full
3995,9,192,3,4,false,false,0,0,287,3.02905591371827e-16,2.4381754089437114e-16,11,13,4,1,83,7,true,0.0,0.0,0.0,0.0,0.0,0.0,1.4011793323195664e-15,true,2.3822989674712047e-16,true,1.3985395747289442e-15,0.00842279999051243,0.0006167999817989767,1728,full
3996,8,169,1,2,true,false,0,0,457,4.623047683311818e-16,3.67592827825031e-16,8,16,2,3,58,7,true,0.0,0.0,0.0,0.0,0.0,0.0,1.1332155519325553e-15,true,2.3376205007724235e-16,true,1.131825770237465e-15,0.00885559996822849,0.0006003000307828188,1352,full
3997,9,175,2,1,true,false,0,0,886,5.204271205168897e-16,3.2963087010348394e-16,7,20,3,3,67,7,true,0.0,0.0,0.0,0.0,0.0,0.0,1.6432924313837323e-15,true,3.5295542943226633e-16,true,1.6500319679476442e-15,0.013973499997518957,0.0007294999668374658,1575,full
3998,8,192,3,1,false,false,0,0,1026,8.80310301148488e-16,8.358658443691388e-16,6,15,1,4,61,7,true,0.0,0.0,0.0,0.0,0.0,0.0,2.063023076546573e-15,true,5.000071528045595e-16,true,1.8582586288068067e-15,0.016008200007490814,0.0008464999846182764,1536,full
3999,10,249,2,5,true,false,0,0,286,6.055135006273476e-16,4.857967020201975e-16,11,9,6,3,80,7,true,0.0,0.0,0.0,0.0,0.0,0.0,1.6218784886317363e-15,true,2.0000013307899104e-16,true,1.6010226017115028e-15,0.009130899969022721,0.0006746000144630671,2490,full
