part,kind,seed,panel,max_identity_residual,trials_sha256,sample_log_validated,selected,selected_feature,selected_rebalance,selected_rule,sr_bar,sharpe_ann,skew,kurt,t_bars,n_trials,degenerate_trials,var_sr,sr0,psr0,dsr,pbo,uses_signal_x,boot_selected_lo,boot_selected_hi,boot_selected_covers_zero,boot_fixed_lo,boot_fixed_hi,boot_fixed_covers_zero,mode
selected,null,1000,gross,4.284826514623177e-16,bb609b2072f5489f426b9b0680c4e45bdde2b56b126921544e6fa2bd69c7cb32,false,t085,signal_x_ewma,5,0,0.057582955477937785,0.914101079704367,0.0982044965685419,4.3079738003317,1000,108,0,0.0004363493375678556,0.05342487037151723,0.9658239654806117,0.5523560873652482,0.6277389277389277,true,-0.00633693104569227,0.12107128531731315,true,-0.07280928015029543,0.03934925560985862,true,full
selected,null,1000,net,1.0260935194131706e-12,dd124f6cb9a78806bfd0cddccdd0070b67fdcaf007c6829accec069188af845a,false,t080,low_vol,21,0,0.030814825034598828,0.4891701824130949,0.1430460132848316,5.05256513899107,1000,108,0,0.022988421590334807,0.3877759702551478,0.8353798966260519,6.41705620499571e-30,0.2205905205905206,false,,,,,,,full
selected,null,1001,gross,3.971360933553584e-16,163e12d6238d23c087c1dfb93585380bce97d10a402429658547a38e27968f71,false,t002,momentum,21,0,0.0811813085580665,1.2887133213086612,-0.10272612678867431,4.943792353165204,1000,108,0,0.0011169899359900067,0.0854773297516465,0.9945683918385788,0.44638977973608474,0.3344988344988345,false,0.019240265506312918,0.1422890848013374,false,-0.04990704835071542,0.06734136543254571,true,full
selected,null,1001,net,1.5807459651727678e-13,88c46202e8ce9e8ae47d6116d095aa95cbc0dd6bb141886d2ef9cce5076981c9,false,t002,momentum,21,0,0.05455641159069037,0.8660561849582908,-0.11050650598447433,4.930942980914188,1000,108,0,0.00676837684540828,0.21041106866370365,0.9569824514966931,4.6907935371155527e-07,0.1536907536907537,false,,,,,,,full
selected,null,1002,gross,4.29022615012748e-16,8b1f008366a30b823adf5492008a6ed94452ccc8b6922c1ca0c8cc09cc42d1b7,false,t041,reversal,21,1,0.049234275267414376,0.7815698900284592,0.2480519094414462,4.3677691653058055,1000,108,0,0.0010586940310039594,0.08321690295754394,0.9411054351586828,0.14016188221741893,0.6136752136752137,false,-0.017764788996666038,0.10951434673382725,true,-0.1074031365464833,0.0377431077110509,true,full
selected,null,1002,net,5.534913459506509e-12,d2379bbd499ea5139907d238ee5722faf7fd9d32f2802a571897d03954adc520,false,t107,signal_x_ewma,21,1,0.01482883525684124,0.23540046193409123,-0.04075782811070753,6.964614662423039,1000,108,0,0.0148056613825878,0.31120045466973967,0.6802779190312883,3.873639373755079e-21,0.16542346542346542,true,,,,,,,full
selected,null,1003,gross,4.012983353838894e-16,028ca8aee644588eb6e64e9677def66969a432c56451831b2b8a04a92a2911d3,false,t001,momentum,5,0,0.07930935435337964,1.2589969695608423,0.27867688980625,3.907568361800151,1000,108,0,0.0011195617231482048,0.08557567580743482,0.9942804640001861,0.42081127122307216,0.44988344988344986,false,0.015996360705060303,0.14257123428816598,false,-0.029577746415572335,0.083093918638564,true,full
selected,null,1003,net,1.1997590652008784e-13,4aa209f6c04f674881ca8bee7ba549445d716ec2c1cab676d8043bf076c42359,false,t032,momentum,21,0,0.020187765547918235,0.3204708429952155,-0.04829666523075762,4.4585955557822325,1000,108,0,0.01221984558488879,0.28272172084155966,0.7381495097803026,5.549355587016143e-17,0.30924630924630925,false,,,,,,,full
selected,null,1004,gross,3.984352180417283e-16,66112850ebbfd8a1ebd9dd63980e0952f7d5f700e1b65fa30edc8a87f3f2d52f,false,t000,momentum,1,0,0.08963865688207812,1.422969563806963,0.0998414246766145,4.976606707518603,1000,108,0,0.0017092181258268827,0.10573653184563127,0.9977056203277269,0.3053586908775603,0.2578865578865579,false,0.032701679312042806,0.1483392735799379,false,-0.0638253280302092,0.05853322612543101,true,full
selected,null,1004,net,5.27682559882818e-13,f6129fe5f085a441bc82f60e8c0271405e27c63ecb6c85cd086f6121d2c35be2,false,t077,low_vol,21,1,0.012725954648255081,0.20201826717101642,0.1605960700514174,4.7524997976985235,1000,108,0,0.01769300627675151,0.34019437809490116,0.656382338021221,1.8831150100522257e-25,0.3790986790986791,false,,,,,,,full
selected,null,1005,gross,4.1135165615633545e-16,f36fb232471075c62dad764a30d7305213f5366c24eb41b149dd55f6297cff0d,false,t046,reversal,5,1,0.06466102423420945,1.0264619378546336,-0.027464312518226265,4.727200475535451,1000,108,0,0.0007889897149885297,0.07183928273364258,0.9792233942580034,0.41050650648221193,0.3212898212898213,false,-0.0006081177548354691,0.1348287101189246,true,-0.021886865547797126,0.09667812090941852,true,full
selected,null,1005,net,3.9985752082614443e-13,e100808369d21ebf440600e0a77ab9740481a5767d469b3ac4244b3baf434808,false,t107,signal_x_ewma,21,1,0.03322255294598567,0.5273916780825262,0.6142205595810484,5.7579293081383485,1000,108,0,0.014793782220370904,0.3110755854590006,0.8554809904374127,3.7521345454516354e-19,0.18632478632478633,true,,,,,,,full
selected,null,1006,gross,4.1545064124187947e-16,9bd6a627a7153d36c8ed25243e78facf2e7ecc90b2408c968ee22a372f0b6a96,false,t054,reversal,1,0,0.07869341975800076,1.24921931098132,0.4029920518062538,3.7619951999211962,1000,108,0,0.0011006827944293064,0.08485108605539056,0.9941671676997024,0.4217763209682955,0.39595959595959596,false,0.0061881122035219146,0.14901188625266312,false,-0.09045730098033924,0.03264551448693619,true,full
selected,null,1006,net,7.687364034575383e-14,8a9c61e22d2e86c384761a526a3c2e45e474e4c13c74d00fa694449981d49854,false,t076,low_vol,5,1,0.031124527045098563,0.494086549415009,-0.09727134883220465,5.333645754407424,1000,108,0,0.013799885457010268,0.30044436113585726,0.8368890837073943,9.88968850658859e-18,0.14638694638694638,false,,,,,,,full
selected,null,1007,gross,4.682859863019622e-16,7ac38c1ce61315b0eb878b2c3bcb4bf8371cf342d917ba1434469d44bed7ec16,false,t038,reversal,21,0,0.04581244592616509,0.7272500332333617,0.3073191422947181,4.951168440176999,1000,108,0,0.0005373730173489711,0.0592876510967913,0.9274091593933028,0.3341471127915757,0.8143745143745144,false,-0.008958170881351401,0.10480187440028764,true,-0.11068428691691211,0.01612607533772095,true,full
selected,null,1007,net,9.158446371522936e-12,c4a5ca26513ed89733d47a0b37773e5cb36e028d10153e1258ed3260baf2fd68,false,t079,low_vol,5,0,0.020431349360745425,0.3243376161480654,0.09496969724018754,4.547360282562811,1000,108,0,0.023984640733389757,0.39608913115608774,0.7409511260206141,7.276460293804582e-33,0.3895104895104895,false,,,,,,,full
selected,null,1008,gross,4.4370001223946063e-16,e596e1dcddf81761452e4d61751fa5eab117b2450390d94f2156056624b0d227,false,t087,signal_x_ewma,1,1,0.08457888914919619,1.342648241129235,0.10177839314138111,4.711487004776672,1000,108,0,0.0009178925524392749,0.07748582112097102,0.9962737748391336,0.5887814611021172,0.322999222999223,true,0.011279872276799743,0.1569376444081227,false,-0.06791779731925907,0.04263587787968724,true,full
selected,null,1008,net,8.684047359159158e-13,91d20746604e2b233ee42020c09705b02bebcff960ff40adfd8394d42b98b7c6,false,t062,reversal,21,0,0.017803211708240552,0.2826172243094275,-0.10706243726706866,5.427523137765704,1000,108,0,0.020788217163570582,0.368752470917005,0.7129663523457056,7.8485704209905e-29,0.3320901320901321,false,,,,,,,full
selected,null,1009,gross,4.2306928337001233e-16,bd282ded78688c5a0dba6361e3aaef1c645adfd2c0f212d4d62d0c17daa76040,false,t092,signal_x_ewma,21,0,0.0670317713877609,1.064096382192902,0.17510859145845334,3.750668733054011,1000,108,0,0.0008568382926065447,0.0748644692737952,0.9833269620037214,0.4018176007866676,0.5528360528360529,true,-0.0009750998926521793,0.12857423761499992,true,-0.06171918682080161,0.06567731846122392,true,full
selected,null,1009,net,1.1735037714151491e-11,0ac88cab94eb9f3c4e1ee5e4081cdc8f5fd46ee1562ccfa26a32ce2e288e41d3,false,t071,low_vol,21,1,0.03115804057486118,0.4946185602068561,-0.039885066021612514,4.447647492946469,1000,108,0,0.02214897522395225,0.38063010542975206,0.8373902710939419,1.3056288136897316e-28,0.1825174825174825,false,,,,,,,full
selected,null,1010,gross,4.044293776111529e-16,bac9924aa16ce1b47ce8dbaff3a002b98ea9021e22a859356c44318cf5f871f9,false,t018,momentum,1,0,0.05536647458361337,0.8789155363117165,0.17717338656461326,3.923205629742544,1000,108,0,0.0019263673235108297,0.1122524601794907,0.9605092794521375,0.03555011722857593,0.45703185703185706,false,-0.005919562432813867,0.11823456445444619,true,-0.03268259194458422,0.08759167843028584,true,full
selected,null,1010,net,3.536143565405129e-12,f82971710fa7a66cc9eaf36709ac98c6fc538bcf2d67a8c100c1073274cbd130,false,t080,low_vol,21,0,0.02085292007147785,0.3310298437118258,-0.04295052837971535,4.369879810899038,1000,108,0,0.016132985157126613,0.32485060782266295,0.7449499849178168,3.90574102126625e-22,0.10310800310800311,false,,,,,,,full
selected,null,1011,gross,4.652690913232032e-16,3aed3801e56382f4fbc1d383812831c5c4481af66ee6f5fac0882b2917efc3da,false,t042,reversal,1,0,0.08533126111993397,1.3545917758971615,-0.16384115179916198,4.16017879408126,1000,108,0,0.0016700337190264898,0.10451748157526415,0.9962168947465705,0.2740792362186635,0.30256410256410254,false,0.022385037044054187,0.15060377225027227,false,-0.06758557013691814,0.040842968411321186,true,full
selected,null,1011,net,5.122865971890038e-13,4242d701b565791a66ecbe353a3468cccc07efec39bc9ca993507991dbbd4b1d,false,t077,low_vol,21,1,0.03854889128652932,0.611944677968528,-0.07455427435117885,4.306804794374814,1000,108,0,0.011099334957510065,0.26944789522631235,0.8879926285763238,1.6312751974845503e-13,0.16643356643356644,false,,,,,,,full
selected,null,1012,gross,4.4216072472172e-16,ee3705aa835d3291a6467d93a5151e54398e5dad1db347260461fea4dfec8275,false,t104,signal_x_ewma,21,0,0.08281162580714611,1.3145938053038828,0.46698663894356457,4.86453453631961,1000,108,0,0.0008585447262176397,0.07493898024357616,0.996097594181859,0.5998334082571616,0.46285936285936286,true,0.03331379365539936,0.13164575904207512,false,-0.10189051031266654,0.023820896139439073,true,full
selected,null,1012,net,1.2153458674604306e-12,8e42995f3014892952a19eb5b1752d8f35fbb0a67f6b122a2418c130cd1bb4f0,false,t104,signal_x_ewma,21,0,0.06049569660913013,0.9603394117042305,0.44240902898068285,4.827328694970432,1000,108,0,0.019492122450020768,0.357072070694009,0.9734876906239299,1.213708588946262e-21,0.08609168609168609,true,,,,,,,full
selected,null,1013,gross,6.639314361858506e-16,e03eb25f133e5535c40562f7fd8c60e8201c44b9ea89c6c22ecb36e3518d7391,false,t073,low_vol,5,0,0.03563662534966084,0.5657138894446968,0.16108151898516831,4.608770589613171,1000,108,0,0.0010710845967688485,0.0837024564262787,0.8705430705606427,0.06391475392765439,0.887024087024087,false,-0.025251149072394556,0.09563736024457695,true,-0.06021949224629628,0.07290562753210601,true,full
selected,null,1013,net,6.875049770815774e-13,d9fe65802150c90eeaca9c91286699ece95e74ec66c4c0b21f9cbbc909df23b1,false,t083,low_vol,21,1,0.01448818915737607,0.22999287274847716,-0.0040593599401596145,5.267659301285409,1000,108,0,0.0239994298634964,0.3962112282732316,0.6764745301623638,8.241752221434269e-34,0.2108780108780109,false,,,,,,,full
selected,null,1014,gross,4.445199668857159e-16,233040effacd056cad88b872c06bb78e079cd1d94a15d11bf49f6f93ba642c3e,false,t065,reversal,21,1,0.04882479080717282,0.7750695257431912,0.06448986315223043,4.027392098317663,1000,108,0,0.0007998287286445543,0.07233105776240921,0.9387351079134684,0.22860112382123993,0.6288267288267289,false,-0.017640468370520593,0.11091341622257339,true,-0.09426389954605484,0.04148403109227332,true,full
selected,null,1014,net,3.143599758539341e-13,01c4252ff9495b9bb902fba70b28eaec3a438058852e74a507647e74f6326daf,false,t106,signal_x_ewma,5,1,0.02020598042865515,0.32075999526275895,0.03709115664298991,4.032145535818963,1000,108,0,0.011383455014408942,0.27287475852344456,0.7385202814761864,6.865636542680564e-16,0.2853146853146853,true,,,,,,,full
selected,null,1015,gross,4.340730129852949e-16,5e99aa7338d003fbf276884f40239c1bdfc845ded3abcd78de4b34c8e0aef394,false,t058,reversal,5,1,0.06732225175452317,1.0687076150601007,0.35675342479288835,6.507947193680877,1000,108,0,0.0007603692080960619,0.07052426639775715,0.9841041823813765,0.45933163684713024,0.6013209013209013,false,0.006720390357338846,0.1313152519426775,false,-0.08169727609107273,0.03888971434383933,true,full
selected,null,1015,net,3.832570692138438e-13,727b63b153b1b89f1013ab72f7b1605329ebd77175e31a449229ef8565aee8d1,false,t034,momentum,5,1,0.026016197902269212,0.41299433825306775,0.1122452762132637,4.940308539693876,1000,108,0,0.008311743105137276,0.23316983881726647,0.7948088433287332,2.784204405270727e-11,0.3644133644133644,false,,,,,,,full
selected,null,1016,gross,4.108179410695094e-16,2994f89712d7f1c94288bc297d35c236309bea2f9855017468f3e39b9d4f243b,false,t000,momentum,1,0,0.06323226957828088,1.0037811608299576,0.02633309279176972,4.743068097207088,1000,108,0,0.0009574201078515986,0.07913663668375202,0.9770606829607171,0.3077748031898193,0.7043512043512044,false,-0.0028658341474795367,0.12206250400293664,true,-0.051630024899194715,0.04915989330292779,true,full
selected,null,1016,net,3.149535923290092e-13,8c39ce7ba3f970290f08c51490d3adb28a617cab65af1ef8693ce9976107f5f4,false,t083,low_vol,21,1,0.05085254137341713,0.8072590680581083,-0.2018289484376204,5.264488072817933,1000,108,0,0.0144113431443104,0.3070283977153851,0.9448595131254702,4.3215575964160957e-16,0.14211344211344212,false,,,,,,,full
selected,null,1017,gross,4.1434804172984686e-16,fe99b6bb9547360e4e3f6d81ab189a7770cb98a52bf81c61bb5fd862b068c57a,false,t086,signal_x_ewma,21,0,0.04723491413982391,0.749831016080775,-0.03794825714079123,4.11877410711546,1000,108,0,0.0006244599028578401,0.06391143887242057,0.9319302635645671,0.2993864865623721,0.650971250971251,true,-0.009598758037153557,0.10307341764866354,true,-0.050544146792101036,0.06737499923835925,true,full
selected,null,1017,net,2.502273085737618e-13,d4e8a37506b5ecd2ca1496e6948ef394c8fb888d5d111a267e7c22cda1094730,false,t032,momentum,21,0,0.03487085734845037,0.5535576992856533,0.1835507493566363,4.589469771732416,1000,108,0,0.0214998504104942,0.3750110249163037,0.8654417496660951,2.1522270128940947e-27,0.20396270396270397,false,,,,,,,full
selected,null,1018,gross,3.775671081857139e-16,c4fd5e49257932bdd54d033dce53ce753e8c9c18732265f1933f9bdcbb75371b,false,t001,momentum,5,0,0.07138518227945555,1.133204637638726,0.27361982169969246,4.072981814567015,1000,108,0,0.0006908484545058857,0.06722297239986269,0.9885199065307699,0.5527428715072522,0.42354312354312357,false,0.014099865949724306,0.13535040653359362,false,-0.03824560901837686,0.07857008967276267,true,full
selected,null,1018,net,8.443328489702365e-13,6ff20aba2c27fe56261475ccdba299d99ccd202194a3e36abc0ff7a2e75a6e0e,false,t005,momentum,21,1,0.023336802486583503,0.3704602546496022,0.2835707990607577,5.02874992397478,1000,108,0,0.020753967582740077,0.36844857703991263,0.7703056929680792,3.6617492085538814e-28,0.20271950271950273,false,,,,,,,full
selected,null,1019,gross,3.9154819992555135e-16,73a3fcba0a6eb87b240046339aeee5213e5d7fd8a47b1ff9b0d3240aa9b90d33,false,t056,reversal,21,0,0.05931041631040105,0.9415236702781816,0.07713838335114083,3.967051278640885,1000,108,0,0.0006406514270914153,0.06473471130487214,0.969704430258198,0.4318704043906755,0.6895881895881896,false,0.0012984989175262663,0.12577115991597873,false,-0.04921153474593723,0.07323728619170433,true,full
selected,null,1019,net,2.2858162975706173e-13,0b5964ef1c9559606cd02ba348e320398d9aeb776945ac054340d832a469ae61,false,t056,reversal,21,0,0.021441704348961484,0.3403765043563451,0.07733979525699676,3.965195885113436,1000,108,0,0.013974718272524212,0.30234155838212695,0.7511629709928871,3.217811110171926e-19,0.4354312354312354,false,,,,,,,full
selected,null,1020,gross,4.0121991198759757e-16,3674123992d13dff089c496321b77727ef74b2e916389002d5fd7d0669852571,false,t056,reversal,21,0,0.07389987616133296,1.1731241654481455,-0.3591599587775963,5.267412671674913,1000,108,0,0.0008135105684529155,0.07294708067836231,0.9892430479846974,0.5118225623973791,0.22812742812742812,false,0.014461602578062595,0.1392783479407923,false,-0.13864057802158244,-0.010106201562725408,false,full
selected,null,1020,net,9.461957884287624e-13,589abfc8b9b7dbada4977760a80e14833a0b512da946502076aa3566d5e2bc71,false,t056,reversal,21,0,0.027501459461746283,0.4365721345626295,-0.3720105711582569,5.065016482245651,1000,108,0,0.01949905968676691,0.3571356059282123,0.8063422815878551,1.8476994663905412e-25,0.09083139083139083,false,,,,,,,full
selected,null,1021,gross,4.0259685658185914e-16,12e888bafeb59e4b3dcddedf74c8dc89e0947fc4a2db9c0cd2c42ef373901b6d,false,t085,signal_x_ewma,5,0,0.10285452061631885,1.6327648966172734,0.19509306899301107,4.768171885846993,1000,108,0,0.0007834543002784999,0.07158683320796332,0.9994574175844295,0.8397194873114098,0.31204351204351205,true,0.04818432118763696,0.16020385490878697,false,-0.01540538171047609,0.10083454148370133,true,full
selected,null,1021,net,3.1148787077336744e-13,907232368730227b42513abbcd5cad074079ec6e9796e5e96752f7de105a7b66,false,t098,signal_x_ewma,21,0,0.027156175699519686,0.4310909247630275,0.23330633816111737,5.835610716116728,1000,108,0,0.009103573675249204,0.24402384857657644,0.8052901498488902,3.1374782777929805e-12,0.5823620823620823,true,,,,,,,full
selected,null,1022,gross,4.152403419362344e-16,72d7dca7c56048be1dd94aa2c9621250f87e120660d3dbb78a40a7cadf355293,false,t047,reversal,21,1,0.06409679953764201,1.0175051484705635,0.25082885776157987,5.863297002535505,1000,108,0,0.0010922662038330387,0.08452604811659076,0.9791862508159045,0.258067583597993,0.6506604506604506,false,-0.002300931927038721,0.12643635528972183,true,-0.046302464169567126,0.0691742053830996,true,full
selected,null,1022,net,4.4628324924549895e-13,ea9c7c23c37eaa4010052362aea6d7dd50f1a312fb3069a4172f7a11da8111d5,false,t079,low_vol,5,0,0.025621988672637017,0.4067364607362689,-0.273897263651094,4.393108725316485,1000,108,0,0.018246940051879466,0.3454787496977708,0.7901043596500079,3.687372493165117e-24,0.11631701631701631,false,,,,,,,full
selected,null,1023,gross,4.2746708485844335e-16,3446114ffa765718d328f80a6fe070685c0a7e52d11a5253ca92a0f67aeec7b5,false,t068,low_vol,21,0,0.0662045710847125,1.050964984475082,0.39502743677109114,5.525580297653368,1000,108,0,0.0007972799424151598,0.07221571837637493,0.9827875089832264,0.4238554311533185,0.5777000777000777,false,0.010036195632939855,0.12443856472082021,false,-0.07962548326797839,0.05757805633287027,true,full
selected,null,1023,net,4.814296105036845e-13,7dd59a2d493859404a2727dac0e0cdb642ab64a0bd57f602464ca54e4d925603,false,t083,low_vol,21,1,0.05401515836104191,0.8574640563065288,0.17437997682906262,5.470624073809405,1000,108,0,0.02457091702275129,0.40090087047012707,0.9566010569389309,1.9552495680010565e-28,0.11841491841491841,false,,,,,,,full
selected,null,1024,gross,4.44533115944175e-16,61ddf00c574c9bbe5fbd6c9dc28810beb33771c19555a1d700f0d15c26e2e086,false,t019,momentum,5,0,0.05882976154023052,0.9338935123480928,-0.060201688527526005,5.862235002449151,1000,108,0,0.0013599077641864876,0.09431505953983774,0.9680062953418211,0.13194112321885526,0.67000777000777,false,0.0016995695553103983,0.1173848632440757,false,-0.01829301403028979,0.09162794597095593,true,full
selected,null,1024,net,4.314428745828274e-13,74f117d4cdc18db0bae9a1c74daf2d7441e04676c00e6c64c6be693ecabb08ad,false,t019,momentum,5,0,0.010089954949561252,0.16017306921830604,-0.06537857939439227,5.50651786091754,1000,108,0,0.018027942354698494,0.34339929320212026,0.625056895099231,3.11451437530448e-26,0.11888111888111888,false,,,,,,,full
selected,null,1025,gross,4.1391791351144724e-16,2f1632fa2cd40053fc58e8dd27522226256a321da6162d2054dd18c9468d334f,false,t012,momentum,1,0,0.07581715964694025,1.2035600972225133,0.19967525965557328,4.525975316584688,1000,108,0,0.0015920682395581408,0.10204862464100821,0.9919910997336288,0.20233666707088338,0.4013209013209013,false,0.020190455925976025,0.1359658960371337,false,-0.014466871580079461,0.09614462866354634,true,full
selected,null,1025,net,4.926118138692493e-13,e051fd26f9c60414595eafb5db354e5d777b6f1b259d3654a857149e6af3f25a,false,t098,signal_x_ewma,21,0,0.033448796502334885,0.5309831831975113,-0.13801818111067213,3.8813421563874866,1000,108,0,0.01914361616586058,0.3538655670343078,0.8541409501322346,2.7605929310427907e-24,0.236985236985237,true,,,,,,,full
selected,null,1026,gross,3.9565623439522367e-16,b703d99425745ca939f77b57600949def4a7c2e4d55b242344e0adfd0509d9c8,false,t038,reversal,21,0,0.06299707991360153,1.0000476406479122,0.5936674770725595,5.206657126993231,1000,108,0,0.0005008938634850367,0.05723994030225587,0.9785700464163697,0.5734114168385839,0.36472416472416475,false,-0.007373678316633264,0.13184567827249566,true,-0.05477935673521859,0.06789978959417886,true,full
selected,null,1026,net,1.0493425550021727e-12,e18ed4bd7e67a0528514a83d5e60302c3d53d4a5a7e2fa6c685f67902e65b812,false,t038,reversal,21,0,0.0315372948491261,0.5006390351670357,0.5796427340091924,5.211366423423992,1000,108,0,0.00954635189443476,0.24988778998680194,0.84267185324855,1.6816461230491533e-12,0.27117327117327117,false,,,,,,,full
selected,null,1027,gross,4.4336634149204714e-16,94146aaa793be9b912ed6a2ff07d69fafe5174350004cd3e656268a75e077ff9,false,t063,reversal,1,1,0.09292451410405066,1.4751309301249924,-0.18142631449325936,5.204158607842811,1000,108,0,0.001731419780663937,0.10642104128405443,0.998132405211491,0.3368198996527081,0.26744366744366743,false,0.030906361470298765,0.15513516498239185,false,-0.09573749916103234,0.027532129968177724,true,full
selected,null,1027,net,1.2912727306863431e-13,10a5c2eb370fd1643a72cc1a4b096ae14faa0cd8a671d2c50089de00e5e56a20,false,t074,low_vol,21,0,0.061847935145735555,0.9818055329908058,0.2425724962400168,4.707754924966884,1000,108,0,0.018876226555369646,0.3513855573625109,0.9753576576595814,1.7198049994099853e-20,0.08127428127428127,false,,,,,,,full
selected,null,1028,gross,4.260401395663082e-16,08464bdb081b4547e648330a2ca32b1d5c29970cf07f3cfbe6a43199a65b0009,false,t060,reversal,1,0,0.07553144614402019,1.1990245359728755,0.38565110960501425,5.020053725492068,1000,108,0,0.001333992282561555,0.09341206549042085,0.9921484757515564,0.28370120771366447,0.5618492618492619,false,0.020454814218499238,0.12286996806523752,false,-0.08205819704020671,0.031150175583883066,true,full
selected,null,1028,net,2.5155250613165406e-13,79fbfe0f8ab36301fdc1df32cb107d715dc88b6adaf6798f14969f5fb64a87e1,false,t105,signal_x_ewma,1,1,0.03305268409241644,0.5246950936302872,0.45873141993127137,5.482308449579513,1000,108,0,0.013928445084182247,0.3018405855532869,0.8536122539550902,5.872984308999932e-18,0.10256410256410256,true,,,,,,,full
selected,null,1029,gross,3.906205284130195e-16,997d58c41b349816332e6771ea2c057f152a9d94a96a41e94d1b9db66101d2c9,false,t070,low_vol,5,1,0.06501407659931212,1.0320664704017026,0.08113405065297857,4.1338680955083005,1000,108,0,0.0007635155480598235,0.07067002732904132,0.9801529206652081,0.42899116682319416,0.37544677544677546,false,0.013281895839264786,0.1278130856980112,false,-0.05304855125370191,0.06082670288839824,true,full
selected,null,1029,net,8.739956230364953e-13,9151890375d1f789585b3d0152d6c787ced0ce100d3a69727cf3a7399ba61e2a,false,t073,low_vol,5,0,0.034447537450688986,0.5468377042386419,0.15822219063161536,4.430742074818579,1000,108,0,0.017270960417358698,0.336112420168639,0.8624082390058803,6.124973837559153e-22,0.14172494172494174,false,,,,,,,full
selected,null,1030,gross,4.2321259244034427e-16,42284e03e53e36c01a46a642083d23c0a173c3fe511a970826f38641986201b5,false,t062,reversal,21,0,0.05330747368194141,0.8462299103012259,-0.15871193733308223,4.7498228220663785,1000,108,0,0.000525831329490671,0.058647505637363456,0.9530910271762115,0.43335019607315783,0.6925407925407926,false,-0.010076730632465737,0.12504184797088372,true,-0.12322884637550136,-0.0009137090310267959,false,full
selected,null,1030,net,6.35741267600818e-13,6511ee6ec6a5b4446478376cd099e2362dfdeae0164da401474fcb9557000783,false,t062,reversal,21,0,0.017405097549021503,0.2762973579571844,-0.14837099262957015,4.552366767319366,1000,108,0,0.014136916206681104,0.3040910642193843,0.7086137902087465,7.255189331022411e-20,0.3916860916860917,false,,,,,,,full
selected,null,1031,gross,3.9831579073582495e-16,12d096d1af023faeced3ee8a3ea3523f841627145cfec9c303c7938806f7335d,false,t087,signal_x_ewma,1,1,0.055853094695963244,0.886640391113157,0.09890667323774699,4.899680908689955,1000,108,0,0.0011468973051854117,0.0866140971492186,0.9614312735623244,0.16515961184799705,0.6515151515151515,true,-0.007918765167728319,0.11502100471007765,true,-0.032231527001996434,0.09588731113596087,true,full
selected,null,1031,net,2.300538080802145e-13,6ac791e0d4feb40d1ca9de0827d65a8068154b4d422512344807e19694d5f04c,false,t083,low_vol,21,1,0.02053083800311274,0.3259169493839415,-0.2719058520896871,4.985635691446895,1000,108,0,0.015898298035206683,0.3224791449841454,0.741177095388847,9.0721958937035e-22,0.051204351204351205,false,,,,,,,full
selected,null,1032,gross,4.0312538912140754e-16,e69d2ccfaeb6419c129560126f1c588c9f1b095d1e5c0a9ae429ba2ddd6f85ce,false,t062,reversal,21,0,0.07475298040395752,1.1866667754585376,-0.18773047960069178,4.811157944839352,1000,108,0,0.0014892113483888846,0.09869712114758171,0.9903625965459546,0.22675347254871742,0.19137529137529138,false,0.011133329179868767,0.1408048818561557,false,-0.12796896483065334,0.007107965039348456,true,full
selected,null,1032,net,2.0495542656459105e-13,452ee7efec6827c2171e284e9648166f1a04fa0dc69ab9e6e7bef7a62a593e6d,false,t083,low_vol,21,1,0.04425703308349208,0.7025586198268688,0.31298803271767095,4.208435757134807,1000,108,0,0.014632612526715315,0.30937645079744525,0.9203603625181755,1.7055476140845808e-17,0.060372960372960374,false,,,,,,,full
selected,null,1033,gross,4.0717841221803127e-16,924267dbbbac5581c9603c6491f82f969d8e70063d507779d6ed374d8f7c7c05,false,t040,reversal,5,1,0.05643522763490518,0.895881465031674,0.19626643517380277,5.322814152376875,1000,108,0,0.0007889613029104415,0.07183798923028774,0.963320779041259,0.31252580036423483,0.5722610722610723,false,-0.00853554653048079,0.11766523349575948,true,-0.09708447173186066,0.02687734350469445,true,full
selected,null,1033,net,1.1122007974739492e-12,98a080efa3d0f9f9be5050926cfed0d772bded29da21f1c9d5b5966ab4ebc26e,false,t020,momentum,21,0,0.02981371461341879,0.4732780471569499,-0.03285090734759203,4.1885745910869225,1000,108,0,0.015620180294605622,0.3196460468553513,0.8267824756426612,2.7687598539516264e-20,0.15384615384615385,false,,,,,,,full
selected,null,1034,gross,3.7728580394030375e-16,1b781022657d8d2d091d2d942a6d2388c595214d270b89cfccd9cd67c0b165c3,false,t106,signal_x_ewma,5,1,0.0640961326102058,1.0174945613257311,0.15586743156949345,4.313135597437308,1000,108,0,0.0007973033848414526,0.07221678004814237,0.9789530205805888,0.39838922482064015,0.6153846153846154,true,0.006678345081945109,0.12238296718125481,false,-0.07610459953230155,0.04475413454859311,true,full
selected,null,1034,net,2.9133682088207124e-13,8e72e2d6294f6665161925b955830c03d37275ed8e9281f33b9baa535f477dba,false,t106,signal_x_ewma,5,1,0.04540024727580216,0.720706582515661,0.16185295612428474,4.314361178230856,1000,108,0,0.014644801427038822,0.3095052785697697,0.9249286855142084,2.851748162540527e-17,0.16464646464646465,true,,,,,,,full
selected,null,1035,gross,4.470052066215325e-16,0560fcef9a262a6cd580af25fd3844964fc309cb78a14caba812211ae94061ed,false,t032,momentum,21,0,0.05241746736438293,0.8321014980120092,0.0053572994652340625,4.560816968911327,1000,108,0,0.0009242736466591341,0.07775469135342393,0.9510343273435138,0.21186492363415577,0.3885003885003885,false,-0.006864479388467076,0.10883261569331196,true,-0.030338469599890932,0.09180336865140164,true,full
selected,null,1035,net,1.4484244815666451e-12,24333b99c44f29b71d7ff1a530400b90b50b1ec0fb372e07c7a3862fd1b18bfd,false,t032,momentum,21,0,0.03747177122810226,0.5948459271279838,-0.004693105906725922,4.537395620841737,1000,108,0,0.028121492693939754,0.42888958614692657,0.8817004635625016,2.0779753992238973e-35,0.052602952602952606,false,,,,,,,full
selected,null,1036,gross,4.063738910587635e-16,c96b6a181858e1955a03f830749a549c95f50af6fc59e28ce8a7a9e1d122d165,false,t035,momentum,21,1,0.08794414593297299,1.396070036415714,0.42401025298188555,8.141805526303173,1000,108,0,0.0011148063042252813,0.0853937379851231,0.9975449003170355,0.5325072701743891,0.3198912198912199,false,0.017095429132481313,0.15072746307755586,false,-0.03274729787197861,0.10712438757429577,true,full
selected,null,1036,net,4.2114299041518867e-13,ea53128e950cd69834e06457a534f920d0dc6878323210d7de24772ede905416,false,t035,momentum,21,1,0.08014697829656618,1.2722938374360317,0.42426600327829134,8.118401878167592,1000,108,0,0.01729193597251451,0.3363164622467545,0.9948007152402325,1.3094265866670514e-16,0.07404817404817404,false,,,,,,,full
selected,null,1037,gross,4.1894791249094483e-16,fa85f6f7e139464b0c5a4bb94f15969632904b94e15f0e01a05c2ac3d02313d6,false,t008,momentum,21,0,0.09869717463053114,1.5667690750625918,0.42051013914622404,4.591306264982819,1000,108,0,0.0010130019393062941,0.08140132141106078,0.9992427790439652,0.7108430360061414,0.20777000777000776,false,0.03976075923876672,0.15179736699263427,false,-0.011154949320673579,0.09512908646812303,true,full
selected,null,1037,net,6.117617738152175e-13,9bb6c015c4a9a080e5c9b029c4260891261acaaa6c53f5dcf1b338ffec13b035,false,t008,momentum,21,0,0.05943738242847795,0.943539194918358,0.3580383861594211,4.564191608866036,1000,108,0,0.015190805542164154,0.31522214412787,0.9710135542647924,1.690588225573713e-16,0.07964257964257965,false,,,,,,,full
selected,null,1038,gross,4.2857934874817475e-16,ed20cb3d1e548d0c0afee0d127570d1548e536db819b5304c4bd3f5b41fb421a,false,t005,momentum,21,1,0.054026421151490166,0.8576428475620971,0.1356511785602398,4.5042162166187705,1000,108,0,0.0010220196682729327,0.0817628353528215,0.9565239898593804,0.1897649335603489,0.6953379953379953,false,0.0002794143231231204,0.10312576336806713,false,-0.037273160013182274,0.09166690545261715,true,full
selected,null,1038,net,2.0365507253880643e-13,4ccaed8ee9d8998fa82f1d848112c40ed492e4079cf8a942a5893b6be757a0c2,false,t005,momentum,21,1,0.021526812327400547,0.34172755162956836,0.11138920470418115,4.593492593354385,1000,108,0,0.014561142519649106,0.30861998292283427,0.7520871110923522,5.274024288041749e-20,0.17187257187257188,false,,,,,,,full
selected,null,1039,gross,3.9930274191390583e-16,c939990b79112500472e5da0b9a09e2dc0b383371a9023d4da2107ace64e5404,false,t056,reversal,21,0,0.08165827547329498,1.2962849363564621,0.14443435040487426,6.0814050004385685,1000,108,0,0.0014887932665661355,0.09868326603935887,0.9951348552717247,0.29494182510974887,0.3331002331002331,false,0.01575895281282986,0.14323421137642625,false,-0.07203072987620981,0.04561601693179753,true,full
selected,null,1039,net,3.3223022472120986e-13,c1834f95f62d6aaa2c7d5ea8a6a392a95d5103908131f976116f1a002af58aa6,false,t056,reversal,21,0,0.0517044751933964,0.8207830981850108,0.10767939448728119,6.0468554046028125,1000,108,0,0.009564468365033512,0.2501247883229815,0.9490820323976489,1.710860183057344e-10,0.1303807303807304,false,,,,,,,full
selected,null,1040,gross,4.0407359463315017e-16,80990a0167b84b62a4130be9d8983325c04f42aeaebcb5dcb7fa8d1c060baba2,false,t085,signal_x_ewma,5,0,0.07168706797338778,1.137996924461803,0.3686881159799464,4.609295315915032,1000,108,0,0.0005231179566220075,0.058495994724707276,0.9890157165218129,0.6633226861887214,0.8143745143745144,true,0.010502934090263346,0.13171905859337127,false,-0.055152351135142795,0.0668652464708687,true,full
selected,null,1040,net,3.356547818138949e-13,e82e21460700fa76342535ca2524582548469a6300a1973629e560db1e8e5a20,false,t098,signal_x_ewma,21,0,0.030625868070069562,0.48617058359326637,0.027135347738102618,4.066785673200607,1000,108,0,0.023133865388404097,0.38900073210143904,0.8334890023482765,4.780157329318994e-30,0.43154623154623156,true,,,,,,,full
selected,null,1041,gross,4.181666799887177e-16,53e21adb943b071609d8165494073a306815f84b111007b78049f1aa272f92e3,false,t038,reversal,21,0,0.07082328423859265,1.12428478276894,0.153329922512305,6.539762891415481,1000,108,0,0.000588506504877438,0.06204430875100422,0.9875483950411061,0.6095019412206066,0.6363636363636364,false,0.016467422322975656,0.12279529735613103,false,-0.04208459217988688,0.07757603926336015,true,full
selected,null,1041,net,5.351132719720509e-12,6fb607c85c2124e9096d048f4df88ce115f4dea43326d3012c47e4fc1ccb7a58,false,t032,momentum,21,0,0.03689196963713343,0.5856418622112051,-0.08640189235327193,5.201480418637975,1000,108,0,0.01635001174644391,0.32702831078572725,0.8776583590787828,2.867014928840889e-20,0.16309246309246309,false,,,,,,,full
selected,null,1042,gross,4.326085443979399e-16,f8677311dc04ea19d863b72bbd0d6ebf1e6b14debb5ce979225c7f0d9a547dca,false,t065,reversal,21,1,0.06027274255850227,0.9568001258736956,0.05634313256237929,4.079021665942142,1000,108,0,0.0007631359297917465,0.07065245665288596,0.9716495629437422,0.3713917088219105,0.479020979020979,false,0.006475208677310658,0.11374050659040294,false,-0.0716866217259519,0.05568642688983225,true,full
selected,null,1042,net,9.519072670259484e-14,eff23e19a599b161adc8100c92eaab867dfd9d23ff27443f78063b6156bf1f84,false,t065,reversal,21,1,0.020499319826691502,0.3254166138444084,0.03364481583755922,4.046690494494061,1000,108,0,0.013853924144664685,0.3010320383271553,0.7415207787243382,3.7093550366891584e-19,0.22315462315462314,false,,,,,,,full
selected,null,1043,gross,4.3441406131904436e-16,0ce3896f812cad7ff4a6b1a351ca861e1abecb9a5f238a45c0249d6729ac6327,false,t107,signal_x_ewma,21,1,0.06461936839211059,1.0258006718615542,0.1903388562758931,4.227175583850147,1000,108,0,0.000743696073990136,0.06974676372595479,0.9798958952569504,0.4353419193534995,0.439005439005439,true,-0.005928178739027898,0.13220534591768948,true,-0.07043131586982894,0.05981130435042698,true,full
selected,null,1043,net,6.348921591419465e-12,5e3586667af829811acccef4715fdc978e3cdae93bf6ca961f06d28ec5f0f5d0,false,t107,signal_x_ewma,21,1,0.0469897849044978,0.7459397101063091,0.18867930771823346,4.242759334737007,1000,108,0,0.01892633142208325,0.3518516054512033,0.9319518825149501,2.0213199359615282e-22,0.16223776223776223,true,,,,,,,full
selected,null,1044,gross,4.1148888993792095e-16,acad7b2336c8b43dc08dd5fe82981c69c78cb6cbd8c69ac59fbbac82d108e68c,false,t067,low_vol,5,0,0.06905015928926746,1.0961372968127892,0.305712641770477,3.9782458737072126,1000,108,0,0.0008978429993000207,0.07663488621870623,0.9861632237441746,0.40444313271982285,0.39425019425019425,false,0.01340871866572765,0.1255407223598043,false,-0.07707068519879581,0.051826181346435296,true,full
selected,null,1044,net,1.8723929406083325e-13,e493aca6e83524b8bd6991bc9f9a913d9ec0ef27f917d94006b77c7bfdfd4206,false,t008,momentum,21,0,0.04030827524932037,0.6398740325258505,0.14062369946746472,5.05443852163474,1000,108,0,0.009010970557803834,0.24277954990070516,0.89912675514761,7.16193184567264e-11,0.1275058275058275,false,,,,,,,full
selected,null,1045,gross,3.790851856828987e-16,9a9380c11198c9bce77f9d8be875d04b764611fd8142af831b869be11915b7e8,false,t083,low_vol,21,1,0.08300962696580014,1.31773697625449,0.2801130287749619,5.632061098807135,1000,108,0,0.001784744932206436,0.10804741856317733,0.9959027598313535,0.21258564183988443,0.24405594405594405,false,0.02471065887211848,0.140974957476902,false,-0.1034266797172339,0.010828366975047713,true,full
selected,null,1045,net,9.629417177544177e-12,6ffd882930f9cd467ea58f6c64bde74073add835538f8dad08b5f8eb7c952e4f,false,t083,low_vol,21,1,0.0761952053522906,1.2095613867459514,0.273726651761282,5.638423504769542,1000,108,0,0.016459862766638363,0.3281250761757447,0.992356110804809,5.305599993825335e-16,0.07101787101787102,false,,,,,,,full
selected,null,1046,gross,4.3634373514268174e-16,a0f14270d34ef3461afa5ca8be06d85b82665699f29a1a9a64334a67549efa93,false,t061,reversal,5,0,0.054424447193279664,0.8639613150935115,-0.013813130460272606,4.421283223634473,1000,108,0,0.0005024517220216139,0.05732888379829479,0.957044452504934,0.46348806528789993,0.6088578088578088,false,-0.007195996442076349,0.116140603074757,true,-0.06682354293389874,0.053777666094565316,true,full
selected,null,1046,net,3.97620985818167e-13,2c57f5b90c1a6f59397e363106bd1ac56051ba9bcac62c45e49f589b1dd351b5,false,t079,low_vol,5,0,0.023295839784419813,0.36980999191187625,-0.031190762360233864,4.40717598138534,1000,108,0,0.012818099725132943,0.28955971441569633,0.7690961275232852,2.036226589873855e-17,0.3567987567987568,false,,,,,,,full
selected,null,1047,gross,3.9216919478826176e-16,4545b00edae17385d28f4aa3608706d2508374f6f2258735abe86d685a038527,false,t062,reversal,21,0,0.04702193800248071,0.7464501247131674,-0.18991564565463673,4.70529027904542,1000,108,0,0.0006101130422958441,0.06317299557999484,0.9303133740163354,0.30582957156431545,0.7873348873348873,false,-0.011538125642526013,0.10852074862782407,true,-0.05028664607893594,0.08125805389457011,true,full
selected,null,1047,net,1.844761949628948e-12,82607f835f6b7b0d12f1ce47eeb1299ca7f4de94301ff5bec50fba083397f88f,false,t083,low_vol,21,1,0.019308517231609763,0.30651320868146864,0.21561082041387794,5.097251564571602,1000,108,0,0.02253526129228459,0.38393492116825,0.729546052042874,3.840680279254634e-31,0.22672882672882672,false,,,,,,,full
selected,null,1048,gross,3.9409219107570366e-16,0104a79a383adf7a84df8f19061413f682e785bd3a54193814cd4bb6559a6e4f,false,t033,momentum,1,1,0.03510100437720726,0.5572111701040802,0.18950253671135187,4.553551548535369,1000,108,0,0.0005091051015013458,0.05770720512129498,0.8670451856782972,0.2368391863175806,0.905905205905206,false,-0.025379947366871033,0.0920891033311095,true,-0.044416066772279175,0.0685309298605513,true,full
selected,null,1048,net,3.516259038375267e-12,aaaa955051b7ea126d657a214845ac6cd035e2dd9a86be635ce33473b4e59ac5,false,t035,momentum,21,1,0.02154964893630034,0.34209007155718973,0.022350469841683183,4.469787986017316,1000,108,0,0.015791610245431634,0.3213953025233998,0.752110368091617,1.3011992409189116e-21,0.3627816627816628,false,,,,,,,full
selected,null,1049,gross,3.999643659465063e-16,c98fe11b7ee2f694e0c3f4fb47234dfe9c8e18db9f4a9bcea01681749da19fcb,false,t009,momentum,1,1,0.0694811679461071,1.1029793471262714,0.10648698087076906,4.890392945739806,1000,108,0,0.0008009522203904526,0.07238184040282389,0.9860632845910317,0.4634262378662954,0.5442113442113442,false,0.011059128439969946,0.1320925644452342,false,-0.017742235561927066,0.11712272563010334,true,full
selected,null,1049,net,1.0134443269714598e-12,5e0922db20a774e456b30a1f903657b2a7bc60dbe01241937918be3136999ce7,false,t014,momentum,21,0,0.031370802533794914,0.4979960515976177,0.07290816217439344,4.750069710151977,1000,108,0,0.014334453396511569,0.30620824831847826,0.8394531677972945,1.769484531546438e-18,0.22952602952602952,false,,,,,,,full
selected,null,1050,gross,3.6238786552432143e-16,cbed6998ebb5d8107db97396e878d5930b1dad5c39f0e63910b65d75a1c97aa8,false,t063,reversal,1,1,0.08939787732304547,1.4191473068030338,0.1363552280587284,4.725703962571553,1000,108,0,0.0016980825169148786,0.10539153061763946,0.9976894518679541,0.30617753330393394,0.26114996114996114,false,0.030827939327441184,0.15618345967449798,false,-0.15006579963463668,-0.016921133620931922,false,full
selected,null,1050,net,2.706619793120586e-13,e2a6f6346ce7eda0f0cbb724f94f6e1a39ec09411f705eda5043b14acfde02aa,false,t105,signal_x_ewma,1,1,0.013710289785445098,0.21764410304950102,0.03206974116358623,4.409914840295284,1000,108,0,0.01871001695650198,0.3498351207330817,0.6676383202380072,1.1355584750309914e-26,0.183993783993784,true,,,,,,,full
selected,null,1051,gross,3.958927116950887e-16,bbf43295c2c471d3f7c43018ed305469139bcbe3e3955efbcc3cfea1713b449f,false,t053,reversal,21,1,0.09525221310917359,1.512082006292399,0.4744263924132296,5.91568525298791,1000,108,0,0.0012759812110925616,0.09135839396569766,0.9989051574888226,0.5498259116351706,0.35858585858585856,false,0.027551411100523435,0.15666853294430239,false,-0.09624112216262626,0.008990430251710561,true,full
selected,null,1051,net,3.170544702181129e-13,4fa0a13ef820a05de18926c566a2bc5f508ba56f75d1b75435c30b740b9ed8c3,false,t053,reversal,21,1,0.03657036880374905,0.580536607251808,0.4025154422149124,5.664017363417412,1000,108,0,0.032413385039465496,0.4604563968063977,0.8776988642988005,9.353322181722427e-42,0.06441336441336441,false,,,,,,,full
selected,null,1052,gross,4.4186029667329965e-16,e0adc784e4cc889baeb08af8beb27ec52714f54c92235a70d0368e1c64829979,false,t035,momentum,21,1,0.06308714331956111,1.0014773528942913,0.35153335261822727,4.914313704248621,1000,108,0,0.0003810919666247506,0.0499276601697795,0.9779150179807887,0.6626792307248094,0.6690753690753691,false,-0.0013714475565995794,0.12383498057145961,true,-0.06173686317482393,0.07033293915766495,true,full
selected,null,1052,net,2.0695846773183785e-12,8d097943ea97b93ab20c7939b78d1c0351e140fbceab31dfb80c3319b8d6307e,false,t035,momentum,21,1,0.05454107271792895,0.8658126879019782,0.34691306464962895,4.876173339902781,1000,108,0,0.016552376117088034,0.329045904490671,0.9588831567530504,1.0985264389663717e-18,0.16643356643356644,false,,,,,,,full
selected,null,1053,gross,3.999397229467118e-16,7a82b7f44010cba1982d47b50cd5cf69e0da6746a85151e459ab8fabecb18f06,false,t035,momentum,21,1,0.10139018572807695,1.6095193009148516,0.07475965232422202,5.793248450827186,1000,108,0,0.0015657166994022817,0.10120055829754157,0.9993058429305813,0.5023854197651842,0.09378399378399378,false,0.044745683249837936,0.15537159612894103,false,-0.03612637914952476,0.09924896872579393,true,full
selected,null,1053,net,3.764236918662324e-13,e4cf7324e94f9bcfad7d8f5a8633a245576664e13325135fe83197e7f655683d,false,t035,momentum,21,1,0.09319069120299156,1.479356360575982,0.07627694121964602,5.791267445697376,1000,108,0,0.015935218763146526,0.3228533756195369,0.9983622993810007,2.1303150455510815e-13,0.0037296037296037296,false,,,,,,,full
selected,null,1054,gross,4.800151227274422e-16,6a79be6b7f5984abd714cf597be936df9db7b1754b71a60a3776b0981d678597,false,t087,signal_x_ewma,1,1,0.08326224094002183,1.3217470987754316,0.30801772124052623,4.142600563956943,1000,108,0,0.0014396546411756769,0.09704104785362798,0.996077341502454,0.3299785012910218,0.38477078477078475,true,0.02168012487185855,0.14739374522535445,false,-0.08611645481899022,0.033124335488188814,true,full
selected,null,1054,net,3.1456736828976563e-12,2035f0022c551effbc201b4ebf0f515456060f49804948f9766d5e489026e4d0,false,t035,momentum,21,1,0.07213229756952491,1.1450647251880304,0.38929991091784405,7.472393621028972,1000,108,0,0.012739385313569435,0.2886692695599093,0.9893502303797101,2.3831369499016295e-12,0.17466977466977468,false,,,,,,,full
selected,null,1055,gross,4.237507653609398e-16,3b33e6e9550ecf445daa3ea68ac558cb75d077dbe5338ac30567515c12de7ffe,false,t001,momentum,5,0,0.04627539865706008,0.7345991800017199,-0.11040914629779736,4.466362242920415,1000,108,0,0.0007061886554460015,0.06796521340221906,0.9275187420344788,0.24724841068328546,0.43954933954933956,false,-0.016249654639407075,0.10955158522931363,true,-0.11608194916069484,0.02326003478386571,true,full
selected,null,1055,net,9.719544227191735e-13,040a98d69d83ee16b3cc61854bb65e734effc785d4f4e58a00f2286890626acd,false,t031,momentum,5,0,0.0038917726434096775,0.06177997544199877,0.060924640045953785,4.286953105737301,1000,108,0,0.011920151305477942,0.2792332946815851,0.5489547366827251,1.6063679614757029e-18,0.27505827505827507,false,,,,,,,full
selected,null,1056,gross,4.540719484905751e-16,1f75af90383cb6ba4ed5d4ff2c75d9fbe5f27be936b0e0ae4f4b13b527e3731c,false,t025,momentum,5,0,0.06627470226372556,1.0520782824280037,0.03444301975884363,3.607560965726463,1000,108,0,0.0012730809001391381,0.09125450588020552,0.9818759813295557,0.21496642241683622,0.5301476301476301,false,-0.0037550992112164268,0.1339962697124556,true,-0.061812121747988,0.0877423447707927,true,full
selected,null,1056,net,6.077476040025012e-12,57179cef8cc02b6681e3e484e606bda92e5a54d5687a123d4a18d51c3dbf63bc,false,t020,momentum,21,0,0.03723742577020432,0.5911258083131308,0.013159441269846046,4.586366971309766,1000,108,0,0.024661144399806583,0.4016362741914311,0.8803062022171699,5.659589966681776e-31,0.2069153069153069,false,,,,,,,full
selected,null,1057,gross,4.115534345826537e-16,99a393f97927f29520f330ea49f4219df9fd8e3ac08526c964cc5effda97d49a,false,t026,momentum,21,0,0.05580726894322442,0.8859129298408214,0.2787496614743544,5.000592663571744,1000,108,0,0.0010313277145192433,0.08213431904400105,0.9620489328734587,0.2011998435126292,0.634965034965035,false,0.0037238473408267793,0.11573859215319146,false,-0.050587536278883405,0.07237997467496259,true,full
selected,null,1057,net,3.6139198516882325e-13,d784d5ff5206a14ebbeaab935df5e1c0810eb1d66b72710b0f59377056f5d901,false,t026,momentum,21,0,0.04233633772568339,0.6720685262604007,0.2649022534377492,4.95103610893742,1000,108,0,0.009270810336978453,0.24625506095951263,0.9106045369759265,4.7122732102785936e-11,0.21701631701631702,false,,,,,,,full
selected,null,1058,gross,4.2873493399327787e-16,56b8398abe1f09042b9784a9fd0444c63144c134faf26a1655a07bab8bae1cb3,false,t035,momentum,21,1,0.04509628968468034,0.7158814053443495,-0.02532482895542786,4.771528387556253,1000,108,0,0.0016795067635062243,0.10481349316406412,0.9226581802363718,0.02974203206311853,0.7905982905982906,false,-0.018454176277651908,0.10731229354055609,true,-0.06106469660387492,0.061729394168096766,true,full
selected,null,1058,net,3.2986282745718584e-12,2cb8074c5df8f910722c4c822d525e3b1fefd4cc3e64179acd45f2cde27c2bd5,false,t035,momentum,21,1,0.036795810177860565,0.5841153781185504,-0.0219190067241731,4.774853403217907,1000,108,0,0.015111583778554797,0.3143991101605755,0.8773403513978612,9.3332639724254e-19,0.2024087024087024,false,,,,,,,full
selected,null,1059,gross,5.387901644390284e-16,8d97818e3c3ad1e53be4e163438801035c64b52f1ead03a43dd6c4dac994a5ea,false,t104,signal_x_ewma,21,0,0.08167601036076723,1.2965664689671499,0.15621803127037473,3.644504803741585,1000,108,0,0.001441978026710076,0.09711932109624374,0.9952342084640331,0.3120080095959571,0.31655011655011656,true,0.020014158828603384,0.14454935648101633,false,-0.0742133881407731,0.038049084057574595,true,full
selected,null,1059,net,2.0830824665744306e-12,5d1d1c18ec2acaf127be02fd75313d235ce8aedd2fac38f2efad4e487b3c055c,false,t104,signal_x_ewma,21,0,0.06359371445631423,1.0095189203895636,0.12847599892364484,3.591808423420221,1000,108,0,0.011029304175453735,0.2685965151446526,0.9780793515933814,4.081360907632261e-11,0.12913752913752913,true,,,,,,,full
selected,null,1060,gross,4.019999188221327e-16,79e81a32b78b1ae15f226c1da2c5f5d4859086ab948de007afd750350de79e0d,false,t007,momentum,5,0,0.05514977676720253,0.8754755651204735,0.337410358913567,5.935222915665014,1000,108,0,0.0003438956300001029,0.04742852790441363,0.9604737508228992,0.5971118054944088,0.6742035742035742,false,-0.013505090399224042,0.12119129338158913,true,-0.009107022010017028,0.11829913075071347,true,full
selected,null,1060,net,1.104623670172076e-12,71d86012d9613508b64c3cb98728060ef94d235d3a4931b2c4c179a0da856ae4,false,t028,momentum,5,1,-0.00012301464701186478,-0.0019527969816707344,0.0015767393338738979,4.63265175568087,1000,108,0,0.01910632755053469,0.35352076308879893,0.49844886893621076,2.624397778974003e-29,0.6397824397824398,false,,,,,,,full
selected,null,1061,gross,4.2117396133614723e-16,a1ae37cc27838080337eb60d530e2e260e02a40f141dedfad046920332ac3ef1,false,t037,reversal,5,0,0.06309406465639203,1.0015872257102596,0.13066566072646904,3.256732031514955,1000,108,0,0.0005874482042581002,0.06198849706847289,0.9772617236140962,0.5139796286056331,0.5485625485625486,false,-0.004921486997547813,0.13407326990623147,true,-0.05754347939831865,0.061199984256900944,true,full
selected,null,1061,net,9.634015582406762e-13,a453735927cea777151868ec2b40207ebeb65422ace8e02e713c7392127ad963,false,t062,reversal,21,0,0.02398799953925103,0.38079768738474123,-0.01991083565705041,4.524860129598196,1000,108,0,0.008853634835904341,0.24065069455232962,0.7757190563971488,3.8323429019308406e-12,0.38407148407148406,false,,,,,,,full
selected,null,1062,gross,4.578909223303398e-16,c068dd752b2e800a7254f8f7a2d41146b56857c6b1d6f0812afff716d2d163aa,false,t066,low_vol,1,0,0.10399944087073568,1.6509399422023998,0.27765662307021477,4.0465690700823504,1000,108,0,0.0020411795859431197,0.11554919513242254,0.9995524224173914,0.35610895898535916,0.21445221445221446,false,0.04541203102641734,0.15638784796083308,false,-0.10699980048659395,0.010139009695242408,true,full
selected,null,1062,net,2.568208492103291e-13,452f3d0233942b43f4853e4560f6f26f49d669f2dad64756b1278433336ca301,false,t077,low_vol,21,1,0.06622551314106549,1.0512974293133959,0.27906094185143066,5.099579918263891,1000,108,0,0.02509255122409321,0.4051340320309511,0.9824836483686684,1.97033072036391e-27,0.04397824397824398,false,,,,,,,full
selected,null,1063,gross,4.24273536454225e-16,836b91d70aad899dea834f68c760d6f47269a4bd74fb04643817a8b7de2a1e9e,false,t054,reversal,1,0,0.06621673003989716,1.051158001904808,-0.2621538624231904,6.129537167327561,1000,108,0,0.00047274897898485346,0.0556085558156914,0.9807394790057692,0.6298682814930474,0.6160839160839161,false,0.0038810570246712614,0.12911732989815397,false,-0.06660946547267191,0.05718075092491546,true,full
selected,null,1063,net,2.1899573405022898e-12,698feedadc34b49333cbe5e3aa8efcbe5a1de92a98d36d245113ffdae60c06eb,false,t017,momentum,21,1,0.021904841747574125,0.3477285826338397,-0.02554776443867933,4.422777993886925,1000,108,0,0.01823702421065099,0.34538486606712054,0.7555344351469468,8.12848894760128e-25,0.19634809634809636,false,,,,,,,full
selected,null,1064,gross,4.3989184841504675e-16,6ae39f0f50b38ee24c1e1e70abef144ae085abf0ad05f171303e0bafa25eaa03,false,t065,reversal,21,1,0.06318726716794122,1.0030667697130142,-0.11720134822846143,5.463578343134854,1000,108,0,0.00161122728539577,0.10266081802766115,0.9764509912040742,0.1074312918935475,0.15881895881895883,false,0.0009166314837259884,0.13402328341431474,false,-0.13192714099722555,-0.013524067919215598,false,full
selected,null,1064,net,3.6137571353512815e-13,95a5b67b589e5a9e897fe847d80e20fea1166dee18f7023c6426461295f55dcc,false,t080,low_vol,21,0,0.04767927976790591,0.7568851017393149,-0.04950468101014832,4.193545364530757,1000,108,0,0.015709937479100305,0.32056311154482764,0.9336914017539919,3.747299134677922e-18,0.03263403263403263,false,,,,,,,full
selected,null,1065,gross,4.633612240212056e-16,97c3e1d670c7c0cebe49eef6dc842b001128d3e203e0507174f4bab2bc433008,false,t037,reversal,5,0,0.05855444541396502,0.9295230043359478,0.02287457647399825,4.808195376815288,1000,108,0,0.0010855018519915966,0.08426390876559951,0.9677674479123435,0.20844829666636067,0.24871794871794872,false,0.0015453676683171778,0.11723540176464581,false,-0.07844922988290448,0.04039571953135588,true,full
selected,null,1065,net,9.244623896299366e-13,402f0cece10ef964e1550e14612167bf6274de195cd27be23aa150b04969e92c,false,t065,reversal,21,1,0.0013610384678842502,0.02160581586488458,-0.07161033289392403,4.5421042660092965,1000,108,0,0.008858775113247716,0.24072054336813833,0.5171556734720401,1.938551251846925e-14,0.342968142968143,false,,,,,,,full
selected,null,1066,gross,3.8338227281081944e-16,f9e915a9ee066e0ccd571ecc20deb93f455ee3216e3e0da11a977998f555ad66,false,t001,momentum,5,0,0.09762193388352708,1.5497001573660154,0.01890618760176347,5.57848744620659,1000,108,0,0.001411525829849205,0.09608834903001642,0.9989355879836422,0.5192430118273808,0.04731934731934732,false,0.04010389766520279,0.15397518367611185,false,-0.00747059298298831,0.09956480067185249,true,full
selected,null,1066,net,4.1238622953125825e-13,3d095b44dbe79ed3ca6076c23bca3fc492c54a83569dbe4ef5bf668989ef8d4d,false,t098,signal_x_ewma,21,0,0.06329945942632324,1.0048477666012474,-0.09559338148382705,5.649687366378141,1000,108,0,0.02234801566754915,0.38233653518154775,0.9767087423825263,5.612711491062094e-24,0.018492618492618493,true,,,,,,,full
selected,null,1067,gross,4.231599722419325e-16,1e9c42594ddda0c6fdca91a985aeba8b42ae8273495e553d6578baa0b44f0096,false,t055,reversal,5,0,0.06399176013084566,1.0158376995810943,0.4229090898373039,4.269894788111867,1000,108,0,0.0010224649514155749,0.08178064501376454,0.979671117512163,0.2846643167810238,0.4038073038073038,false,0.0006412032032802262,0.12700744187240914,false,-0.07479315766558964,0.056756133670913214,true,full
selected,null,1067,net,2.8531725896755e-13,f29e9f19c5d4e5471b5cfeea0631109b5a1729bb23c6ef0757dce6f503c94ff8,false,t041,reversal,21,1,0.019001337020522164,0.30163687400415995,0.07688897756809844,4.61453718253232,1000,108,0,0.01883382247002397,0.3509906542662885,0.7260518855246365,4.358899880671324e-26,0.17692307692307693,false,,,,,,,full
selected,null,1068,gross,3.91700322483231e-16,958466f59eab2039dc3dd6abbde63379730452ad2c33ddbe5cd0e008255854fa,false,t012,momentum,1,0,0.036706070326396764,0.5826908021405598,0.5159193220214163,5.057845984326038,1000,108,0,0.0007953524498967065,0.07212837171152313,0.879099297425469,0.12933109621327443,0.5291375291375291,false,-0.021893859170635695,0.09511704692394178,true,-0.05364048032015808,0.07034516775606563,true,full
selected,null,1068,net,7.245619352138655e-12,93f55e9d8295eeb31336925cff0d2d8d051a2a6b89b511ffecce03c94e58b3c3,false,t082,low_vol,5,1,0.012380126135086055,0.1965284097182936,-0.25468950858553857,4.963157815336031,1000,108,0,0.017603015855256282,0.3393281244478633,0.6519731856931573,2.958152307195035e-25,0.2606060606060606,false,,,,,,,full
selected,null,1069,gross,4.009960293937772e-16,9d1b00a873df5929afab21cdb5a8c7df3b937055ca20340ebd374f7cb2be2882,false,t009,momentum,1,1,0.06866456338281905,1.0900161515626272,0.10186285721175878,4.159419113030926,1000,108,0,0.0006700963384323974,0.06620563250440681,0.9851412618217865,0.5310250129934797,0.3706293706293706,false,0.011294692994537099,0.1288597305101386,false,-0.01648061771757722,0.1022789439221922,true,full
selected,null,1069,net,9.14418288930132e-14,cda11767bdab4c9ac46f604eab7b3b1dbd94e6e4f18c3af37b7926613c1c1aa6,false,t104,signal_x_ewma,21,0,0.017026284596027775,0.270283888754996,0.15673606197457782,3.786719359075485,1000,108,0,0.012321069194072824,0.28389027457407895,0.704992421502287,1.5178611502316074e-17,0.3560994560994561,true,,,,,,,full
selected,null,1070,gross,4.314062503264027e-16,41f14b0c437b85979201a0b94405587c27c186491d7e297faac1067775987112,false,t059,reversal,21,1,0.11052398787734334,1.7545139149834084,0.12859287976031303,4.0702969284879185,1000,108,0,0.001812107700112947,0.10887253106034822,0.9997689415617959,0.5208648191644732,0.06083916083916084,false,0.04226950910781504,0.17376746049851033,false,-0.12527185785633835,-0.009784904611702103,false,full
selected,null,1070,net,1.08549030758016e-12,1ff950c71885358551037c076cfa3aab69b277735a88a5926d073e6f514797d5,false,t059,reversal,21,1,0.0742982840805691,1.1794486950960905,0.07847281091092921,3.921702306135073,1000,108,0,0.01334524229013115,0.2954537782614906,0.9906248210922637,1.313615251266034e-12,0.03993783993783994,false,,,,,,,full
selected,null,1071,gross,4.3182602280666626e-16,1a702ad587623277988344da1cdcf53d4444e893b833adb76e099da85313dae5,false,t045,reversal,1,1,0.06218289912592947,0.9871229213293505,0.2625481581100611,4.6624549095537375,1000,108,0,0.0011933291956305857,0.08834997879735153,0.9760412158956331,0.20259150026242367,0.24327894327894328,false,-0.00835789386335523,0.13042341157572465,true,-0.021960848455491986,0.08076651087436722,true,full
selected,null,1071,net,2.8868705653977483e-12,7aeb92b2f133c5121d1df6979a720b09b722d275004316d83cd893ddfc97df2e,false,t023,momentum,21,1,0.023657513936548927,0.3755513910849189,0.09567601504989584,5.8760102195772665,1000,108,0,0.010849776632985319,0.26640153031156844,0.7728706382127927,8.049756651884643e-15,0.23543123543123542,false,,,,,,,full
selected,null,1072,gross,4.764076922732357e-16,8dc78c8d3c569f042a1d18ccf2a8a31f048946c195dc4b38b08f55877ca2fefd,false,t013,momentum,5,0,0.05780909802256079,0.9176909813079099,0.03558030389258911,6.0384556360311334,1000,108,0,0.0011561251737174998,0.08696184503671432,0.9660150620112515,0.17867154244400935,0.5041181041181041,false,0.0023539414255408088,0.1180209007627752,false,-0.028832013662065805,0.08331956442802951,true,full
selected,null,1072,net,1.4963547211608309e-12,eb5cdbc38ba782635d21315974431ee0717bd9358fd1f570f4a6561b91ccd3ca,false,t080,low_vol,21,0,0.029554430879570985,0.4691620454843565,0.12286691411984059,4.5908364049467,1000,108,0,0.020810608265873033,0.3689510101201998,0.8252239422063135,3.2105677395013084e-27,0.1303030303030303,false,,,,,,,full
selected,null,1073,gross,4.607954879658644e-16,4dc5b7427dc76f84101d6ee7db44922efb61d4d7f65a4a40b05fb3657785bc07,false,t066,low_vol,1,0,0.06169853979371035,0.9794339552998799,0.017648505209474183,5.146726992609052,1000,108,0,0.0005770585563049371,0.06143788533100872,0.9742519970873701,0.5032819614193847,0.6140637140637141,false,0.004742102748619329,0.12240435163356093,false,-0.08955223878716206,0.031134233242153905,true,full
selected,null,1073,net,3.6969485029815265e-13,22dbd7915da0b294ce02b5778a9047e5272032989ed2eb40f72de3bfab4b82e6,false,t067,low_vol,5,0,0.007878617657829276,0.12506917798547065,-0.03582240467610579,4.887523685909131,1000,108,0,0.01680627980569672,0.3315599851208773,0.598310528906209,7.364202710383585e-25,0.3373737373737374,false,,,,,,,full
selected,null,1074,gross,4.0755737537267504e-16,11ae95f7ae6c0e5d377e6c161340acf56bc00818211f619a6daffe30843f0617,false,t049,reversal,5,0,0.08707665092310372,1.3822989800574923,-0.19846039823661946,4.29634259751871,1000,108,0,0.0008803862966847245,0.07588622578117446,0.99673994044639,0.6366828610028823,0.2913752913752914,false,0.021324892231710624,0.15100305823337914,false,-0.0376252367855397,0.09686597558046608,true,full
selected,null,1074,net,2.1069598875500045e-12,af8277cf24dd2208c6dc087fedaf8eaeac27dffd85050bb5c8afa70cc7c936e3,false,t022,momentum,5,1,0.024303496303644548,0.385806043252926,-0.15115184522552527,6.245605943501291,1000,108,0,0.016790586510217184,0.3314051476400431,0.778297760647485,1.7454644350436593e-22,0.3320901320901321,false,,,,,,,full
selected,null,1075,gross,3.8158495573205954e-16,2cf4ab262b56258dbe07729902c845f5d846679308119224649594fcbcb50199,false,t089,signal_x_ewma,21,1,0.0731119579159381,1.1606163510635543,-0.1435266986676294,4.948013383903501,1000,108,0,0.000496251199599874,0.05697405118199374,0.9890713673428729,0.693605156748212,0.45718725718725717,true,0.008730713387437724,0.14397365913695834,false,-0.0764222167380887,0.053371830472989115,true,full
selected,null,1075,net,5.972988801555701e-13,a382e635bcec90adc3f0137c87223cb74bb1be102e309738eaffcf3a7962effa,false,t089,signal_x_ewma,21,1,0.045214704424676185,0.7177611810659098,-0.11641946249447993,4.831271561678373,1000,108,0,0.009001982487633542,0.24265843841601706,0.9227719460758249,2.5147244324052324e-10,0.2278943278943279,true,,,,,,,full
selected,null,1076,gross,3.9148870077133046e-16,78975cc49e4edc8757bd3f9c146bbb1394479a2d2085e59d6b0d0f53efa83c39,false,t042,reversal,1,0,0.04567995298657712,0.7251467730216317,0.235758753237114,4.3890081771885265,1000,108,0,0.0005975013374468126,0.06251665856070271,0.9265191003797484,0.2964741334689737,0.8254856254856255,false,-0.009874626811553502,0.10112083902923825,true,-0.03303912508177469,0.07479676824188654,true,full
selected,null,1076,net,2.013699651641764e-13,b6918301e384b3af14ef4b13c91c5103302f8d5208075f982ed2cf27e890b1f7,false,t082,low_vol,5,1,0.00751515139090492,0.11929932987201344,0.22437221618126302,4.463784590711427,1000,108,0,0.016309837100777352,0.3266262827215568,0.5939531106435879,2.9243746078214624e-24,0.23302253302253303,false,,,,,,,full
selected,null,1077,gross,3.997468311519613e-16,983902ec3ed24736c19074ea0d40289a8b09096ea9f8ea29cdb0f17ede57cab7,false,t095,signal_x_ewma,21,1,0.08525675947495233,1.3534090989478416,0.04738119058511935,4.589214482690183,1000,108,0,0.0012817344630694902,0.09156412454847894,0.9964420202134029,0.4210884925463464,0.2672105672105672,true,0.028074058008803113,0.15171550809148193,false,-0.009155277153267548,0.10210862626449538,true,full
selected,null,1077,net,2.985336754150666e-13,4ba371f936735826687c006b5c7d4037161ad0a6eb3e6acd2c040c0eae225619,false,t095,signal_x_ewma,21,1,0.049624887804142336,0.7877706718154568,0.043092408044792606,4.425628677997354,1000,108,0,0.016241851427963822,0.325944819856594,0.9416195035811921,1.2316963075095043e-18,0.07466977466977467,true,,,,,,,full
selected,null,1078,gross,3.700941081578305e-16,74207d58d6c6789b20a3ea804869b4c5fc717fdedf710ae23fbed6573f2b57d0,false,t039,reversal,1,1,0.09039329586942278,1.4349490863478487,1.077606408189907,15.691552494442032,1000,108,0,0.0007235644392530837,0.06879627500808036,0.9984542675396834,0.7601706678567789,0.28251748251748254,false,0.031542718803425074,0.1493215628822923,false,-0.11638062684676631,0.03254414440293641,true,full
selected,null,1078,net,7.319340741646943e-14,b7761002d899e96b56d533f85173e5dc7d3329ebcca5d47d0c6fe7cdb37a5680,false,t074,low_vol,21,0,0.04524805603641579,0.7182906214888268,0.056161592580630776,4.400803284455721,1000,108,0,0.01645844513221697,0.32811094569892224,0.9237456674912812,1.8763737315541257e-19,0.19463869463869463,false,,,,,,,full
selected,null,1079,gross,4.2311952300238296e-16,d16a8187dd1d9ff0981f4ffd84eea9a1a90a793f9330ba41c4c585feb7539b73,false,t032,momentum,21,0,0.06082040818298483,0.965494048137694,0.5821760317093155,9.02831799786465,1000,108,0,0.0006015637699102585,0.06272882501243603,0.9744014233951058,0.4756073820332024,0.721989121989122,false,0.0017051087939575936,0.12362162027005316,false,-0.0547936675518913,0.068931686603186,true,full
selected,null,1079,net,1.3012238426466901e-11,c9f635e65c1d9fd8e7c9274ab2e3db7023bf3575970d37226b020d4bf562345a,false,t032,momentum,21,0,0.044841313677852726,0.7118337867182245,0.5888810096040978,8.954361889535404,1000,108,0,0.027347173025689883,0.4229436761696165,0.924135184575876,6.197199681686379e-34,0.11468531468531469,false,,,,,,,full
selected,null,1080,gross,4.2418044671036127e-16,0bc8a75250e7f2e73fd58bb9309827382c4046f2935a8804af0a0df31143dd52,false,t032,momentum,21,0,0.0596127985703929,0.9463238398430782,0.06651887988571129,4.637940526223463,1000,108,0,0.0008243222895210001,0.07343022149316349,0.9702763501739282,0.331096658693003,0.6035742035742035,false,-0.0013907414211595918,0.12448571683571094,true,-0.09212274323036926,0.04087452543274304,true,full
selected,null,1080,net,6.066555958097803e-14,bb7fd38be21aa9e22f4e5fab402f2da43765e38307accc343c5db8287e4dfbfc,false,t032,momentum,21,0,0.045476559889374005,0.7219180077001119,0.06809755657600192,4.643667080907596,1000,108,0,0.021102808024878583,0.37153218411056504,0.9248182065555407,3.1134460455386336e-25,0.12657342657342657,false,,,,,,,full
selected,null,1081,gross,4.2183622257800223e-16,228208767df71c576e03e46a53b88b29e82f60ee910be407b4f5f683a61aabe2,false,t007,momentum,5,0,0.05350879112376831,0.8494257256151481,-0.24232955708450873,4.7213936383980055,1000,108,0,0.0004989581152894157,0.057129228854469034,0.9533445716862998,0.45479842172385604,0.517948717948718,false,-0.009818905734029637,0.11135227036843616,true,-0.005499023889744948,0.11375446348620046,true,full
selected,null,1081,net,2.6516452805409626e-13,8fcf51861c65c6341c71ee1600eb6e115346a420fbf17ec814c25fb5c9283bcc,false,t032,momentum,21,0,-0.008320860889985845,-0.13208957165319676,-0.24445409234770313,4.9182737936269305,1000,108,0,0.025937024997429337,0.4118948831544324,0.3961766090516712,1.240353743490728e-40,0.40613830613830615,false,,,,,,,full
selected,null,1082,gross,4.3722058065425286e-16,1039b278518128694c9c45d892c9886dbe649d10571ed1df7f17f7205b0654a5,false,t011,momentum,21,1,0.05352694152389721,0.8497138542847724,0.3324199652037655,5.197374471841747,1000,108,0,0.0005557090805250914,0.060290663496195676,0.9558536077593741,0.4147359111282544,0.7232323232323232,false,-0.011152796997114408,0.1096964174035454,true,-0.0633848066430919,0.05960120931095088,true,full
selected,null,1082,net,2.8578302761521405e-13,c054695c8a0c157299b0732c7fe50bd2c466375fea5c7b8dc89b9ea5ebee1880,false,t023,momentum,21,1,0.024719148155971437,0.39240431185236774,-0.04627752241639834,4.8161068194494865,1000,108,0,0.013403373607015597,0.2960965711736843,0.7824879949335035,5.1733909775485945e-18,0.32913752913752914,false,,,,,,,full
selected,null,1083,gross,4.3472455231634303e-16,f8088d2bf4dff702d1b41a7d81e677b84780cdfa29c2fbc5350c6ec087947386,false,t011,momentum,21,1,0.03703144075968787,0.5878558976433294,-0.07531281056886568,7.33302128370278,1000,108,0,0.0005115800470931892,0.057847302947316735,0.8785077098183562,0.2558153967242479,0.7912975912975913,false,-0.014329835652552381,0.09031162195585225,true,-0.05448206021834241,0.05842464947075742,true,full
selected,null,1083,net,1.3142182198170789e-11,e08b6b2c5d8e46d274acb1629aa78bcf123f48e638be5ab4259ce4d58a85decb,false,t035,momentum,21,1,-0.0005255973215076254,-0.008343598814825022,0.022181456039215005,4.796745089064627,1000,108,0,0.01926772775211633,0.35501080163471294,0.4933729020512914,1.3363039730686507e-29,0.3714063714063714,false,,,,,,,full
selected,null,1084,gross,3.860018156538096e-16,cbe7a48021ee3fc4e537d7ee97fab4f60a2fca79e1bc529e6fb9ca333e7816c2,false,t002,momentum,21,0,0.08016279186668293,1.2725448700792457,0.2859744846327441,4.368201892893022,1000,108,0,0.0006837659746132272,0.0668775045309558,0.9947086568296577,0.6640834719840807,0.3338772338772339,false,0.017978520668071374,0.13930646994928847,false,-0.024201813537344186,0.09126785166413127,true,full
selected,null,1084,net,2.66899163030279e-12,482c9e12969e8bdf63babf50fb9ee24d1fef3be6f915f94da37bc4284a6ba5e5,false,t002,momentum,21,0,0.040719547682754875,0.646402780005635,0.26471612851978127,4.304049755741245,1000,108,0,0.015598568699533603,0.3194248441579565,0.9020151107187819,4.346005062600102e-19,0.07334887334887336,false,,,,,,,full
selected,null,1085,gross,4.2308228512082967e-16,dc690bab5f3002a781ff39802dc31d4a848c5341080522486d0834ea6900d797,false,t084,signal_x_ewma,1,0,0.052463941019075526,0.8328392444090066,0.18433250952554006,4.05575071048838,1000,108,0,0.0009453191972697615,0.07863493920156076,0.9519973585403225,0.2031750650657892,0.4888111888111888,true,-0.01140014854155529,0.11645007027066331,true,-0.08807564402751722,0.03577114690282559,true,full
selected,null,1085,net,1.1651749443381479e-11,f395304e3e0b47bc52009385c791b412778250344c57213a84f4c9227a29a1e7,false,t083,low_vol,21,1,0.02637710343535567,0.4187235359770715,0.28962291648034455,4.574890601832916,1000,108,0,0.02699380717746716,0.42020226325566234,0.7986027651641296,4.152369490719052e-36,0.09541569541569542,false,,,,,,,full
selected,null,1086,gross,4.53125541861231e-16,b2357e11cf447cd35096d31e4a30e6ac5dfa9e72b26a0b61ea49bb90abfdb22d,false,t005,momentum,21,1,0.06393829839261468,1.0149890207969958,0.44212130909981917,5.2887614252255695,1000,108,0,0.0008294932610152536,0.07366017522264791,0.9795957901161909,0.37789431326960155,0.3198912198912199,false,0.003248512066579781,0.1251966842662177,false,-0.032718370191282105,0.080781122907916,true,full
selected,null,1086,net,4.254411826073726e-13,c508629233d13819ccbbae4ee5ada3a4861b6a59a201740f3c6d29e0b8ff3990,false,t005,momentum,21,1,0.02743641344562019,0.4355395610679587,0.36634077268667287,5.018160555763914,1000,108,0,0.010937205503494161,0.2674727252751163,0.8081884807490178,1.2457290744455316e-14,0.2556332556332556,false,,,,,,,full
selected,null,1087,gross,4.594930270663437e-16,3cee8bde3c61d3c96fc9ab71fe655987bba8e84cab63a59ff3ec99e798d89718,false,t047,reversal,21,1,0.038169193634573585,0.6059171646057078,0.15446675960898348,4.9368031548389295,1000,108,0,0.00044908931095380243,0.054199174975807854,0.8866902384927502,0.3057992061030206,0.6468531468531469,false,-0.025754490874603356,0.10469402088738461,true,-0.04928255932323505,0.0799281139997084,true,full
selected,null,1087,net,2.479746225670785e-13,97577a27e11eccb931e34c5e5ed25e946bb14176822fb41e24e5e05bec16d6be,false,t047,reversal,21,1,0.0011592947610726031,0.018403233804108906,0.09164448026524297,4.844067949758253,1000,108,0,0.015641543088288978,0.31986455263673214,0.5146154533369892,3.605572728993133e-24,0.3537684537684538,false,,,,,,,full
selected,null,1088,gross,4.522167050756819e-16,7b7f36e430baa29be9b48abe763712017f34e0f5f88f97d3a031e86a5d199c68,false,t004,momentum,5,1,0.09741508819752867,1.5464165838965054,0.11645685919343167,3.7711151348115233,1000,108,0,0.0010508312723627121,0.08290730745152222,0.9989869013884464,0.6771142999438815,0.10831390831390832,false,0.030797901123124638,0.1611285297555165,false,-0.022276319112337403,0.11830470427846873,true,full
selected,null,1088,net,4.856804990555767e-13,7af766dd21534d2c74011f6435f3b420d37daf9c58095fce25d9eaf44960262e,false,t034,momentum,5,1,0.006197558695395579,0.09838319426245565,0.01010534649975857,3.626878148214672,1000,108,0,0.017440495349182284,0.33775806229316213,0.5776517351479574,5.347581719863656e-26,0.5172494172494172,false,,,,,,,full
selected,null,1089,gross,3.5499619117588523e-16,f3039f43436d371f4451ec905a390bc5094b0d457c23739c2db5153e33b193f8,false,t074,low_vol,21,0,0.05695835764577534,0.9041858965043758,0.12707941185944815,3.7218012418208404,1000,108,0,0.00045445649975252934,0.054522087595907376,0.9644490489643622,0.5307667911249778,0.654079254079254,false,-0.003885613795883367,0.11680233333349704,true,-0.015137853599009495,0.09532895128913971,true,full
selected,null,1089,net,4.576449590137884e-13,f34ff22a75abad9553ab536229f56dc8f1c9f88761ec814966f400024f7c191c,false,t074,low_vol,21,0,0.046694879756096284,0.741258236008171,0.1305897701085837,3.7052813135071725,1000,108,0,0.014008925090939602,0.3027113626793216,0.9304708311832599,2.516998082568019e-16,0.19370629370629372,false,,,,,,,full
selected,null,1090,gross,3.945759038427243e-16,e8766b95a68ca09863c3cbe03f7ef2c1f6de862f41426a5c3918ea85f0dd8dcd,false,t068,low_vol,21,0,0.0875545781177692,1.38988583906877,0.13692731122104454,4.283285907380386,1000,108,0,0.0008433371118794759,0.07427230850940375,0.9972420343123144,0.6631272104161989,0.551048951048951,false,0.03602267876529386,0.13997879006353905,false,-0.0664483175364821,0.05472706066103834,true,full
selected,null,1090,net,5.832821255615934e-13,dd8a4ae18fc8b0d6c40dd49161fe88fd74ef9a21e9e309928d93f65b1d475ab2,false,t077,low_vol,21,1,0.06770440346561005,1.0747740854039027,0.21569577566602835,5.346478704013076,1000,108,0,0.027003061262273163,0.4202742844814489,0.9842343021823623,2.093034010532564e-29,0.04327894327894328,false,,,,,,,full
selected,null,1091,gross,4.3311098300614048e-16,208d7e35eb4c30e3d4fb82902ed1128e9d87b329dff93ac982ae7c07ba971d1a,false,t043,reversal,5,0,0.05922416993953808,0.94015455158547,0.1776568423184691,5.146103317794986,1000,108,0,0.00041811557313614097,0.052296724478075846,0.9698350191253022,0.5869527676247877,0.7588189588189588,false,-0.0014447248686401276,0.11854069734716394,true,-0.052589139173000427,0.06445031511892732,true,full
selected,null,1091,net,7.304044729933367e-13,b1b3080ff6800b622c53428e617e5f14711ae961ff952f7739deb943cfa8decd,false,t025,momentum,5,0,0.012540004537307078,0.1990664006720167,0.3430500335585878,5.620376532370228,1000,108,0,0.016014835264449533,0.32365890047615553,0.6543791308019358,3.298579881527334e-23,0.4912975912975913,false,,,,,,,full
selected,null,1092,gross,4.474011677895156e-16,5fc3ff43d558ebd674bc360335c17ccb416c57b7ef8e8dab7c0fcdab6add3aa5,false,t043,reversal,5,0,0.0510138248249061,0.8098193634774881,-0.10861561558127028,5.427001525134249,1000,108,0,0.0003807764958904722,0.049906990649055225,0.9458240882630278,0.5138952564295477,0.6462315462315462,false,-0.005815130426981487,0.10751959885584184,true,-0.054546131088853,0.06430032654661155,true,full
selected,null,1092,net,2.7891695162774275e-13,1fde3802b701ecf8e43aa01c3e8097f012fb8765e4ce5aab614864762f2ff649,false,t076,low_vol,5,1,0.007170422549058022,0.1138269291603442,0.21840981540116627,4.7830231120197215,1000,108,0,0.024553701769338913,0.4007604031979106,0.5897132528139011,7.024502032180485e-36,0.1958818958818959,false,,,,,,,full
selected,null,1093,gross,4.474944262860148e-16,035a119b0bbc98c1c088e8d49c97c3baa3109db68296b490c87034e9543454c6,false,t041,reversal,21,1,0.08676315649257299,1.3773224102539634,0.06632083671269132,3.6931114264385703,1000,108,0,0.0006985211987117972,0.06759523961459843,0.9969583811302302,0.7277583867982012,0.2693084693084693,false,0.03249980131814621,0.14356670470888944,false,-0.10880931635597706,0.015433932367052603,true,full
selected,null,1093,net,1.556148964160599e-11,ac99a9a524883b482c5e4e426bbdcc96701be628a6d7eb40a7b31b0fa5f351cd,false,t041,reversal,21,1,0.054400496172950494,0.8635811044328882,0.07082976253752508,3.69377430308046,1000,108,0,0.010248293427503823,0.25891194805788287,0.9573778392690214,4.899950899234824e-11,0.1808857808857809,false,,,,,,,full
selected,null,1094,gross,4.4133838787503555e-16,77015041c18c05a3acc58f18cd20985120ffc6574c94a07a7c203b83d0fe0b6b,false,t098,signal_x_ewma,21,0,0.0637888377451886,1.0126164065737153,-0.24733682161377082,5.845172935526101,1000,108,0,0.0007645782642668383,0.07071919205698364,0.9770121569825431,0.4141765521704042,0.35695415695415694,true,-0.001165082817812985,0.12702211523682302,true,-0.07487719225256849,0.04785407595431578,true,full
selected,null,1094,net,1.001358699371972e-12,b7d475c88a63d2cf4d21c1bdb80b79026a642b1e62eac7968289ed1c643c9b91,false,t098,signal_x_ewma,21,0,0.03879143165459443,0.6157948869492941,-0.24106873997481837,5.711623263971784,1000,108,0,0.01153366872572789,0.27466925732493813,0.8886379114406815,6.115396117836708e-14,0.15796425796425798,true,,,,,,,full
selected,null,1095,gross,4.622194011512311e-16,b385c9fa2735d246d5c80392466b401f2893d01a2f2efe0675e0fce46ec6b337,false,t011,momentum,21,1,0.08835756271609263,1.4026328243914432,-0.07586244357527815,4.375840259980196,1000,108,0,0.001780755062055335,0.10792657878242151,0.9972342816128886,0.26945998008603556,0.3072261072261072,false,0.02352624678301017,0.1552372500033569,false,-0.06213715418461283,0.06748635381973918,true,full
selected,null,1095,net,2.9206744578785375e-12,15e6b66b006487e2ec22dc2205abdb250b5aef1e0c4095c067c24e5bab414a78,false,t017,momentum,21,1,0.05929245857118497,0.9412386000057333,0.054354685399974574,5.1441228293210415,1000,108,0,0.023179562426409863,0.38938474513040106,0.9695114546774871,8.947206182469662e-26,0.09362859362859363,false,,,,,,,full
selected,null,1096,gross,4.510898131063297e-16,19c9e4bc50248556ada1b3e08e3a8ef923a7753182e1cb1a73e7a97238bbf81e,false,t032,momentum,21,0,0.09524387053039401,1.5119495719599365,0.378161483160221,4.244503371235127,1000,108,0,0.0019914433725211986,0.11413275414363604,0.9988726588759627,0.2723358175760652,0.24840714840714842,false,0.03990377993075373,0.1532471090274849,false,-0.02249834673711938,0.10632081019499331,true,full
selected,null,1096,net,3.9622119899535147e-13,bff348cd432be3996a72ee4da8b43a257e52b7e32fa674d268d94995fc1e4c98,false,t032,momentum,21,0,0.08289305347660017,1.3158864294831727,0.3751292909522781,4.293786596684515,1000,108,0,0.023889556996628952,0.3953032316436727,0.996022456765146,7.439367966531942e-24,0.01996891996891997,false,,,,,,,full
selected,null,1097,gross,4.50955296457118e-16,8b9da2ded8b612339e124267c94f2b53bad7efab7dc28fa4045ca24badb00768,false,t065,reversal,21,1,0.07565565903629834,1.2009963545084519,-0.04497265855198537,4.426253462635863,1000,108,0,0.001005881268396102,0.08111472066866998,0.9913759752762406,0.4317846963665478,0.25532245532245534,false,0.01915322627722559,0.1339481046943528,false,-0.06082304083583247,0.03936247252050477,true,full
selected,null,1097,net,2.8128113741453564e-12,9e02b4b4bd528ab32bd695128a8755470a121c3cd7416575bded3154839ac880,false,t059,reversal,21,1,0.0378864786296412,0.6014292030359628,0.26609769960127877,5.413439147810862,1000,108,0,0.013778303360183769,0.3002093317756928,0.8854338557660766,4.156955782164922e-17,0.04048174048174048,false,,,,,,,full
selected,null,1098,gross,5.088922563950062e-16,cffeede342a8994ab2b82d0ca26b4ea71abf4ea94cfe8c2f491d74ed1228a448,false,t048,reversal,1,0,0.07883741066009992,1.2515050956893814,0.17783637685587148,3.6235691972768023,1000,108,0,0.001948841266125934,0.11290535747579834,0.9938651792275696,0.13958670495552306,0.11825951825951826,false,0.015271770639164123,0.1397408271164266,false,-0.11327996850054212,0.014457746967700361,true,full
selected,null,1098,net,7.119089173811195e-13,294e259aff00fa071a3b76c740855fceb8c38952b54db4a9b0ec7ba8f2a92230,false,t065,reversal,21,1,0.01795992940049448,0.2851050405479146,0.1590298161870242,4.163829095678854,1000,108,0,0.01382208462700329,0.3006859187688896,0.7151177908541869,1.8139475734123809e-19,0.047163947163947166,false,,,,,,,full
selected,null,1099,gross,4.541437494250328e-16,fdf51b6cf74e113279eeb1ddd8f09cd97fc4e0f25f22d4e053676b8ec58d0c03,false,t079,low_vol,5,0,0.09969085235924782,1.5825432199837588,0.15985566488425765,6.046727198792539,1000,108,0,0.002621184943832737,0.1309408479253425,0.9992010526018666,0.16123387621936797,0.2670551670551671,false,0.036576172353933956,0.16544342265560494,false,-0.057059979518028554,0.07751081765552842,true,full
selected,null,1099,net,1.1985131926345842e-12,ee841926ed642831ce912dba8f61e688f6eb1710f44389cfe59f5fcfe70dcf48,false,t079,low_vol,5,0,0.08705160757831255,1.3819014292836043,0.15042561369786098,6.0166051659854825,1000,108,0,0.014589938392400883,0.3089249930687498,0.9970778378967027,1.0675109366428552e-12,0.07008547008547009,false,,,,,,,full
selected,null,1100,gross,3.8590730188061485e-16,09e527cb40f6f85d99b94b84d7387c101f75ea823d8f034a5b652e68aabfc08f,false,t011,momentum,21,1,0.032917722255121046,0.5225526408824793,0.05205503151983744,3.4835945626376272,1000,108,0,0.00046261050680672654,0.05500903960155084,0.85105549713387,0.24240007202849717,0.6055944055944056,false,-0.029337901147063382,0.09931430728795901,true,-0.046134704623086116,0.07932317003544591,true,full
selected,null,1100,net,2.7487666876251582e-12,02e1d956dfd6eeb03dbcb3d8824956402427465b09cf452ed777ade69dc6a111,false,t071,low_vol,21,1,-0.0012271936983678066,-0.01948109601832097,-0.08337989980596103,3.812142597477173,1000,108,0,0.018034536616401916,0.34346209176580117,0.4845289775069398,6.079469409438903e-28,0.23947163947163946,false,,,,,,,full
selected,null,1101,gross,4.122119037750808e-16,2e4ee637d1f6fb6cbe64504d1b193c66361caa25220ee2bc576696a4176f95aa,false,t068,low_vol,21,0,0.05724511682417058,0.9087380573375697,-0.07061422658525399,3.8663151288187896,1000,108,0,0.0007485735512033798,0.069975104515429,0.9643522288934503,0.3441818206968792,0.7083139083139083,false,-0.0027079773155199893,0.11841196113837514,true,-0.05342315811061172,0.07912034384032454,true,full
selected,null,1101,net,1.047721874068039e-12,6624c4e7e42fc7eb205bd81594b7fb03e282b5861c9fc77434b22e709a3c7d6c,false,t068,low_vol,21,0,0.03227307290676794,0.5123191497309864,-0.08039480797061796,3.8077492479179402,1000,108,0,0.011293739378792,0.27179733700442776,0.8457469736503088,2.045364824688358e-14,0.3264180264180264,false,,,,,,,full
selected,null,1102,gross,4.1908655885492866e-16,845e13d903abb2298b98dc66ac0e2eef18b9d4d759bdc8d326047e1e87af77c1,false,t102,signal_x_ewma,1,0,0.08958412472154267,1.422103892595572,0.3400661780851322,5.244500505508731,1000,108,0,0.0009859995837021521,0.08030908584382239,0.9979022546865468,0.6165479696189871,0.3679098679098679,true,0.028549056330670713,0.1511131184797,false,-0.05799274710715828,0.0742337401756166,true,full
selected,null,1102,net,5.612285874443658e-13,566e4ab6f84240b96adba0e9dead793138c8dd20b3e155e96bb3926ed5484e25,false,t105,signal_x_ewma,1,1,0.05142248237271796,0.816306600934886,0.06593630459049449,4.513826575378643,1000,108,0,0.019669684975650706,0.35869474883106534,0.9480439749107606,1.2742979684600871e-22,0.11414141414141414,true,,,,,,,full
selected,null,1103,gross,3.8485020449888296e-16,e80b96a3c2d24777764f77542687664100689bfc037c6bacbdb0028ab056f8ea,false,t001,momentum,5,0,0.06780315202059373,1.0763416701167856,-0.03843383832698865,4.013036849509128,1000,108,0,0.0009255998534833606,0.07781045505436658,0.9836838387522812,0.37624986345030503,0.5404040404040404,false,0.009349315341360296,0.1260299553139518,false,-0.032762037836418414,0.10225946357269627,true,full
selected,null,1103,net,9.592145847016949e-11,8c12adcab43e7ee7b5ed3eeeef392cc8e7f47a3376b503ce6261555e1fc0e6a3,false,t023,momentum,21,1,0.03236967449226179,0.513852652359814,-0.04985956464968396,3.457312012049931,1000,108,0,0.028500148139512824,0.43176742670073043,0.8465986878119238,9.356046085961106e-37,0.14164724164724166,false,,,,,,,full
selected,null,1104,gross,3.837424732893197e-16,433984585dfd89133db8791c94b332ba5d20eee5d3aeedd8ffafc7590d2852dc,false,t039,reversal,1,1,0.07538725565470931,1.196735582916052,0.1611014478112605,4.272910240242601,1000,108,0,0.0006117107545015182,0.06325565753547048,0.9916156817998542,0.6498398001870705,0.6336441336441336,false,0.01917280810029611,0.1344237061989385,false,-0.04281747062493307,0.06776409691261845,true,full
selected,null,1104,net,7.947167411161756e-13,f62c0e29a14965388abf75f631d6a814f0380c995129da4a2a81cf139853f0cc,false,t023,momentum,21,1,0.02636977359699082,0.4186071784002893,0.04580305281112591,4.952807627938942,1000,108,0,0.012257947818614612,0.28316214968663683,0.7977708765568865,2.3591175278301455e-16,0.41188811188811186,false,,,,,,,full
selected,null,1105,gross,3.791435167696134e-16,25d2d2c83ef9d8d72087587ca46c7eb254547445fee727e4ac5a60753bd909fb,false,t064,reversal,5,1,0.08904979065111396,1.4136216021912724,0.23955972073972218,4.401935414566157,1000,108,0,0.0018725014385500547,0.11067190781666182,0.9977112322895051,0.24558484919558043,0.2846930846930847,false,0.03139074252097873,0.15166635082143545,false,-0.11315787282507034,-0.0015959948903392096,false,full
selected,null,1105,net,1.3323143861820031e-12,956c915b2c4158a31547056e9379013e9e73bd4ca8f8784abceda734b0f357a2,false,t107,signal_x_ewma,21,1,0.06290303394141884,0.9985547071226961,0.3020413862721266,5.842586797265151,1000,108,0,0.017494467643243708,0.3382802807083565,0.9773818819765384,9.228285451233922e-19,0.01522921522921523,true,,,,,,,full
selected,null,1106,gross,4.0406825951520227e-16,d87f1a8b1b50de8cec2d2cce7ba12f587a32085f3f0c89ef7946f9997fb6b979,false,t058,reversal,5,1,0.09230988890434022,1.465374057557309,0.4092942645340788,5.122819955647225,1000,108,0,0.0018553095780034301,0.11016268434978338,0.9984662050883324,0.28344535701979484,0.2212898212898213,false,0.03740294180059133,0.14834979135141735,false,-0.09063281204033856,0.04042524333285399,true,full
selected,null,1106,net,1.7110447950867726e-13,31e3fb3b9a267ded7aa45b447d972be855de43db474fdab8f6015022e661bb99,false,t106,signal_x_ewma,5,1,0.04839259118366315,0.7682085694199372,0.18503233583058043,7.747751907843777,1000,108,0,0.01619543608584919,0.32547875031647455,0.9374093440081752,8.18502827155544e-19,0.16705516705516704,true,,,,,,,full
selected,null,1107,gross,4.367936049106398e-16,e38c4d18823d859f23657006357a9d87d6931546c970e907d91d90d666f98091,false,t037,reversal,5,0,0.05239801137709324,0.8317926437887306,1.1472130165982497,12.586222426102882,1000,108,0,0.00048122619947403377,0.0561049201260891,0.9555378826569035,0.45210505518266086,0.785003885003885,false,-0.0016723291828155467,0.10791077318667328,true,-0.09146658462664185,0.033629721901112894,true,full
selected,null,1107,net,4.691604860624637e-13,e2b3c3f319a63d6420d0f21b5b19210da95c4a879fe2dcfdedb5030a83752ce0,false,t074,low_vol,21,0,0.012932133009911917,0.20529124719501676,-0.35650955209437446,7.10673561674846,1000,108,0,0.019041558078199586,0.35292104575957317,0.6582730814820011,4.101599223615853e-27,0.335042735042735,false,,,,,,,full
selected,null,1108,gross,4.1163878470221166e-16,50ae165af2f8401b2fda91f8bdd6ac81e5b3a74cdeaa7e46e233292a2fe6b497,false,t023,momentum,21,1,0.05443689970900511,0.8641589926523514,0.3734086329088218,5.829829608373799,1000,108,0,0.0008023138291444522,0.0724433383890306,0.9586453268690758,0.282998884485933,0.3706293706293706,false,-0.004955981318900536,0.11222548058321816,true,-0.09119719913058168,0.03765331653958013,true,full
selected,null,1108,net,1.5575653769648112e-13,f34230bc7dea37722c036ec390cd127b8c0ebc646f65eed866162dcbe4c27f6f,false,t023,momentum,21,1,0.038686389104361577,0.6141273881593172,0.35656808638961657,5.71963098651273,1000,108,0,0.01095441527315581,0.26768307766561816,0.890685175791661,1.6467756511091196e-13,0.19121989121989122,false,,,,,,,full
selected,null,1109,gross,4.346550693913377e-16,e745cef99267064007e1badcc2f846ab08bbbd2cae7e580f43c56e00106693b8,false,t036,reversal,1,0,0.07810314496875749,1.2398489891961475,0.08855421762578927,3.6641437395106777,1000,108,0,0.0008432826967005272,0.07426991231095749,0.9932845171350158,0.5482851966512968,0.4585081585081585,false,0.012948231836976161,0.14478657086267344,false,-0.01032910833389505,0.11059377281970216,true,full
selected,null,1109,net,2.8238271189850116e-13,e57ef430d2884f893cbbb29475f5fb184bdc44e008ed6b03eafec4649e754f2f,false,t080,low_vol,21,0,0.024913364099806025,0.3954873943805478,-0.26198309710852735,5.991429527742672,1000,108,0,0.020627898240320443,0.3673278076115325,0.7836490995913187,2.0621241203040417e-27,0.1947163947163947,false,,,,,,,full
selected,null,1110,gross,4.109270658986283e-16,ee3bf9ab5285c0393931e038268e1c285e8e5c520604ce9e30857167c64d151e,false,t056,reversal,21,0,0.09275833736633282,1.47249295619488,0.2357191140964842,4.77385731451966,1000,108,0,0.0011353008739664113,0.08617510131451248,0.9984222619417968,0.582979322075962,0.24840714840714842,false,0.03176521490242996,0.1526245620971301,false,-0.09885394178572467,0.014098441410172684,true,full
selected,null,1110,net,1.0075937795281273e-12,80baba21cdfd284e878a2448fbc2489ed201220a436291814ad34156387a54c4,false,t056,reversal,21,0,0.042959198930584384,0.6819561413572692,0.05240330479357275,5.064443281880435,1000,108,0,0.020799552797399458,0.36885299597095667,0.9127784799288792,3.4344764191427586e-25,0.12408702408702409,false,,,,,,,full
selected,null,1111,gross,4.1549949923881444e-16,137be644b9b0af089a6b0f3a7355ba78f3a97c1313d88f9034ca0a6a9fb4d824,false,t042,reversal,1,0,0.06544706803333704,1.0389399963272097,0.24789918296011898,5.18558074902586,1000,108,0,0.0007622672052300171,0.07061223118357832,0.9812755330693431,0.4347781418764246,0.6067599067599068,false,-0.00024288234150879567,0.12513884756781884,true,-0.04617298922245329,0.07035902233953759,true,full
selected,null,1111,net,1.6093916193581668e-11,b98001bfd2efa6fc4eb66dd566b94e114ec60b0c827769440fe8902010323fcd,false,t083,low_vol,21,1,0.008901711215394634,0.14131028471309234,-0.13655219864168583,5.380310860323372,1000,108,0,0.017407733087377617,0.3374406710862972,0.6107111483846541,1.5716885365125934e-25,0.20823620823620823,false,,,,,,,full
selected,null,1112,gross,4.4711967258407405e-16,a96d698b0971e5eb7ebbacff10cb09fb0a53b070de2d0e437a7c63ab75b5bb83,false,t036,reversal,1,0,0.10430218791854891,1.6557459025944365,0.41133841200177873,5.094978507633664,1000,108,0,0.0005413289987394249,0.05950548001948496,0.9995964060512232,0.9249143821431384,0.4094794094794095,false,0.046189594708644775,0.1634895377122681,false,-0.015781423733485275,0.09463487959480689,true,full
selected,null,1112,net,3.424154692522434e-13,c7be18001034fdf504c9ecadd272644570027c44f339867c97e2215d50da67cb,false,t047,reversal,21,1,0.03187327000833433,0.5059724754747975,0.26522957097892763,4.3181319973342855,1000,108,0,0.016983681871123864,0.33330531545707426,0.8440570987677367,5.67467292784837e-22,0.44545454545454544,false,,,,,,,full
selected,null,1113,gross,3.874919993837616e-16,f41ba56e9a783d7e32a0fc7fcab2a7fd5d0eb3571d7c93c9a9018058c9781630,false,t008,momentum,21,0,0.04332599093708398,0.6877787839497751,-0.2517104586355791,4.255884927752543,1000,108,0,0.00045901876290412735,0.054795076257463445,0.9132381344097267,0.35932256460110157,0.8881895881895882,false,-0.01553482050891913,0.10718756003682499,true,-0.07186785503776104,0.05332309133747617,true,full
selected,null,1113,net,2.761285198611617e-13,ba9e4ea4f8cbed0356eea01927a3626e5d7b0ede3c6cb084a30b123ea2b92c8e,false,t077,low_vol,21,1,0.021002256168832875,0.3334004807640238,0.2542498181829922,5.694048069588906,1000,108,0,0.012520190313455148,0.28617505950647404,0.7471102782393992,2.2024039699847807e-17,0.4261072261072261,false,,,,,,,full
selected,null,1114,gross,4.286788164078465e-16,0c7f0661134cde8f7b3d2a869cbd18a7d9216c64959dccd0960ce1c986d41d67,false,t070,low_vol,5,1,0.10357286848768686,1.6441683155521076,0.32619816066028345,4.326804057198836,1000,108,0,0.00166655369775445,0.10440852786537339,0.9995419404282372,0.4893306594317059,0.21414141414141413,false,0.04134135927730576,0.16607716434442338,false,-0.0511426976461006,0.06664528702766621,true,full
selected,null,1114,net,4.0915587246651707e-13,df01276c607accc035c9876bf6fcbbf43e42a41db99c2be12eb1cd00814c28d9,false,t082,low_vol,5,1,0.08602621983468442,1.365623903481282,0.41435036903340433,4.303535797045009,1000,108,0,0.015305031787540418,0.31640507046431604,0.997110725835848,7.256856042227813e-14,0.09184149184149185,false,,,,,,,full
selected,null,1115,gross,4.10435055136499e-16,bbf3ca55b9360e8df0c56f71c5ba0f0719124eed955bbda5e94d8635b10b8b5a,false,t103,signal_x_ewma,5,0,0.06970793568337368,1.1065791733553525,-0.13058175863317656,4.260225226311279,1000,108,0,0.0010012766394722485,0.08092884802702344,0.9857017549610972,0.3622823036041725,0.32727272727272727,true,0.007456161197948945,0.13508819725268048,false,-0.03918860391262237,0.08009160697542912,true,full
selected,null,1115,net,3.8238483392285466e-13,333400be8a9754d68098ddca62a06f256bd8e611b141c11fdca3e15ae885fe80,false,t080,low_vol,21,0,0.057488250014427304,0.9125976770788801,0.26600462704667927,4.914456586987802,1000,108,0,0.021280597594387104,0.37309396688001023,0.9662315090953603,5.292550607668011e-24,0.019502719502719503,false,,,,,,,full
selected,null,1116,gross,3.6849342640715955e-16,59fc66a9900aa984f6a3165ac89fbe54dfa866046a4d79a0055ac44425af3bd5,false,t085,signal_x_ewma,5,0,0.0723221052511659,1.148077828723341,0.2677377716980741,4.662427595317079,1000,108,0,0.0006650153030482037,0.0659541512992204,0.9893528073102721,0.5803365772037414,0.4733488733488733,true,0.010360258335799089,0.1279720070418411,false,-0.05680113044240913,0.05785550213130961,true,full
selected,null,1116,net,2.0705473393611265e-12,4b603501b2a23ff4d181863f7dc3e59d1fef6b8900f7f00904b73dcf840b700d,false,t079,low_vol,5,0,0.012787417315869251,0.20299395677154672,0.16946760941308225,4.541968551177048,1000,108,0,0.014992906792868995,0.31316212916270625,0.6571071241019856,1.0143098627382094e-21,0.518958818958819,false,,,,,,,full
selected,null,1117,gross,4.624790058668071e-16,d6a67f8390133ef00a478120679ec50ae9cb831323c9d4549fcaa099ef6dd37d,false,t018,momentum,1,0,0.05914761543367339,0.9389392864799135,0.1780253969899044,4.404886578325467,1000,108,0,0.0005832261108400423,0.061765334260060235,0.9697118584279508,0.46690496484674493,0.636985236985237,false,-0.001993575415053371,0.11523070495589305,true,-0.08879955009599236,0.0351061968033001,true,full
selected,null,1117,net,7.055860580475276e-13,833132857f71de75f9ba3538ad1cce682f515d18aeb527f906a6e6eb486cbfe2,false,t017,momentum,21,1,0.01944620084970668,0.30869886836002086,0.2262248154186645,4.491417408675639,1000,108,0,0.01553586980613195,0.3187822291029777,0.7310163283258778,1.2664238496218868e-21,0.48267288267288266,false,,,,,,,full
selected,null,1118,gross,4.0556365542111546e-16,98c153ac227c4a1e5fd2880169517061dfaf30062ee1cb4c3478004a4b134c64,false,t068,low_vol,21,0,0.060750343637471234,0.9643818079587836,0.03257935802696592,4.10543591139462,1000,108,0,0.0007320584808354304,0.06919890220484146,0.9725257787348035,0.3947672871886718,0.7203574203574203,false,0.007881029763108388,0.11549444817748528,false,-0.07427359590683731,0.04644789669714965,true,full
selected,null,1118,net,3.220059294456e-13,9ef05d8cf566e6e075a4a33652651297a8671f24a7fe5139bb8885784487c2a3,false,t026,momentum,21,0,0.042840674656599485,0.680074626837538,0.08615362325271896,5.78849202491902,1000,108,0,0.01854523975334824,0.3482912329604279,0.9123033293323869,2.195138919460524e-22,0.09759129759129759,false,,,,,,,full
selected,null,1119,gross,4.4070633096256856e-16,da9d03493e4709fabc3c09bce6ef0d39ca6da08870ff0ffd7f9adac38f0918ef,false,t084,signal_x_ewma,1,0,0.11216062465138653,1.7804947183273763,0.04159474368641846,5.03581070183616,1000,108,0,0.0011357745744800854,0.08619307757677752,0.9997929359761926,0.7931731173190095,0.0940947940947941,true,0.05092401596788525,0.1676162455113576,false,-0.02757056526775,0.08237745371374854,true,full
selected,null,1119,net,1.5864435700971704e-12,5982118a04fba84abbefbfb0ef862c14bb31192d44136eaea626646d21b57817,false,t035,momentum,21,1,0.022075304322190157,0.3504345921155066,0.4271223800933536,9.172803730080153,1000,108,0,0.016623754258023392,0.32975460694691844,0.7582530238803546,7.871713448779783e-23,0.16262626262626262,false,,,,,,,full
selected,null,1120,gross,4.4212291980028e-16,40c9f420130d2f241553e4a3b1e9486da927ffb3b4f6c3dc303fa6b802594379,false,t062,reversal,21,0,0.0711436407394176,1.129370284561334,-0.017463676732403927,3.723155256292286,1000,108,0,0.0007352906960764623,0.0693514988970152,0.9875638961427662,0.5225329696367473,0.46177156177156176,false,0.003856628952535967,0.13552915355439263,false,-0.06913567617655697,0.04872635157551861,true,full
selected,null,1120,net,7.969717339045249e-13,d5e0ce44784c3df708a6888b68f91ff87ca1b02671af835a3bffdc0d665f6388,false,t062,reversal,21,0,0.03802953428755068,0.6037001412027782,-0.01886451715084712,3.6138819453300637,1000,108,0,0.012833946302452269,0.2897386455059764,0.885124420211537,9.389384834613878e-16,0.3123543123543124,false,,,,,,,full
selected,null,1121,gross,4.0176875729784754e-16,4ce77243dde7019ca2032c09a338ac0d45ab31e3accd46c3d0e2cb001bbf60b0,false,t089,signal_x_ewma,21,1,0.058880362017356185,0.9346967700202671,0.29602591682691526,5.440552684324026,1000,108,0,0.0008805966195202051,0.0758952897870055,0.9695208084187887,0.29408847445533176,0.647008547008547,true,-0.0014857930344668348,0.11838895880844157,true,-0.0389914860670307,0.08059924214133952,true,full
selected,null,1121,net,6.164091575418644e-12,482747aa0a6ee38e3048114c73c689779c53a270676a70f41eae998e3b5efd1b,false,t035,momentum,21,1,0.03875013654489643,0.6151393474055499,0.12914542600999626,4.511694450629392,1000,108,0,0.013946144287227895,0.3020323026364824,0.8900957829333191,3.8122425401956714e-17,0.1675213675213675,false,,,,,,,full
selected,null,1122,gross,4.2861908376901314e-16,4ff632125f571385a1250c556b2c3d9fcb819ed47342d6d2ccc207c53f547aa2,false,t039,reversal,1,1,0.054002143758986355,0.85725745590382,0.10441703690466006,3.878815724856528,1000,108,0,0.0009592802255510801,0.07921347444201833,0.9563552972867138,0.21235757689501672,0.3208236208236208,false,-0.005242353656164265,0.11434629205998673,true,-0.04781534977644046,0.06791869669896371,true,full
selected,null,1122,net,3.3116445072646046e-11,a6a3d2d36e4223066905af98b92415fb833746c1300f880e0f4b10040374e576,false,t086,signal_x_ewma,21,0,0.012145131406734825,0.1927979840545224,-0.06752872376319957,4.226667915598872,1000,108,0,0.006252774320154791,0.20223796828063748,0.6493960994185761,9.540824625667694e-10,0.3264957264957265,true,,,,,,,full
selected,null,1123,gross,4.1267697403178174e-16,2bd09c24293324e2242ae082e806776d04de644397b41ef8ce877323a524457a,false,t084,signal_x_ewma,1,0,0.048861313798074735,0.7756493102495676,0.30556722011850707,4.212419893159684,1000,108,0,0.0007404758388062278,0.06959559670281695,0.9399680223508239,0.25473801405695595,0.643978243978244,true,-0.010445534945832217,0.10994514333939584,true,-0.08542718889514764,0.024314920497624806,true,full
selected,null,1123,net,1.962372342647507e-13,3243ba98a12ff4bebb6159475c99e0f147b52a8fda6432663861895dc2ad9217,false,t034,momentum,5,1,0.03367347821641428,0.5345498948350982,0.09625321358850489,4.215411506892191,1000,108,0,0.015747201625323417,0.3209430759891841,0.8566883107996457,4.937670790527425e-20,0.28026418026418026,false,,,,,,,full
selected,null,1124,gross,4.201060068519146e-16,9b46f3b1c78b350d78d9901029f6688c1489cdfa6f6e000fbad10e3e2e42710f,false,t088,signal_x_ewma,5,1,0.0703595026874951,1.1169224788877565,0.40927039108205393,4.465810931232116,1000,108,0,0.0010052502896360932,0.08108927547129773,0.9878265678339956,0.3656604254757856,0.4228438228438228,true,0.009908121332183727,0.13440577869068052,false,-0.028951155506641204,0.09078118563190261,true,full
selected,null,1124,net,1.0301265991649868e-12,04bacc4b092a48da30b0fd6b03a085071aeafb966eb95bb9c3f30381d5dad831,false,t089,signal_x_ewma,21,1,0.014775784159281762,0.2345583018685628,0.06892161661473331,5.784013290107346,1000,108,0,0.016823499062393995,0.33172979530290636,0.6798196586326266,6.115983919971972e-24,0.0989121989121989,true,,,,,,,full
selected,null,1125,gross,3.9855769036153883e-16,5c38196138174e3e83c929f457d02cfa0a62b784ece0575e0a675bb8ad5da992,false,t044,reversal,21,0,0.044717717514737736,0.7098717584546003,0.09750952252602813,3.8567540782056633,1000,108,0,0.000944000818976701,0.07858008642368923,0.9215343301817321,0.14189163453584225,0.6334110334110334,false,-0.0066483256225696695,0.10136430155434484,true,-0.023986505145941254,0.10455688746487792,true,full
selected,null,1125,net,2.8831602412008486e-13,8dfd04289f40b0f4d15a4ac8d8b8ae0523621da755881d0dc25459fc7577d9f4,false,t044,reversal,21,0,0.012865666290417426,0.2042361207335485,0.09383116662249538,3.842757410351757,1000,108,0,0.010033505045103388,0.25618438397365056,0.6579469166464641,7.088089609673066e-15,0.33364413364413364,false,,,,,,,full
selected,null,1126,gross,4.537483835029247e-16,d6f4530df46e2bebd9d6b2dea1a936a326d0678bff22510421aefef19ecb029b,false,t046,reversal,5,1,0.05905970869163392,0.9375438102118995,-0.08229354222306436,4.287685679656477,1000,108,0,0.0004614899894531677,0.05494237882267623,0.9685237862027477,0.5515729446584758,0.5963480963480964,false,-0.006867136145478624,0.1162080497701248,true,-0.0008412800508117796,0.11058011252895535,true,full
selected,null,1126,net,8.663724949790082e-13,a4752b319bd5419bd7bfb13930241fe9ee9e14d31482778404f9ce0bf95456ce,false,t083,low_vol,21,1,0.0184662291610801,0.29314230008008113,-0.0006260340707717293,4.578193163802782,1000,108,0,0.01156516854199473,0.2750440787268733,0.7202448448816814,2.565320017593635e-16,0.6059829059829059,false,,,,,,,full
selected,null,1127,gross,4.2185915313669824e-16,b36170cea1746c9eb7baceb9079303736888954c3f38b2b81f385f625b69c8d7,false,t062,reversal,21,0,0.0855737207497972,1.3584407031987067,0.193758683849357,4.537858583525546,1000,108,0,0.002562063136429771,0.12945571582026608,0.9967210053177484,0.08165322188581359,0.34623154623154623,false,0.02847696625115826,0.142790952375306,false,-0.14160122757800098,-0.016347500171602584,false,full
selected,null,1127,net,1.0518182028798378e-12,379cafbbe46f32afabf0e7d9f1f1da3520e27640581d66884f970cc2b5ee0153,false,t080,low_vol,21,0,0.03904329404546805,0.6197930784544645,0.022838057073283673,4.9838707609959165,1000,108,0,0.026954177376638674,0.4198936989929996,0.8913339693030485,1.1808543378082748e-33,0.015462315462315463,false,,,,,,,full
selected,null,1128,gross,3.7848100104017336e-16,16588b040465fefd901b6d63a95cef0000653951aad8c2afe77e41edff1037ff,false,t058,reversal,5,1,0.07477956283631221,1.1870887584900598,0.14389230233394207,6.715160497553253,1000,108,0,0.0007014686358499027,0.06773769985393639,0.9910295498715922,0.5881858767183562,0.5915306915306915,false,0.008950762656311319,0.14682486942533624,false,-0.04758058253748445,0.07549181668160702,true,full
selected,null,1128,net,5.286891698363827e-13,05bfd74136a977df4f06c791e5987fbe2d72af190a43ed0ad556002d325a1f6c,false,t098,signal_x_ewma,21,0,0.01962234463194549,0.3114950642167861,-0.07038986846682051,5.197115720460744,1000,108,0,0.010617330874132616,0.26353238499570386,0.7322558223831431,6.677593123768051e-15,0.5838383838383838,true,,,,,,,full
selected,null,1129,gross,4.0500747347148823e-16,c331a06762f9b772d596030294592ed09751e79278c32314b05b08efc1519156,false,t030,momentum,1,0,0.08531667860507407,1.354360285650306,-0.18804453515961256,4.395541543599171,1000,108,0,0.0015958216688165814,0.10216884775467534,0.9961748837664616,0.2991577712999762,0.23947163947163946,false,0.02975828685071392,0.14211615442587122,false,-0.021731081277366456,0.09086818517027448,true,full
selected,null,1129,net,1.0180450398798892e-13,9ac38aca5fe91282f16be31861703f1bc14363270b93518a5d7ac82af1297493,false,t031,momentum,5,0,0.057975338549531505,0.920329967861019,-0.21902629044477057,4.401516018261982,1000,108,0,0.017024126224976087,0.33370194035772355,0.9654935660385499,2.6233662018045073e-18,0.08787878787878788,false,,,,,,,full
selected,null,1130,gross,3.812889852136326e-16,f601a3e130cdb6ebcd3937ba69852718e439971a1eaa793f3be43616583204dc,false,t013,momentum,5,0,0.05335999226103399,0.8470636168981626,0.2667346932560788,6.551803029832591,1000,108,0,0.0006135112325340997,0.06334868086332056,0.9549892574340363,0.3754899146893138,0.6474747474747474,false,-0.005205834662196814,0.11181323243412841,true,-0.05957584054974023,0.07305406348761966,true,full
selected,null,1130,net,3.5723829625626317e-12,114fc471fafa62ed2b3d07ca7841b40c2d673364445d0bb44a8a6a2ba3a291ed,false,t106,signal_x_ewma,5,1,-0.007154794073257145,-0.11357883479830352,0.27081184723822593,4.887431864537408,1000,108,0,0.033298436679227876,0.4667004705680675,0.410633018048702,6.477075265279538e-51,0.3073815073815074,true,,,,,,,full
selected,null,1131,gross,4.4361903767269765e-16,0e9868c63407d7b8768aacfa504574bc38609bbcd075fbcd2ce2d517c9fe1f80,false,t052,reversal,5,1,0.08416777618157824,1.33612202509081,0.11539829004456778,5.91382100297481,1000,108,0,0.0011864935574190155,0.08809657184298075,0.996111861736604,0.4505626021871362,0.3406371406371406,false,0.029842160246657364,0.13426872376157722,false,-0.013472751989317648,0.10495491618767998,true,full
selected,null,1131,net,9.649773541037338e-13,c5974cc38860a3871a857261e730b61e34fc0013c22cfd4da89ab7f681c7f5f2,false,t098,signal_x_ewma,21,0,0.016517879065470174,0.2622132011608444,0.010940213299087995,4.997179396212358,1000,108,0,0.01773522399957983,0.34060000940549323,0.6991843177187933,6.37589898102373e-25,0.14662004662004663,true,,,,,,,full
selected,null,1132,gross,3.8180819985053247e-16,5e8190334c0cba1cf24f64294bce606d158435420fcc8a62e1be3dbfdd4fff3c,false,t024,momentum,1,0,0.08913090691234757,1.4149092829183174,0.4711653024895676,5.325895846172888,1000,108,0,0.0019233671065885622,0.11216501243297165,0.997917728159071,0.22949497176662897,0.3062937062937063,false,0.031237516638427568,0.1468442986729269,false,0.01937659090146441,0.1385279838777329,false,full
selected,null,1132,net,1.091080568171443e-12,1a165953333427a8b08faff93888ad3e9c8d2831a2a3fe34a9502f82d53a399f,false,t083,low_vol,21,1,0.06645692550622503,1.0549709867245003,0.43551409141201103,5.143299833693376,1000,108,0,0.023699248086041663,0.3937255516802343,0.9832721533902312,5.786694081386927e-26,0.05446775446775447,false,,,,,,,full
selected,null,1133,gross,3.880349967308971e-16,1d7c8827fdd6d19243894262642177888cc231cf7ac3f4f74eb406007bbda5c3,false,t086,signal_x_ewma,21,0,0.05224566598959683,0.829374235736511,0.1899795109872507,7.045404330268165,1000,108,0,0.0007464814175611906,0.06987725193835682,0.9511529300690799,0.28811358860210035,0.7365190365190365,true,-0.0171700918999371,0.1143512944242859,true,-0.057598391925983,0.07372144192879335,true,full
selected,null,1133,net,1.292773800374494e-11,23af46d58ec2192938cdf3724226fee846d6b530333aa36e297e1346824acfa0,false,t082,low_vol,5,1,0.03721286354870457,0.5907358951347169,0.559263288458615,5.167647033089924,1000,108,0,0.01727656000304081,0.33616690288766893,0.8825329498848609,7.01271164448153e-22,0.28648018648018647,false,,,,,,,full
selected,null,1134,gross,4.140794624603909e-16,6190c5895c1202cf1509c2e94cb659773fe3dcb064751d3da36b322a6adc37db,false,t016,momentum,5,1,0.05868152621668628,0.9315403495384132,0.1823798613385294,5.153180580923488,1000,108,0,0.00047549814982509464,0.05577001127545928,0.9686554101619613,0.5367915388966895,0.6691530691530692,false,-0.000874027823810662,0.12086981636855032,true,-0.04092197572999103,0.08719233535026744,true,full
selected,null,1134,net,4.662830477430114e-13,58b0294042ae85e9e71bdbd44f56cb8df8739464c4aa0c3d0eedeaec72c7d0c7,false,t029,momentum,21,1,0.024248691436623344,0.38493604296028155,0.41572944029578146,6.432328053275429,1000,108,0,0.013639164403535253,0.29868966702992306,0.7793528800106164,1.4565368296446572e-18,0.3792540792540793,false,,,,,,,full
selected,null,1135,gross,4.1252092031882477e-16,3ddad03aefc5e6ba09a43d89ee71deef015f18f97ee0e09b00323ed5e00de385,false,t044,reversal,21,0,0.044444476086221284,0.7055341852481929,0.2603181165714833,5.171250166809752,1000,108,0,0.0006054724067723833,0.06293228408858008,0.9209487803470389,0.2785542017922751,0.7353535353535353,false,-0.012318879302381356,0.09714665843914111,true,-0.044571689926381504,0.062045059082883075,true,full
selected,null,1135,net,4.846677415529916e-12,0c06a2f293a5d9f0f254c83afd0eea41f52f4aec18d6b35110c2231eb4f5532f,false,t044,reversal,21,0,0.015390125520486802,0.24431066863965945,0.24400869414774615,5.061216041217859,1000,108,0,0.009149420545643237,0.24463754599761073,0.6869743744174301,1.955846768203938e-13,0.28251748251748254,false,,,,,,,full
selected,null,1136,gross,4.165741986537556e-16,5171d70fb11d62f100a5fd182385216200e4b3a06b75a16857a0a83351e1e72c,false,t006,momentum,1,0,0.049206149908802566,0.7811234138019311,0.01720072546877744,4.812891001237383,1000,108,0,0.0006429648704828251,0.06485148708057979,0.9399222851100476,0.3106034507829396,0.7163170163170163,false,-0.008473698089793907,0.10441382914351666,true,-0.0454004497216636,0.07043033572288457,true,full
selected,null,1136,net,8.181942129247122e-13,8bce5fea01a7e4f4812bda7c0ec0e41bbdf901ccd93fdb9d9ed600ead18ad15c,false,t107,signal_x_ewma,21,1,0.02235457813123255,0.3548679263940261,0.024177775844027784,4.697161622883232,1000,108,0,0.016504877145497872,0.3285734475264906,0.7600887417315529,1.8510894053735195e-22,0.32564102564102565,true,,,,,,,full
selected,null,1137,gross,4.4275333228626695e-16,6026cef29a866ceec5f34c5125e3340554ecf238d7c8817dc42fa7b39b9f8c51,false,t052,reversal,5,1,0.08775542731375638,1.393074221210426,0.2969789694145992,5.369717929649636,1000,108,0,0.0014144988289061698,0.09618948791858102,0.9974328694028609,0.3939806244285126,0.12540792540792542,false,0.03177417127830345,0.14655805923253298,false,-0.06142246244202563,0.066301518305403,true,full
selected,null,1137,net,2.1086832834706163e-13,691765d45e7be2618d5d8aa417f7c3945cb60579801ccbb0a55c76f0e8cd2446,false,t062,reversal,21,0,0.03504300307700817,0.556290428007809,-0.16357693421534633,6.490973785276819,1000,108,0,0.016034594692021585,0.3238585073733024,0.8650987458048083,4.733247013661104e-20,0.09401709401709402,false,,,,,,,full
selected,null,1138,gross,3.946829458815226e-16,f4e939f9b96b31019d8d3c73186c506ca239ae3cb8ee45978cdc487ba87b1ca7,false,t097,signal_x_ewma,5,0,0.05927863359885562,0.9410191353737386,0.19904191144687453,4.8982751646723175,1000,108,0,0.0006358624014808794,0.06449230356608332,0.9700488648052373,0.4342820621330581,0.6426573426573426,true,0.0023709936343209808,0.11839297823271343,false,-0.09495313779607749,0.036071115206430214,true,full
selected,null,1138,net,2.1368717476844484e-13,a9158fd6fa69f50d2af2b14d2c3f1890faa1eb48eb0da3effddeab40b497ff66,false,t080,low_vol,21,0,0.03378962996762007,0.5363937467233091,0.12933818108824188,3.688339291314797,1000,108,0,0.023620450576162192,0.3930704586520764,0.8576715949289163,2.7443334875970387e-30,0.28376068376068375,false,,,,,,,full
selected,null,1139,gross,3.704945541515032e-16,e5ab0981a2eda04c954c6121c7d5d3f39e9701ba8d4b15bbb7ef31632eaf2125,false,t048,reversal,1,0,0.07263785292537162,1.1530901676613132,0.028218589905714884,3.8083573011291914,1000,108,0,0.0007579671245647391,0.07041278162111371,0.9891037371861677,0.5280104728141128,0.2731157731157731,false,0.00937649480775755,0.13886406932080275,false,-0.08093278948141966,0.022825135033726143,true,full
selected,null,1139,net,1.517830572336833e-13,1bae72c61ee80c197ea47880a57f5ec985551d85cfdfb55b308d36d26ac8fa41,false,t080,low_vol,21,0,0.013649646738346333,0.21668142452128997,-0.029077442323328002,4.37261423472379,1000,108,0,0.013984642389422054,0.3024488929417267,0.6668764755876424,3.569001143336693e-20,0.17264957264957265,false,,,,,,,full
selected,null,1140,gross,4.208717007045388e-16,a9163c05238024a58d28a43070d7ea79315f8ecf90454c1749252aba037ab500,false,t084,signal_x_ewma,1,0,0.0653304995826028,1.0370895295390563,0.3612430239776873,5.70928254556434,1000,108,0,0.0007684311454963427,0.07089715307147378,0.9814357380319295,0.42951768254413375,0.32797202797202796,true,0.001484444690129553,0.1250881971507013,false,-0.06771258426070352,0.06290871986180661,true,full
selected,null,1140,net,4.1579140692270614e-13,dad572c6b0e519492ab91366f926d726df2d8a5e05c99d218298d9698ccc19f5,false,t097,signal_x_ewma,5,0,-0.007677924224325142,-0.12188326849657695,0.1949240338996883,5.3593393251171495,1000,108,0,0.014065387128033131,0.3033207782110874,0.40420153697512695,4.5237064759371824e-23,0.5683760683760684,true,,,,,,,full
selected,null,1141,gross,3.9074435876652813e-16,526ebaf32f469b0cbdd2a82287a89a75bf96b82414eba56723648d27be5aa74d,false,t104,signal_x_ewma,21,0,0.06305110178592584,1.0009052112850814,1.229909419596446,16.730119290267464,1000,108,0,0.0005259275777313593,0.05865287281562279,0.9801841456953123,0.5570637299861458,0.8547785547785548,true,0.011037852129058133,0.12055264365737996,false,-0.045147368276131,0.06804240652075093,true,full
selected,null,1141,net,8.516193566549166e-13,b94d8af6955161047801c302bdc7d73c38e53c51c77053444e2d15c7c363f4fd,false,t104,signal_x_ewma,21,0,0.040117996442278515,0.6368534501066578,1.1815667957739062,16.703401525934844,1000,108,0,0.027790211909169027,0.4263558691523852,0.9023202593365677,5.680082395186221e-36,0.1484848484848485,true,,,,,,,full
selected,null,1142,gross,5.091611559165164e-16,1fff4f854676b096ef1dd1f00f7dba37870f4efc5010b2bce9091e9a9574efdc,false,t084,signal_x_ewma,1,0,0.04629062366375053,0.7348408694901932,0.36109711619146456,4.700188557663318,1000,108,0,0.0007577293244329116,0.07040173530939427,0.929759829486793,0.22131616668302428,0.6511266511266511,true,-0.01442995390625041,0.10702792628547433,true,-0.08175733521294398,0.041823201460095855,true,full
selected,null,1142,net,6.298844472990352e-13,18c679f6c5d1ae89553cb629467aa5a3ae0475dbd486776091da6ec2adb17adb,false,t080,low_vol,21,0,0.022391987094507886,0.3554617752758138,0.17425380876639357,5.010910775266653,1000,108,0,0.01997423941667802,0.36146099700248546,0.7608218113326366,3.478343937287292e-27,0.16557886557886559,false,,,,,,,full
selected,null,1143,gross,4.443737615868909e-16,71e63c59e5210651aa5124506827f28357a489867cacd35e637c8a3e28d57b6e,false,t065,reversal,21,1,0.06710655348232922,1.0652835111413916,0.47831465498110837,5.200859565819292,1000,108,0,0.0009822680494453204,0.08015697615726958,0.9842488259729766,0.33788314448618356,0.2965811965811966,false,0.0035359349106911927,0.12774114363902742,false,-0.12423786992503275,0.004402826052967557,true,full
selected,null,1143,net,7.512030541702266e-13,442d09644843d5126f33928480cf7db477c9f663526097d44ef129ea0db36724,false,t056,reversal,21,0,0.026361981227849305,0.41848347837505456,-0.05196133936273072,5.8167715295283475,1000,108,0,0.015013043390524906,0.31337235870456515,0.7973814030342259,6.431461456404256e-20,0.0937062937062937,false,,,,,,,full
selected,null,1144,gross,3.8734356643254157e-16,9f3f5f020611976712960e154bcf297168dbaba9f5ff5d79bdc98a32c770f974,false,t051,reversal,1,1,0.09279742691080713,1.473113483476131,0.27298919951768763,4.31924623356213,1000,108,0,0.0010017773757606562,0.08094908166883764,0.9984622319260142,0.6472634418709491,0.21227661227661226,false,0.03270901181943173,0.15078044423696593,false,-0.06647489245584358,0.04730619979902731,true,full
selected,null,1144,net,4.23090243301515e-11,6a6556ea11c7aa0d31c2e09d13782cae4c0d9a891768a87cf6d3ecc4cf36a31b,false,t026,momentum,21,0,0.009523146832314314,0.1511752693023372,-0.14157237602991732,4.577943079009577,1000,108,0,0.01789308871062318,0.3421125248424518,0.6182099565175542,4.1120186621592337e-26,0.3278166278166278,false,,,,,,,full
selected,null,1145,gross,4.2930945756567816e-16,3fa300fa597a99ce75a855d825131b3dcdb0d7f454b555e0392448cf6117a039,false,t106,signal_x_ewma,5,1,0.04475927000217687,0.7105313837433207,0.14862114606910984,4.720914205182597,1000,108,0,0.0005691152167131773,0.06101356697217513,0.9219197874161078,0.30328229981599597,0.7563325563325564,true,-0.018243040149608047,0.10935923806652922,true,-0.05901732471358325,0.05614151710608661,true,full
selected,null,1145,net,9.052504928647245e-13,1675a4a492e287c6aca3c3ae29a371b91cf1dfcf6fd6bd09f08b842bebdede71,false,t106,signal_x_ewma,5,1,0.019824028403494797,0.31469669483476825,0.1424502106698626,4.719069161004684,1000,108,0,0.027165480439061175,0.42153633151349984,0.7347847401667708,2.518501055205553e-37,0.16666666666666666,true,,,,,,,full
selected,null,1146,gross,3.9074397500305125e-16,8c86f47f9fa1d4e6874efaa0fc9f7d8ad429d85480180474da0aea825b7d41e3,false,t054,reversal,1,0,0.0682758903786477,1.0838461589004567,-0.028790898836360927,3.9857828104472093,1000,108,0,0.0013022660487728036,0.09229457530084083,0.9843069057311779,0.22449524473806554,0.42385392385392384,false,0.0007475904780712521,0.1374127059636353,false,-0.08208447031298444,0.041869468549923655,true,full
selected,null,1146,net,9.977003588996804e-12,ff1dc0d4c544858d84a9714b71dd80c9cea746f56f3c1ff9c1c586e5b3ff67d5,false,t098,signal_x_ewma,21,0,0.023261275671344162,0.36926130362696213,0.028227806175821695,3.6769905678013175,1000,108,0,0.02211729062551234,0.3803577581072549,0.7689296700783257,7.487135821516497e-30,0.10163170163170163,true,,,,,,,full
selected,null,1147,gross,4.516286744033113e-16,f284cdb4f6c17cffeca6dbb9f8711b8ce2e7cf9c8cc9e46aedabe9f0c36418b6,false,t097,signal_x_ewma,5,0,0.05592322712047236,0.8877537088377158,-0.11254227450650577,5.281138606487659,1000,108,0,0.0006932731733726582,0.06734083764116254,0.9607200689235901,0.35974186604972863,0.6866355866355867,true,-0.003923734484383778,0.11474927379820844,true,-0.10826353283260795,0.0012772503179984667,true,full
selected,null,1147,net,3.9365142277352767e-13,c3d774d4d05b8a8bae8dba6538d3079250ebc6c5ef633b85001480c9cf0a3a85,false,t083,low_vol,21,1,0.03258879637567657,0.5173311044217795,2.22410990872559,30.74968168403334,1000,108,0,0.010149232362817808,0.2576575746313089,0.856561295068256,9.531202302594492e-14,0.183993783993784,false,,,,,,,full
selected,null,1148,gross,4.688864169145388e-16,b7c6962ea69085a9d18d240a134dab7da0be025468d5352c35016a6dc41f6d8b,false,t039,reversal,1,1,0.059619323570892425,0.9464274210148361,0.20071165262898247,5.317789404355013,1000,108,0,0.0003433033132367018,0.04738766547893524,0.9707606490567702,0.6510610376521422,0.7738150738150739,false,0.004001737983991236,0.11771150147722262,false,-0.10144514189223708,0.03038067592337525,true,full
selected,null,1148,net,2.2282436473701177e-12,23affa6e5b5ecf0ce414d774a07c46a49ae7006172726d42c9d2f6f07b50cc89,false,t080,low_vol,21,0,0.01673972251840515,0.26573485679956727,-0.22917868156561294,6.096345565904292,1000,108,0,0.01322373591657911,0.2941056721203667,0.7012454348744804,1.0822706168400027e-18,0.2975912975912976,false,,,,,,,full
selected,null,1149,gross,4.1579918089964323e-16,da3d52a51de2c16000b566d41e685b2785db37de783b1f7c33aa84a2f7bbbb8f,false,t065,reversal,21,1,0.06279274927055474,0.9968039922475219,0.1464514562689267,4.142627188591637,1000,108,0,0.0010874087310148496,0.08433788863738173,0.9767467689154178,0.24728372877663124,0.25811965811965815,false,-0.0002495990062972207,0.1299215653373536,true,-0.11404045842656696,0.03254421722885121,true,full
selected,null,1149,net,3.989007687559866e-13,4997b98ab2b3dd206a70b3ec84eb429f08878b075e7a9c78d3c2c4041113ecda,false,t065,reversal,21,1,0.03763468322229095,0.597432074861261,0.15691577356980946,4.1093027529599455,1000,108,0,0.008004366826901421,0.228817801364452,0.8834450029483583,6.921865173014156e-10,0.07894327894327895,false,,,,,,,full
selected,null,1150,gross,3.881993915486686e-16,67167382de18203d93b2eed5c7a4243de91adabfe1e0509f7c5623d2b6d45833,false,t084,signal_x_ewma,1,0,0.06001811311191371,0.9527580087208116,0.05702810488361762,4.481980043305409,1000,108,0,0.0008043083120084849,0.07253332643839223,0.971103348855124,0.34619097563166923,0.5324786324786325,true,0.005093079217147371,0.11778301066306844,false,-0.03645432893241592,0.08316894028408037,true,full
selected,null,1150,net,1.045178750626629e-12,af8cd23944e553ab78bab9f193c4c35eed1ba1a2cc4368a28ea8302987f36731,false,t044,reversal,21,0,-0.0005979824344199681,-0.009492676859161359,0.35687673548911525,4.934131747913203,1000,108,0,0.021705772140790263,0.37680263953366977,0.49246108278767864,4.2692676372501934e-33,0.4292929292929293,false,,,,,,,full
selected,null,1151,gross,4.062391925006122e-16,9a64c76b5966b3d5399ce3038b769397344fe6cab471b99e3c642615bad551c7,false,t056,reversal,21,0,0.07946433043275135,1.2614571385519304,0.0019186347339568816,4.533704101412184,1000,108,0,0.0010508250303030294,0.08290706121164367,0.9938746527712283,0.4567915125984476,0.3236208236208236,false,0.025437240547518804,0.13058057802477058,false,-0.08571462829660682,0.027442074726164882,true,full
selected,null,1151,net,2.2019477330808952e-13,df3e0e2cd615a5c91f6e7dc05b5fd63b6046b42deaac3f0f1ddd9acfaf84d589,false,t056,reversal,21,0,0.04229528769474086,0.6714168772212882,-0.07199757092331804,4.711517897039958,1000,108,0,0.013814718010163457,0.3006057813213642,0.9088475369690857,1.8921768917627314e-16,0.08523698523698524,false,,,,,,,full
selected,null,1152,gross,4.450060977141096e-16,cf260a3046ef2544982333f11cb72a6b0bf6b9be7aec5cc398d8302dc2d58856,false,t056,reversal,21,0,0.0686463297360282,1.0897267013932128,0.06970406395506765,5.024355723975018,1000,108,0,0.0007869401728180916,0.0717459143537437,0.9849870871435922,0.4609778185353573,0.5673659673659673,false,0.0075807058774378525,0.13262580344221944,false,-0.10304266979907954,0.025251595102940963,true,full
selected,null,1152,net,6.655115294696066e-13,21b5204204d3873e02774e05fffd152c8d58b36b1887404cdd14054d5d94e3ba,false,t056,reversal,21,0,0.014729021264737881,0.2338159639312709,0.036716474752840816,4.756000600983816,1000,108,0,0.026035381277905244,0.41267512133331524,0.679255553312221,1.36036595709072e-36,0.24467754467754468,false,,,,,,,full
selected,null,1153,gross,4.607363771860052e-16,c9539a4f5644a6c46c9d042aa6cc9ff880a0a3147746ae6f8bcc850d6df62c0c,false,t087,signal_x_ewma,1,1,0.05530085372806763,0.8778738375241566,0.0485558629121089,4.492675712499772,1000,108,0,0.0009626125599522484,0.07935094050043494,0.9597597550206988,0.2235807271977901,0.5664335664335665,true,-0.0028870102167631935,0.11194336053118245,true,-0.08371879158209171,0.04365219014420515,true,full
selected,null,1153,net,1.0294050327952736e-11,90b490d8b79de1386faf1997a7be035fb1b1e28923f2aa1098cf413bab865ac7,false,t068,low_vol,21,0,0.0014243206033085678,0.022610388621479714,0.12930119101275742,4.959764786002015,1000,108,0,0.011816236525328993,0.278013512267727,0.5179553313366518,1.1356045658461676e-18,0.3281274281274281,false,,,,,,,full
selected,null,1154,gross,4.3045303196784836e-16,916ebad628a4bcfa53ab6bf0b7defa33dd49b9538b6732d5e8c11fb536b0f30c,false,t002,momentum,21,0,0.04098922224867034,0.6506837310236246,0.06202331742638167,5.854838051790791,1000,108,0,0.0004789056621463648,0.055969483928064126,0.9024899972450151,0.31789269367629147,0.7894327894327894,false,-0.015808683108455856,0.09798434677205885,true,-0.06601466340254016,0.04266641242603627,true,full
selected,null,1154,net,1.2795990800968676e-12,44d168b229f08a4730d8ce727fbe851e22690d535cc5a89bd792179fec4a6906,false,t002,momentum,21,0,0.0030419795980127654,0.048289929058044065,0.06111671246106335,5.652143499970909,1000,108,0,0.01855647325197344,0.3483967030656733,0.5383017227740079,4.8027850503088175e-28,0.3017871017871018,false,,,,,,,full
selected,null,1155,gross,4.4056182841709884e-16,63a61b5f5214fd3f19bc3002916d969abf498a474dbb2a8830d93ec4e9c0fe12,false,t061,reversal,5,0,0.09180666170731919,1.4573855734596186,0.38704264734260424,4.326214652935358,1000,108,0,0.0016369765843767244,0.10347788658943402,0.9983801128287695,0.3541022985550971,0.22533022533022534,false,0.03827378989816197,0.1465347376155089,false,-0.12236298545505259,-0.0117256661560863,false,full
selected,null,1155,net,5.113453927714989e-13,d3e367bd6341423c7045cebe0a01e3c60e198741b9a1b7d31be76d24b03ef456,false,t061,reversal,5,0,0.03406941088243564,0.540835131056414,0.3860594547511782,4.373223101037561,1000,108,0,0.011000359171336472,0.2682438349287774,0.8606946716816568,4.773947321440251e-14,0.21701631701631702,false,,,,,,,full
selected,null,1156,gross,3.957409789981777e-16,9ef5f13a656533899a53ac5c94c5988c3be172b48b162a1f9ca43e83b555f940,false,t049,reversal,5,0,0.06571545195046012,1.043200458930792,-0.035052348039888555,3.582538342777219,1000,108,0,0.0008325105840119481,0.07379402488758362,0.9808578577885128,0.3994806666620736,0.3003108003108003,false,0.011335034725876289,0.12112574209946539,false,-0.055454909393224804,0.058330715659273336,true,full
selected,null,1156,net,8.363803214156672e-13,f5897b7a5ef6e17f29f9425947354ecf2da47c4a25d1164fe7f4222ee44b2233,false,t038,reversal,21,0,-0.002241747451999299,-0.03558663756121711,0.016437958999703562,3.711116034076772,1000,108,0,0.031140073643521126,0.45132161571763363,0.47175721626037426,6.567608199365141e-47,0.15897435897435896,false,,,,,,,full
selected,null,1157,gross,4.061313874122128e-16,eb3e652a787789af14ead4eecf762cd3a8f29af1ae5fcf831248f6e6d82b80a3,false,t096,signal_x_ewma,1,0,0.08439240277733104,1.3396878617520875,0.2622964229448036,4.856925835109184,1000,108,0,0.0009516790733188383,0.07889901409486615,0.9964057912815325,0.5694484860733302,0.6703962703962704,true,0.020527071284847317,0.14707088401500137,false,-0.07720120379994876,0.04323085229502061,true,full
selected,null,1157,net,2.529531325174106e-12,fdc116d437de0695987f8823a729dc0e85ca1c1756de3b0aab6a3cb884bfedb5,false,t106,signal_x_ewma,5,1,0.05762956320103452,0.9148409543713006,0.20208631336869345,4.546312656948644,1000,108,0,0.024636658806500584,0.40143683606735037,0.9663355721835349,4.924620562273831e-28,0.22043512043512042,true,,,,,,,full
selected,null,1158,gross,3.796978810729702e-16,32fa2446863fc47f184bcaa6d65d9ea3706d63b2b49c84d39720df3f3de30b92,false,t040,reversal,5,1,0.04011019959286978,0.6367296789593858,0.0755457979939137,5.422851108793378,1000,108,0,0.0006191921305936356,0.06364129828375166,0.8977001629612562,0.22837403298198228,0.6017094017094017,false,-0.02276507457870742,0.1064386127622924,true,-0.05787784138610292,0.05960896150271306,true,full
selected,null,1158,net,4.452765924858787e-12,0b3aba39964551c861beb923d151bf58bc6ac4e998f3a909c81b1c902b928e8d,false,t080,low_vol,21,0,-0.0031313612826916436,-0.04970881931458989,-0.03368689417202297,5.394450131183221,1000,108,0,0.015478368069189978,0.318191739966475,0.4605780665454443,1.5495875926153103e-24,0.22152292152292152,false,,,,,,,full
selected,null,1159,gross,4.537332506430408e-16,e532b2bc1f00bf4d0a0812d0602c6bdabe5e9580b8ea02daa95b956dbafa2181,false,t061,reversal,5,0,0.09501099096122985,1.508252723407319,-0.07325259948040512,4.729778669116035,1000,108,0,0.001326914194162472,0.09316391629017434,0.9985596183607206,0.5231004627598012,0.3306915306915307,false,0.033897410208158174,0.15946649717539682,false,-0.09056134848823344,0.03650685637497684,true,full
selected,null,1159,net,5.19704648154628e-13,a71ca09ad653793e84556debf3405236f3a72a50d169ddce1646798e6e5c6769,false,t077,low_vol,21,1,0.053054433732717246,0.8422130256367566,0.14681349408199504,4.506035376075406,1000,108,0,0.025697044239708054,0.40998493870818276,0.9536544139434355,5.746800133796664e-30,0.08003108003108003,false,,,,,,,full
selected,null,1160,gross,4.479954875040314e-16,ede5f236052acb7fd0c2da3f6788fa2e0741868f8a43309e06d8b0c734e3aa56,false,t002,momentum,21,0,0.05311463990016913,0.8431687689155766,0.0475739312782297,4.388922443331361,1000,108,0,0.000421432285676607,0.05250373731150973,0.9534149265065176,0.5077031343254036,0.5435120435120435,false,0.00045609791092696665,0.10778735123109755,false,-0.05398679319423242,0.06214165454347525,true,full
selected,null,1160,net,2.7883155843119513e-13,411fd6e11892f315376106b18bfff9aeb41ef09033f3f590f1496712d6f0645a,false,t002,momentum,21,0,0.010933678743152351,0.17356676921672629,-0.06003318710117592,4.628156279234955,1000,108,0,0.016816147341384403,0.3316573058824028,0.6351213081931767,1.967271513355474e-24,0.23201243201243202,false,,,,,,,full
selected,null,1161,gross,4.2631886900459214e-16,fa0d6b98dfdc5e4291ed20e5df36e73ce439380b2d3f8780073c2aa035dcf32c,false,t062,reversal,21,0,0.0896051022051527,1.4224368998241566,0.27800620563710793,4.710457161030213,1000,108,0,0.0016817098507741878,0.10488221500610052,0.9978630337868125,0.313081247235815,0.2414918414918415,false,0.025003270217703485,0.15261196046779796,false,-0.11941987468343325,-0.0037511538585249193,false,full
selected,null,1161,net,8.130918154427489e-13,0d57dfc1ec30b48baee1794d7502f761cf6ca7edc342483c2eba230557900c1b,false,t062,reversal,21,0,0.049568081605222754,0.7868689013638483,0.2166549767681215,4.930490949705655,1000,108,0,0.01814698247986713,0.34453117600809,0.9421705370884755,3.9144032344557585e-21,0.1198912198912199,false,,,,,,,full
selected,null,1162,gross,4.2939976981276685e-16,2c405d0544b7835df1c1ad4dd4c63db289f24d646ea1f2f1afb1c6fd9a4f73b9,false,t002,momentum,21,0,0.12611323364542673,2.001985519559897,0.2285837127209553,4.985534585812912,1000,108,0,0.001094666049917943,0.08461885434171547,0.9999699198281671,0.9066003490967924,0.12323232323232323,false,0.0712651237369303,0.18483051666221664,false,-0.007894774380254306,0.10443055760674815,true,full
selected,null,1162,net,2.3856165557100477e-13,efab297c37255d30ad5f55756dfe1d1dab4ee4529de1ab8cce11dc29fa08d45e,false,t002,momentum,21,0,0.08583258777542038,1.3625500898333103,0.14964669981870887,4.856291934097415,1000,108,0,0.019051562652325625,0.35301374723625745,0.9967431005609753,1.2361153843040837e-17,0.01926961926961927,false,,,,,,,full
selected,null,1163,gross,4.92471041395956e-16,089186ea1d487c7ae27ef21725cd171e2a1ce8fe9041b55d2d3a4134f872aea7,false,t091,signal_x_ewma,5,0,0.06821205451440597,1.0828327959713935,-0.23878889100938339,4.821025184642297,1000,108,0,0.00046430626455082184,0.05510976869825206,0.9835772794664817,0.6590589008064047,0.5317793317793318,true,0.002133280826370684,0.1329370804370822,false,-0.051840153604904224,0.07765012887344545,true,full
selected,null,1163,net,6.783623053755421e-13,45ea1b7bde39ca98aa225cd55f92919a056da7345d708f2fa62379ee28221755,false,t020,momentum,21,0,0.024784446534533943,0.3934408914765206,-0.145889109849988,4.374336664842966,1000,108,0,0.018120682660647067,0.34428142668953293,0.7828183186985478,3.4728501110279375e-24,0.35765345765345763,false,,,,,,,full
selected,null,1164,gross,4.1377328433643054e-16,c8ce9e934c8d332596fc15f8959eaccb75c6f09d3dfde5563830a170df4c9801,false,t050,reversal,21,0,0.0650477744248879,1.0326014067988856,0.06860886997475914,5.968618737910092,1000,108,0,0.0008390971272822538,0.0740853665056459,0.9800676351532058,0.38761613796401234,0.8008547008547009,false,0.011398422478481758,0.11648836163113657,false,-0.056661141698599544,0.06317211232493648,true,full
selected,null,1164,net,1.6272817684378077e-12,8604ad2e8084b4587af7dbe94944d85fdaeb928f1decbea9e357f39e0cdfc7dc,false,t029,momentum,21,1,0.028994650757860903,0.46027581153882247,0.3680244342224624,5.428046351399947,1000,108,0,0.021585733221549074,0.37575928365122707,0.8214561838922,1.6367274162270494e-28,0.14918414918414918,false,,,,,,,full
selected,null,1165,gross,4.3130280195557e-16,99fa30f6ccbe50b0a6a9f29a7ec2aa63bbadc39e426a65bbefc0978338935ae5,false,t046,reversal,5,1,0.06866452925051143,1.0900156097290414,0.3796749623062717,6.004812538139984,1000,108,0,0.0006053284946451149,0.06292480459240253,0.98582836970139,0.5727081191981737,0.6918414918414918,false,0.002996320757700021,0.13210055185152025,false,-0.02589184799600669,0.09337964767978411,true,full
selected,null,1165,net,1.631916935445727e-12,2e0f2bc1b8f1d3f3156fd2f69aedeefafabba7aef493e09894b74bb0a5e827b1,false,t083,low_vol,21,1,0.02084733885150847,0.3309412445915179,0.10348481562417981,3.9651980140308445,1000,108,0,0.021109684883451368,0.3715927155376215,0.7452211302468413,6.545883365325075e-29,0.23620823620823622,false,,,,,,,full
selected,null,1166,gross,3.8756305492390468e-16,96dce622fb44597d777619a28402fc907bd6ebe258626c03128411309d801b39,false,t071,low_vol,21,1,0.03722420936297474,0.5909160043525994,0.21354734022879213,4.682124014328678,1000,108,0,0.0003059912400529036,0.04473843762439501,0.8810972672173691,0.4058248282767132,0.920979020979021,false,-0.031019595702910137,0.09954662454471472,true,-0.0640793088115814,0.05648457249310794,true,full
selected,null,1166,net,4.4996723618789916e-13,1036dbf4e48ece979d729eb86d2d1c303c1389d6095b7748b641a0928a38afe1,false,t071,low_vol,21,1,0.008964405731290518,0.14230552929886092,0.19507691758794382,4.707673329828848,1000,108,0,0.016704441161024573,0.33055390505257326,0.6116319944625731,1.308786792647097e-24,0.27365967365967364,false,,,,,,,full
selected,null,1167,gross,4.202855668497935e-16,2d5da987ae9ffcfdf6bd8b7504720d2aa16a52ca4c01cc58f736fe665c761e98,false,t086,signal_x_ewma,21,0,0.04936949725763674,0.7837164725759527,0.3115382369080981,4.782485849393746,1000,108,0,0.0007915544504263496,0.07195595045517526,0.9418764641107007,0.23619286876530793,0.5741258741258741,true,-0.006058700065229308,0.10934419294261412,true,-0.08659542373246948,0.0295295024750556,true,full
selected,null,1167,net,8.285104733639172e-13,1ea1eb7227ef9854ab8f7bcaeef5005068e10e8ee36108956c23938e6f6ed375,false,t086,signal_x_ewma,21,0,0.00937350612787841,0.14879979676263766,0.3005846074037326,4.8673506749574935,1000,108,0,0.01984728648749002,0.36031047309512376,0.6166421677005802,5.784172396583004e-29,0.24452214452214452,true,,,,,,,full
selected,null,1168,gross,4.116611147433665e-16,4f593888317a50ffd15af96069152c67830d14bea72e0ed9b50e9e99740915e7,false,t084,signal_x_ewma,1,0,0.07272943691288829,1.1545440183915818,0.054032969512870156,4.2506440086327855,1000,108,0,0.0013312477482391736,0.09331592377233619,0.9892285689375293,0.25766646477058597,0.3703185703185703,true,0.01673057752722511,0.128935853490404,false,-0.07434509387343385,0.039279580059332166,true,full
selected,null,1168,net,6.777182765197498e-12,1d2c22a148965cb676ed4b02a206c952d36049a67d066f29ea1352a52d558653,false,t065,reversal,21,1,0.013792453985302306,0.2189484192864697,0.40605346750712507,12.722939736892762,1000,108,0,0.011666665384870137,0.2762483467124047,0.6689591713356388,4.5326465633652605e-17,0.41002331002331005,false,,,,,,,full
selected,null,1169,gross,3.7950934826194275e-16,590dfe21a9f88947528e2a8129c773448134a04049eabf2461be95f0ff48a38a,false,t041,reversal,21,1,0.07889987132603386,1.2524966280220895,0.07629423226858435,3.981734123563711,1000,108,0,0.0008856948172801268,0.07611466990570422,0.9937111291679706,0.5350984294003098,0.4932400932400932,false,0.02200988264141003,0.13625120731670956,false,-0.06805656061074133,0.04757050869540193,true,full
selected,null,1169,net,9.339130888238298e-13,10ffa5dfa24ccabc70458b71df2858d3b4a431faf5a74751f1abd0f9b6bde0a0,false,t106,signal_x_ewma,5,1,0.06231125066734344,0.9891604388831896,-0.08637470834922487,4.013802771539462,1000,108,0,0.012841730005387202,0.28982649446719855,0.9750802657954463,3.9934362670220377e-13,0.1895881895881896,true,,,,,,,full
selected,null,1170,gross,4.2178936232922223e-16,9e2caacaaa57791949a622b39038be9c4204c7b825b88ac831591a3ca59e96be,false,t011,momentum,21,1,0.059769803522289895,0.9488162161870289,0.30514176808863824,5.151693096891797,1000,108,0,0.000826355371933332,0.07352071871509107,0.9714809162086266,0.3307594362035958,0.4554001554001554,false,-0.001993959454526473,0.12231966828496192,true,-0.059530681241476355,0.07457496923160686,true,full
selected,null,1170,net,2.700810636590238e-13,a6bfe155d3d1cb311e2d751dd829bab88472f38d0d5fc64831951aae67a8055b,false,t011,momentum,21,1,0.027646988473816574,0.438882336009527,0.2642415616190325,5.102366240419219,1000,108,0,0.013798969480720963,0.30043438987635995,0.8096753869377353,2.5697081780591207e-18,0.22688422688422688,false,,,,,,,full
selected,null,1171,gross,4.153860717400912e-16,d3a766d657665fd6d2cbb77a652387de06de0cbc1ede455186efbac904029f9a,false,t032,momentum,21,0,0.07576583936505113,1.2027454130039592,0.1459478452916161,4.161164408704125,1000,108,0,0.0007119254653833273,0.06824071687537357,0.9918599438127791,0.5943020410731763,0.368997668997669,false,0.010536719425410042,0.13642802728384706,false,-0.017407178951517034,0.09613110368140286,true,full
selected,null,1171,net,6.745468384524934e-13,ce7db4d78a8a72e6144d834842422590cb32eb572be6443bfe06d7f02437681f,false,t032,momentum,21,0,0.06645526691667962,1.0549446574317145,0.14333416691033352,4.126262583855374,1000,108,0,0.01290252613736895,0.29051174186774625,0.9824350106563868,6.088472979747922e-13,0.08648018648018647,false,,,,,,,full
selected,null,1172,gross,4.968653992783073e-16,a0b0273b983cac5e5c10b2cca90120e78c61826d6c9ac0cc46fa2ce72b22fd21,false,t049,reversal,5,0,0.06987191523593976,1.1091822680524894,0.18821433468159757,4.514642082654578,1000,108,0,0.0009992790164638729,0.08084807811955014,0.9867324379392353,0.36374342325716824,0.451981351981352,false,0.016903119889963576,0.13131412355593755,false,-0.0565716607666406,0.05655517608548794,true,full
selected,null,1172,net,2.777981584730241e-13,060bda9a98eafa74331c0c023e2f8b498e5db05d1788eaddf178586b3bdcb3c0,false,t077,low_vol,21,1,0.051943526887986716,0.824577926191258,-0.12148888139799008,5.017000984952968,1000,108,0,0.026653781178832662,0.41754734885905964,0.9489148867341953,6.307328766321261e-31,0.012975912975912976,false,,,,,,,full
selected,null,1173,gross,4.46163294895544e-16,835ddf7fa36b39c10d0e3ffac4aeefb23101c12d7af3d2a6ab09843ea742dccf,false,t092,signal_x_ewma,21,0,0.07994549827136913,1.269095441191121,0.25106362816502276,4.4317898842705965,1000,108,0,0.0007800525177902146,0.07143124802777495,0.9945434498049875,0.6068407112392408,0.3547785547785548,true,0.022838695589563678,0.14244173852790856,false,-0.060774654049677426,0.0665696074510535,true,full
selected,null,1173,net,2.724523600668259e-12,e7117c0fae95917edb7de1024c1de9603d9ecdec910b25361ffc7a994e56b1f4,false,t092,signal_x_ewma,21,0,0.047157851068284184,0.7486076777454096,0.18526550493923408,4.574676752367294,1000,108,0,0.013493125718234142,0.29708628290264993,0.9326173836380264,1.12911299146366e-15,0.17847707847707847,true,,,,,,,full
selected,null,1174,gross,4.0268130454368674e-16,fd678d0de8c88216cb4eeb581181f707e23f44802f98b65c4a6cb6a5613ebc4f,false,t045,reversal,1,1,0.0682179748674465,1.0829267786623074,0.3200203394229023,5.311523263516781,1000,108,0,0.0004994594809466009,0.05715792409049669,0.9851670491578248,0.637787550870692,0.44576534576534577,false,0.010420002095760668,0.12463387899865366,false,-0.05562635116972602,0.06845684360051495,true,full
selected,null,1174,net,2.449712912699338e-13,f1355d81dde0ea41e3efde9f4147a60c15473a43fc9c7a3d757634dfeafe286e,false,t035,momentum,21,1,0.01801825399810398,0.2860309148314704,-0.10133596715985331,5.056183115958892,1000,108,0,0.008037818150167512,0.22929543301424682,0.7152844596595455,1.2734038713926692e-11,0.3481740481740482,false,,,,,,,full
selected,null,1175,gross,4.382809849619424e-16,f9a3fba972e4c587becf823e3490c4fb51d49399a761f587eb28520b8d73d44a,false,t006,momentum,1,0,0.07203104966163065,1.1434574644777076,0.032131472188973796,3.8310140496862615,1000,108,0,0.0011272091236292723,0.08586744967470973,0.9885511930339567,0.33104480192946917,0.5222999222999223,false,0.006814274743589337,0.14015788134205245,false,-0.010376919819894541,0.12361569401319865,true,full
selected,null,1175,net,2.105439629813379e-12,a0568b6f0e5428d4930ac85133c81f09283bea3f80ce1a502420d21816b98fc4,false,t002,momentum,21,0,0.0275344615592291,0.4370960266187278,0.09677491775025171,3.9488645750494165,1000,108,0,0.011598847559108906,0.275444266589811,0.8081770822911514,2.1831540846525384e-15,0.33714063714063713,false,,,,,,,full
selected,null,1176,gross,4.48399397418135e-16,5cab527ab93dda9a3c874945ecf0d23eb5b1e9d40dcd515ce514a27527f848a6,false,t084,signal_x_ewma,1,0,0.08109292177817125,1.2873102246759294,-0.09385577060706134,4.320858680189351,1000,108,0,0.0008401008686014752,0.07412966430858864,0.9945597368274702,0.5865437219319478,0.4665112665112665,true,0.028158716106234834,0.13059037706597112,false,-0.0217944868374233,0.0862757430851014,true,full
selected,null,1176,net,8.822146449529495e-13,2d80c33010e16f81c8923831d59a9753fa7c12439d3406f6c8fb017213b82293,false,t089,signal_x_ewma,21,1,0.02465150117855384,0.3913304493772148,-0.03212064446942496,4.137258660700576,1000,108,0,0.011775769175349709,0.27753704418736996,0.7819115641524466,6.864000982816969e-16,0.4173271173271173,true,,,,,,,full
selected,null,1177,gross,3.852267618045898e-16,c28e2cc0c37d093fb66679cba45c42ac24d370d766091072958b16731e9b8e0a,false,t074,low_vol,21,0,0.06451687610767202,1.02417365728599,0.25094761848076774,5.506015188962986,1000,108,0,0.0007694847819977923,0.07094574183579137,0.9798670734133801,0.419029994818569,0.6327117327117328,false,-0.005325672869398874,0.13095455770372175,true,-0.044817721569823575,0.057153560167657866,true,full
selected,null,1177,net,1.6666826599899203e-12,afa598efdc29c3d00fa8fa266c16157f719c8a8067789fb563ec15bc514bea05,false,t083,low_vol,21,1,0.05165787390995627,0.8200433257444567,0.6250649278091324,8.458669081740586,1000,108,0,0.021135324247706942,0.371818311273725,0.9510898570461146,5.313680378924187e-25,0.14763014763014762,false,,,,,,,full
selected,null,1178,gross,3.8541148027020336e-16,9bbd687985c4bfdd6d5a8ea37bc5015a51308ce71b221bd23b07a278fbf597a0,false,t084,signal_x_ewma,1,0,0.07248761370048372,1.1507051939039903,-0.03399503000816354,4.703478702934767,1000,108,0,0.0011975595075087216,0.08850643911061556,0.9887778367895437,0.3069686846601679,0.37995337995337997,true,0.013770240857737596,0.1370254823516283,false,-0.07390750133583474,0.04043893035779823,true,full
selected,null,1178,net,2.268566701175161e-12,d5cb3ae0b756081e0cbce8010534bb40d509f37ea5c72fdf68071b1cd1f3057e,false,t008,momentum,21,0,0.0027509083578468535,0.043669316366351116,0.0848047476022935,4.05233316085673,1000,108,0,0.01319114201481508,0.2937429922518165,0.5346474509090031,1.8162239407533942e-20,0.2545454545454545,false,,,,,,,full
selected,null,1179,gross,4.176378175916727e-16,823bb107cb9c8fc56a0f9317d79023288a9fec6bd15b3ec8f91c9352cbf23c9c,false,t080,low_vol,21,0,0.08114392892647242,1.2881199380528783,-0.13096900314093787,5.7947175733881275,1000,108,0,0.0009779981753442973,0.07998256706666299,0.9944777680079099,0.5145070755786048,0.3634032634032634,false,0.024406316018303818,0.14208827981308506,false,-0.06620865666273516,0.05664670171750276,true,full
selected,null,1179,net,4.586494321579615e-13,6fe819713b51e290d2a84c10e789961f9c01adccd93713860cf43f6b02b9b923,false,t083,low_vol,21,1,0.07367525220539661,1.169558370692655,0.1711639016062854,4.035762998303647,1000,108,0,0.016248716623433232,0.3260136986572112,0.9903219409014512,5.748063893267837e-16,0.05742035742035742,false,,,,,,,full
selected,null,1180,gross,4.252938435421051e-16,47bd69d92b1e152852c56e7e0129d6e285ab29fb63d575afd8cc7c70c9f723f3,false,t013,momentum,5,0,0.06303797090717042,1.000696765046986,0.07886015932677343,4.16383711151524,1000,108,0,0.0006684641543810879,0.06612495331466586,0.9769383056492763,0.46110136230027704,0.4614607614607615,false,-0.0026074299513742663,0.1287818282036505,true,-0.06309561487633174,0.06226952882264089,true,full
selected,null,1180,net,1.6274532544323717e-12,5509f055ea24beb78d5106f402f7f30456de928271245bc36a3d0ce85bb17317,false,t019,momentum,5,0,0.015249535483078287,0.24207887098488226,-0.008914557480098721,3.9183190274055213,1000,108,0,0.014853880895147935,0.31170680611730167,0.6850678454194907,3.672193297669965e-21,0.39533799533799535,false,,,,,,,full
selected,null,1181,gross,4.2089345415794343e-16,f1b453911235d7c73b20ad2b572f6010a20a04a58457a94df357f7aa93870af5,false,t064,reversal,5,1,0.05726788201342285,0.9090994435134349,0.13584922434908464,4.22411469849772,1000,108,0,0.0005515422462400256,0.06006420156224815,0.9652173139174983,0.4646955230651654,0.7891996891996892,false,-0.006671884439052078,0.11839742257325826,true,-0.09376335874614065,0.020489369892303183,true,full
selected,null,1181,net,4.151364735591234e-13,45eb484c5b6877442b040d740517e4c5073b7b195a9e1e52dddc15e9862aa1f2,false,t028,momentum,5,1,0.023707261820527334,0.37634111426047023,0.18272385960249218,4.051475589087598,1000,108,0,0.0076737526339537,0.22404239897608186,0.7736078074908748,1.1166259769760369e-10,0.5217560217560218,false,,,,,,,full
selected,null,1182,gross,4.0553114717348347e-16,2ebe2f4bf75791699b5c74c016c90bc812650364e6c2aaebe2314efb6ac87a78,false,t006,momentum,1,0,0.0644188870137713,1.0226181286440428,0.1744739640139231,5.003169909763085,1000,108,0,0.0007036505524934173,0.06784296704209532,0.9794905062431645,0.45675580595447685,0.3480963480963481,false,-0.004517836232523404,0.12681769757244454,true,-0.04588577256088963,0.08504515271616857,true,full
selected,null,1182,net,4.609357795510478e-13,8de46959e1f41519c7d37f963db6dd5e30e0e95fe4463a7b028d1a6f8e565371,false,t104,signal_x_ewma,21,0,0.0372865152484875,0.591905079622294,0.19779606754466464,5.5989707976212095,1000,108,0,0.011933198426967684,0.27938606935130533,0.8813836970758306,8.320825814648075e-15,0.3066822066822067,true,,,,,,,full
selected,null,1183,gross,4.1371746417796415e-16,34cfdadbee90b9daaae04405fabe6b4e77eb6c4b0af2f68822367dcb980c0ef3,false,t046,reversal,5,1,0.06354881830973863,1.0088062161575786,0.4136309492189618,4.3097595275232745,1000,108,0,0.000665288307846126,0.06596768779386245,0.9789247900548924,0.4691743165420291,0.40722610722610725,false,-0.002787267864657975,0.12453568529767504,true,-0.07621435005776266,0.04801800421233926,true,full
selected,null,1183,net,2.998812434613392e-11,4ed47f1318dc5edc6d9eff9cc5189c7038cc5413d67acf12e19319c790821348,false,t056,reversal,21,0,0.012014404500160837,0.19072275874776512,0.25368662622982635,5.51084863348843,1000,108,0,0.015953302486932188,0.3230365151139562,0.648134104851745,3.6136013914372703e-23,0.32276612276612276,false,,,,,,,full
selected,null,1184,gross,4.0058918061806997e-16,d791f8d95a8b9e56d5504add05f619912e7f0af30373cb18c787abd90405b9d8,false,t025,momentum,5,0,0.0883649796872357,1.4027505651581986,0.24878340398459872,5.23767729356686,1000,108,0,0.0009134270046353723,0.07729710703508476,0.9975405338807466,0.6376727506977817,0.2268065268065268,false,0.024790095246378527,0.1462985517469862,false,-0.04268785869526843,0.06760872180720763,true,full
selected,null,1184,net,1.1711681699499205e-12,a72328ea32e21f2a82e3e34153cc1a7b223e121199bea5e141b9257d33d8a728,false,t026,momentum,21,0,0.06952070735797301,1.103607015830969,-0.01809364955732482,4.844530314547968,1000,108,0,0.018602093203355992,0.3488246961417584,0.9857698067998584,6.71943547792089e-19,0.09013209013209013,false,,,,,,,full
selected,null,1185,gross,4.1000806347200027e-16,0e3d54733c5df344c6c113f4b0cf50d757b3b41dc13d3e9a9bd895608b12fbd2,false,t000,momentum,1,0,0.05012257600931916,0.7956712271435445,0.23268811790590618,4.541751734715293,1000,108,0,0.001278209964894465,0.09143814691583815,0.944279777691737,0.09474888679346616,0.40116550116550115,false,-0.019672449191182707,0.11403282367569086,true,-0.06612892094684766,0.06107854608057439,true,full
selected,null,1185,net,4.1728488761106743e-13,7393086b1f39123116a870a4d8e31407fc1a81aaf44391bef920428a404416a1,false,t026,momentum,21,0,0.013345393158567087,0.21185154867570774,0.0028795893403019564,5.2601291933285825,1000,108,0,0.009527304420302852,0.24963836969160957,0.6634055288289609,4.0730540100850507e-14,0.18205128205128204,false,,,,,,,full
selected,null,1186,gross,4.389354284717328e-16,06af2e3751e3b3e469011dfeb3953fba27bbb67d96d6d5e6c6d1cc4ac94cf8d2,false,t087,signal_x_ewma,1,1,0.09503665843966946,1.508660181995719,-0.29871346960650424,5.88139092219099,1000,108,0,0.0019602542458136917,0.11323547812076437,0.9983921151114807,0.28630934228271243,0.062237762237762236,true,0.03726446828982845,0.1530598478030802,false,-0.06395846067963289,0.046526375557883436,true,full
selected,null,1186,net,1.1412671246755111e-12,54d3d484a8de71165f0d5ea224bebf5455e098db90ad0f1201537090fbba93ba,false,t098,signal_x_ewma,21,0,0.05126439597811305,0.8137970572201616,0.0437607241016994,4.589457852996347,1000,108,0,0.017816480825806315,0.3413793750220612,0.9474073433843235,2.3843486448714292e-20,0.0693084693084693,true,,,,,,,full
selected,null,1187,gross,3.9331830767904377e-16,48b6b5c4eb56a3a07e7c6e74de79da598b801a612096c8fde95a19d1090a15c7,false,t028,momentum,5,1,0.07859908885659653,1.247721854344935,0.7001298965859153,7.147851216524083,1000,108,0,0.0005260352994094743,0.058658879215230185,0.994502323300972,0.7405713607397834,0.5650349650349651,false,0.012879016186236665,0.14051566541095387,false,-0.07627822111075688,0.04882438960103274,true,full
selected,null,1187,net,1.5378639548812796e-12,445ace686e010291255777a1f832a123b06fb19afec703de346bcb06868b7e3d,false,t028,momentum,5,1,0.05583768746926912,0.8863958089718018,0.7118710413233864,7.177512862987479,1000,108,0,0.02596328935386043,0.4121033769338789,0.9637939495033236,1.0181034729103638e-30,0.1296037296037296,false,,,,,,,full
selected,null,1188,gross,3.8383914348142313e-16,f0f4d939e6e515902b35585eeac3134367d32802db9d62dd3914a9fc52f9fac8,false,t004,momentum,5,1,0.05392742507308139,0.8560713335366554,-0.027989285222487188,4.2167003770208265,1000,108,0,0.0006351608303832449,0.06445671534497174,0.9555484064194042,0.36988407356740294,0.6228438228438229,false,-0.010365768997302682,0.11662439323801393,true,-0.03688404895915224,0.0740516413668703,true,full
selected,null,1188,net,6.957870745432233e-14,3f329e394446c688367ee12fa735907e07d28078c01c0b72e84a3bba4e0e13f8,false,t082,low_vol,5,1,0.005920773585107586,0.09398936685188997,0.1653897101342514,3.6446718280836787,1000,108,0,0.02082941353170554,0.36911767163803344,0.5742587435216248,7.842980957234389e-31,0.22214452214452216,false,,,,,,,full
selected,null,1189,gross,4.1584221118950715e-16,16db89b40b354ab28ac645128ec8b87a68097334992eb9f454799b8463797fe1,false,t047,reversal,21,1,0.04863316051602098,0.7720274891788631,0.15790416058263704,5.255224897623234,1000,108,0,0.0005089614122555146,0.05769906093857566,0.9383574510523438,0.3869458292669812,0.6718725718725719,false,-0.018613838335860344,0.10743410328460369,true,-0.07729512741836259,0.03990869782553062,true,full
selected,null,1189,net,2.3987947301625043e-13,5cb8b0700c16d352bba9148047970d72dc8c3919b6c764a37332b55c81e53d2d,false,t047,reversal,21,1,0.014332590319394309,0.22752281777093492,0.1280525111481487,5.198435867876954,1000,108,0,0.015413743090928115,0.31752679121962857,0.6748613326764688,4.369483129181867e-22,0.30404040404040406,false,,,,,,,full
selected,null,1190,gross,4.1794608998701415e-16,c949f7267f2d912a282c3ef22ab7ff2d7609130618d5f1da6cfb8e3403778408,false,t078,low_vol,1,0,0.10158580418669541,1.612624647675001,0.39145658991360094,4.846114343846055,1000,108,0,0.0013675075750834815,0.09457823105869705,0.999442604597203,0.5889593979845047,0.3306915306915307,false,0.03705958524098677,0.1575216858139286,false,-0.08236574065812535,0.02970641689711512,true,full
selected,null,1190,net,1.9988895623898121e-13,7301529b6e2b348465f730db137ad1985359a72976cad519b04cbeb5d08ad28d,false,t080,low_vol,21,0,0.08411819565865761,1.3353349586896868,0.2856292478861564,4.507748839354967,1000,108,0,0.020987626874525676,0.37051686764240394,0.9963488391084905,3.302286535230739e-20,0.055944055944055944,false,,,,,,,full
selected,null,1191,gross,4.1655265966109337e-16,717e0460f7b0f47df297ef6b4269061c002e591df6bf505cef7e205465e7a4dd,false,t031,momentum,5,0,0.0873241041668247,1.3862271785215041,0.47075001460529614,5.3370929437539285,1000,108,0,0.0008798085411520404,0.0758613214394917,0.9974959852483511,0.6437137510089517,0.24071484071484073,false,0.024719274668404265,0.14576128383108058,false,-0.04897900485305543,0.0669532776037782,true,full
selected,null,1191,net,1.9750596771431673e-12,6f668b9c27d452ef9427223eda50c2736c4c39a49e703a0e4cc1d8d5126db07a,false,t035,momentum,21,1,0.07451236010397266,1.1828470466136154,0.2745811518803209,3.9226984696312797,1000,108,0,0.017323536430138852,0.3366236257445896,0.9912175706733144,3.318149427537581e-17,0.04794094794094794,false,,,,,,,full
selected,null,1192,gross,4.638906991994397e-16,c48d76ec86769b6b4a3cfebdbf5086f9222850b07101c799b42f1da4a636d243,false,t080,low_vol,21,0,0.07738067609840918,1.2283801514305832,0.05097840985631693,5.715529005595979,1000,108,0,0.0007284390056058424,0.06902762212605969,0.9926962931259663,0.6039576634856721,0.689044289044289,false,0.021552255459267384,0.1335453854834963,false,-0.0583803968041367,0.07955896942811135,true,full
selected,null,1192,net,7.206107165694782e-13,420c667dd467116fa591ee94f92f137dd364cf2a6eb4a233530d998a58fa4253,false,t080,low_vol,21,0,0.07003153500709237,1.1117161533652826,0.05350089448149956,5.712778364947966,1000,108,0,0.02403173786294517,0.39647782808440596,0.9864903534503346,3.2583855835744293e-25,0.08648018648018647,false,,,,,,,full
selected,null,1193,gross,4.696555138096301e-16,bf7367f8088154673484cff826c1ea7e95502f37147b22f5345c794813c8cfcf,false,t099,signal_x_ewma,1,1,0.05579416047510154,0.8857048393604884,-0.06555722587809289,2.912378558912655,1000,108,0,0.000617008279547124,0.06352896975783105,0.9607081755885366,0.403674580815783,0.8684537684537684,true,-0.003094065217880068,0.11101381559174392,true,-0.060404911187741786,0.058758061411354236,true,full
selected,null,1193,net,7.164621725262922e-12,346feb9569383679826ff8b6b5026ca51d9269eca4ab0d97c89408cd7fd5ea6f,false,t029,momentum,21,1,0.03489440309677824,0.5539314764527041,-0.2642784099054042,5.228999353047689,1000,108,0,0.015702800510421645,0.3204902879327314,0.8637134019557751,1.3568330651718817e-19,0.39153069153069153,false,,,,,,,full
selected,null,1194,gross,3.8752561192155695e-16,bbb18067c776bf928b42bc59f2527437d5e514d3221d222843a5b1621f8ab818,false,t040,reversal,5,1,0.08503743947544663,1.3499275018904322,0.2862726868155815,5.7957556293650185,1000,108,0,0.0008899972577914849,0.0762993170874388,0.9966265977252824,0.6096380270735209,0.4404817404817405,false,0.018153050878086968,0.1452037481559745,false,-0.05093661925602305,0.07782271517570344,true,full
selected,null,1194,net,2.2924423640178966e-12,c5949ad8f410586c08a62d4c7cf3a56844a97faabd13ed268c213f89754ffcb1,false,t031,momentum,5,0,0.017385116090098057,0.2759801621303223,0.05942501107955284,5.46023092354205,1000,108,0,0.018186855842406847,0.3449094779807456,0.7087312609038098,1.9723921132688658e-25,0.20466200466200465,false,,,,,,,full
selected,null,1195,gross,3.840662951060572e-16,8841c67d85ffce7f1aa6cfb2a816d42a6d0611d789a72ae5df0db16521fbeceb,false,t046,reversal,5,1,0.08511169937118894,1.3511063411895505,0.06062398618234058,4.263117069125677,1000,108,0,0.0009330914853807993,0.07812471207817302,0.9964179064926418,0.5873582823190132,0.4653457653457653,false,0.017262120305679456,0.14176168419904642,false,-0.07000769446676777,0.04642638506474089,true,full
selected,null,1195,net,8.286147943775318e-13,9d3d143ebb94b3bb54d98414b5a7d140efbfbf3d4fecbd75a6f21002fee20883,false,t092,signal_x_ewma,21,0,0.029755685637354902,0.4723568657199453,0.05180623148926445,4.401420865196035,1000,108,0,0.008456315398153067,0.2351889444176481,0.8266111495208109,4.1328802851821923e-11,0.3764568764568765,true,,,,,,,full
selected,null,1196,gross,4.0598593476323406e-16,bf30362c65f4d0a668a4abed19994eff35b47afe9c39bc8e156581c11d30e5c8,false,t041,reversal,21,1,0.07631949705909377,1.211534456423325,0.3913893733732792,5.019129496543319,1000,108,0,0.0012770726232661988,0.0913974573742683,0.9926914319023793,0.31476202952222954,0.21996891996891996,false,0.018943939034256098,0.13454800952000642,false,-0.11914969269612183,0.011021647128978672,true,full
selected,null,1196,net,1.4574105780739097e-12,6b458df0f6164a06ee778ac61cdec848dbfabbc6713650be6b7de63506d80ef9,false,t077,low_vol,21,1,0.03617808985660957,0.5743093720196241,0.15019059599818138,6.268295555801301,1000,108,0,0.01922633571897498,0.3546292693777911,0.8740209794011919,3.2513256338505355e-24,0.04257964257964258,false,,,,,,,full
selected,null,1197,gross,3.939261523398856e-16,1ae1b321f3e0a1f63a8c27a61c9ac6e488e00b4644b83aa26beb50e60cda48da,false,t101,signal_x_ewma,21,1,0.08864369954253724,1.4071751056937014,0.3580727190159655,5.534811787786725,1000,108,0,0.0010409203429758045,0.0825154105201712,0.9977037048909092,0.5776739768983367,0.24902874902874902,true,0.02493555346829052,0.14947843499529498,false,-0.033462551057186374,0.09242247284249104,true,full
selected,null,1197,net,2.6508850539139113e-11,1fc2cdd40c7e6c0ff557c67b5abaaddb0e1fc04291fc371118e4710cb55ae66e,false,t107,signal_x_ewma,21,1,0.06447854769453266,1.0235652125901031,0.17466573307136601,4.591589935250743,1000,108,0,0.018446037856433128,0.3473584469582531,0.9796063974944095,1.4190196721914015e-19,0.04996114996114996,true,,,,,,,full
selected,null,1198,gross,4.720363704961644e-16,145b26d55649bc9df7060bd03753a73c09764866a59ca13b1db725819009df3c,false,t097,signal_x_ewma,5,0,0.06926121276341318,1.099487666848344,0.14690908977862863,4.266368982878673,1000,108,0,0.0010035763190703035,0.08102173128912661,0.9859546864170194,0.35461783692651483,0.5651903651903651,true,0.00920731592522233,0.12685662903201633,false,-0.0953064750436902,0.03675929123177037,true,full
selected,null,1198,net,2.2812033785430174e-11,50b6e8f21690141e18fbb3a99588f123aec449bf1a2759e01ed8808a1e67c542,false,t035,momentum,21,1,0.029121740469273884,0.46229329816238474,0.21700882523325635,7.633395215441095,1000,108,0,0.017978871866771023,0.342931623271904,0.8219232468440791,1.3523177349867442e-23,0.11227661227661227,false,,,,,,,full
selected,null,1199,gross,4.0417389916949425e-16,b28d54c17d566a8d07804d875de9fed1f78f344e4a675a1599434d2d18229869,false,t037,reversal,5,0,0.06323283121906864,1.003790076601061,-0.03716318425619465,4.799313586137795,1000,108,0,0.0005549802756626923,0.06025111533473126,0.9768409239260801,0.5374273964759053,0.8581973581973582,false,0.0016544258234332022,0.12191194026971486,false,-0.05458668688323858,0.06905783976996033,true,full
selected,null,1199,net,1.355014861127935e-11,2e50a0b73dbb903120b3d19eb4c25056e2d72bc12dd6d7f4047e696aba963ec4,false,t080,low_vol,21,0,0.049358202843897095,0.7835371793161965,0.041306540680146255,4.932051826362095,1000,108,0,0.022349814769450544,0.38235192465849976,0.9405946706754954,3.38250428340588e-26,0.09207459207459208,false,,,,,,,full
selected,planted,2000,gross,4.034344815581405e-16,2dcea91ed369ea062349678f2e53af84f55f51556bfaf250185d0991d8bdd7ef,false,t087,signal_x_ewma,1,1,0.2056660302807454,3.2648470155403917,0.3394204122726566,6.603550053767817,1000,108,0,0.0033119000559333547,0.1471854662117455,0.9999999999682054,0.9684313025799887,0.0024864024864024864,true,,,,,,,full
selected,planted,2000,net,4.87436239945396e-11,003ad810e04247420129cbe784a1fec4ba95a9def7334987ebe69dd5c7333fc7,false,t100,signal_x_ewma,5,1,0.122212771506501,1.9400676026529737,0.8150118507689933,10.202928360797772,1000,108,0,0.019191852105709534,0.35431110196930593,0.9999676940134071,1.6293037636008267e-14,0.04630924630924631,true,,,,,,,full
selected,planted,2001,gross,4.683972124688384e-16,c7786abb90c6d21009c63729d31753d57f4cec8efc54350ff7361733794d921e,false,t093,signal_x_ewma,1,1,0.09937975636285011,1.5776047241417417,-0.07806536155327524,4.820067724651702,1000,108,0,0.0013584735744081298,0.09426531301279706,0.9990785193769964,0.5636698456668119,0.19316239316239317,true,,,,,,,full
selected,planted,2001,net,2.295255996270422e-13,bceda1f517efb44752c182a0f7bc41bfa165951cf7a8c32ab8faa1b406414dd8,false,t100,signal_x_ewma,5,1,0.054142535128833026,0.8594860998088238,0.18455705859995872,5.565684837169285,1000,108,0,0.009318544528176483,0.24688821456749466,0.9570100899657916,4.905590697968978e-10,0.075990675990676,true,,,,,,,full
selected,planted,2002,gross,4.0906454977319175e-16,cdc8bc49846a17ad8526f5f720d3678a8d51b79742618092dbe4a76e98b627f3,false,t029,momentum,21,1,0.134844764313576,2.1405942718370365,0.9955972632311949,12.214542723698335,1000,108,0,0.002347216465907764,0.12390901029915925,0.9999957343920888,0.6409515467847539,0.07288267288267289,false,,,,,,,full
selected,planted,2002,net,5.017590803225327e-12,7b5d2b22caac7c11a255bdd28b34d88c603732ebdc9e4d24c2d7da72d371fe8d,false,t029,momentum,21,1,0.12688359404077798,2.014214611715854,1.000627885752558,12.24696007997258,1000,108,0,0.01114558347596122,0.2700086771027251,0.9999857413739405,1.1752466481106962e-06,0.017482517482517484,false,,,,,,,full
selected,planted,2003,gross,3.8869011468741095e-16,c75ca09fb87b82e7617bbc09016bee4a5d8140a704af4f6505c7aad994d14a70,false,t093,signal_x_ewma,1,1,0.10906651877232942,1.7313773102108483,0.17396274947876947,7.239670023280605,1000,108,0,0.0012790468311289272,0.0914680750884027,0.9997176032023707,0.7110140156633334,0.19254079254079254,true,,,,,,,full
selected,planted,2003,net,1.8558826225749093e-13,8075b4bd86cca45c1d19d09bcc8f3d505906ede656462e3f0e168f2739d5e7d4,false,t094,signal_x_ewma,5,1,0.039822832307992495,0.6321678647350589,0.11261865673540575,6.726995403413983,1000,108,0,0.009392835341750493,0.24787040201861937,0.8961787643834267,2.304567272908152e-11,0.3905982905982906,true,,,,,,,full
selected,planted,2004,gross,4.731419270917713e-16,a26dc0b6898d8e3c3b61de9257f860c417a2721c184b65145a59b8dc4a1c2608,false,t093,signal_x_ewma,1,1,0.14545908573992872,2.3090914008160386,0.24545530083381945,4.026457180957311,1000,108,0,0.0023701379002247524,0.12451254902261785,0.9999982870017156,0.7481482349537765,0.039627039627039624,true,,,,,,,full
selected,planted,2004,net,6.603469433649415e-13,d1cbca783f9d85d8419bbe8dd3c0f79e0517e154344534ee34e617a908ebc8be,false,t105,signal_x_ewma,1,1,0.0809978997699045,1.2858017970582187,-0.14546184554862848,4.6944826153603865,1000,108,0,0.018395563233633224,0.3468828760775234,0.9944185949545772,4.047734596563423e-17,0.09362859362859363,true,,,,,,,full
selected,planted,2005,gross,4.391051818549771e-16,459de6280b1c4a32707065f9efa28f79844e72a988e54db0f863af98b8c8df7d,false,t093,signal_x_ewma,1,1,0.12181066382313767,1.9336843410702875,0.1577744489123961,4.763134129881005,1000,108,0,0.0019967649428117087,0.11428514619003556,0.9999433597313693,0.5942481935445687,0.10924630924630925,true,,,,,,,full
selected,planted,2005,net,3.1949785552405444e-12,0daa0db400bee463d03bb17565f04cc7459180d4f9668868248ef760a0402bcb,false,t099,signal_x_ewma,1,1,0.057552582557577385,0.9136189245411808,0.268554861161987,4.847270580102714,1000,108,0,0.017817276716804546,0.3413869999211633,0.9663994074228486,8.846814353225723e-20,0.16161616161616163,true,,,,,,,full
selected,planted,2006,gross,4.031806075055732e-16,8200e97ab74e5407c220376e54751a58333bd54b038bed5ae6e5a295ccbcdb21,false,t038,reversal,21,0,0.09264725819051096,1.4707296289445042,0.6357683083313707,7.51281080049436,1000,108,0,0.0011885286556595606,0.08817209200265065,0.998633972079288,0.5575399408968429,0.26728826728826727,false,,,,,,,full
selected,planted,2006,net,5.642925440357277e-13,cac6fc251d3d4d1072d98c47e6ca5c146a866fdf24c5a122b9d89eba32d5f9fd,false,t038,reversal,21,0,0.06600053236795125,1.047725970260808,0.6321545442291979,7.49125692260968,1000,108,0,0.009569040436256279,0.2501845643434234,0.9831309711280277,1.5608726595473205e-09,0.15493395493395493,false,,,,,,,full
selected,planted,2007,gross,3.7997863635784667e-16,77beb4c2d98108c4adbefe5afb173b405beaee2e20708c370fecef525b2571ae,false,t104,signal_x_ewma,21,0,0.07986929047313895,1.267885679898636,-0.18491167414362444,5.910240570265808,1000,108,0,0.0009861422947445206,0.08031489749874761,0.9937265016972264,0.4944437981961579,0.5800310800310801,true,,,,,,,full
selected,planted,2007,net,2.5191452302511064e-12,c4dbb3a83a5fd38699428e5e874dcf1653ebf98267b750ba0bcc806161b18ca1,false,t107,signal_x_ewma,21,1,0.06293415954900167,0.9990488108251158,-0.22581498882255993,5.0917139907481905,1000,108,0,0.012483699821550075,0.28575772205347144,0.9756517059250619,1.4829311209315661e-12,0.18492618492618493,true,,,,,,,full
selected,planted,2008,gross,4.128884686751032e-16,1a9e87d81c7d002c36f1950e42292195f226e5b6c22ead84eb873cb5de2cd26b,false,t087,signal_x_ewma,1,1,0.11558926407920724,1.8349226818953224,0.17893630395694962,5.158078283705583,1000,108,0,0.0017679909344105954,0.1075390841403264,0.9998767649256906,0.6007583630200288,0.21351981351981353,true,,,,,,,full
selected,planted,2008,net,7.652429557976821e-14,9431ba9ba73b144e3a83fa43cce98545d731e41a804048334588517577f5bbf3,false,t099,signal_x_ewma,1,1,0.04945557308070141,0.7850828839062985,0.05225744596621503,4.4759851087656,1000,108,0,0.010861597482579886,0.26654661325934026,0.9410323921717527,3.3676074261718683e-12,0.13667443667443668,true,,,,,,,full
selected,planted,2009,gross,3.8723695273784695e-16,701ad69837222807932f33f4cefd45acfede61002da223fafb1c3f3344862c6d,false,t087,signal_x_ewma,1,1,0.11086758106279848,1.7599682877087532,-0.44875447392750434,8.29161024355297,1000,108,0,0.0012429958277099212,0.09016980947289635,0.9996430877927708,0.7362398657559427,0.1829059829059829,true,,,,,,,full
selected,planted,2009,net,2.95286562152274e-11,377b7716af38d0e75386f07cb1814154eef179737aff493cdadcb2cdf3feb8cd,false,t099,signal_x_ewma,1,1,0.024170257153066428,0.3836909373089628,-0.12879581336095075,6.2576630564708635,1000,108,0,0.021363413037746023,0.373819227059709,0.7771103110507198,1.36994926796764e-28,0.23745143745143746,true,,,,,,,full
selected,planted,2010,gross,4.064617167599571e-16,8d5f75a960b9b462a58962a671b3b72790a4cabe44c3c43944f86f1759dedf6f,false,t085,signal_x_ewma,5,0,0.09637561855363827,1.5299155148576962,0.07996064474365581,3.825858151230649,1000,108,0,0.0017853994526642364,0.10806722889070594,0.9988477094344717,0.3557851649432218,0.22719502719502718,true,,,,,,,full
selected,planted,2010,net,4.780182079142727e-13,5a30fdcab867cf348855ae892a97306adc61dc66585e47efcb6bfdce2eebe643,false,t099,signal_x_ewma,1,1,0.044113296436549376,0.7002768712942887,-0.3041340091097461,6.046461068787006,1000,108,0,0.017027756546028863,0.33373751870654605,0.9167216073008808,5.312756435804955e-20,0.4212898212898213,true,,,,,,,full
selected,planted,2011,gross,3.9265293525382196e-16,8de196f3462070bd45e49f7cdd050d80d200859213dcd1a91f8267b0d60707de,false,t097,signal_x_ewma,5,0,0.08201499449836833,1.3019476753260792,0.05551564186990337,4.132525783994676,1000,108,0,0.0018262891662952957,0.10929771636181632,0.9952195597711728,0.1943393579178731,0.3672105672105672,true,,,,,,,full
selected,planted,2011,net,4.673230669762779e-13,c6666d544e0a1c4274f945a1d86dc815d2296eb552703defda2f25374ceadee6,false,t105,signal_x_ewma,1,1,0.041494251548021915,0.6587008226089375,0.201411591914157,4.812218497610892,1000,108,0,0.013638591239060848,0.2986833909817881,0.9059018799568666,1.725726217088794e-16,0.14576534576534578,true,,,,,,,full
selected,planted,2012,gross,4.3798402577573183e-16,85e401a0c3b8e6fae5ab6411e27ca661b660e37e4fa4baff1ef74c518d4b1127,false,t093,signal_x_ewma,1,1,0.11399752158681627,1.8096545531785988,0.05182454354107244,4.935431226501097,1000,108,0,0.0013267148338162661,0.09315691738686721,0.9998351601816771,0.7442341521243461,0.10792540792540793,true,,,,,,,full
selected,planted,2012,net,7.992567214924104e-11,71183135ada30510757ce326713d1dfe111673b452584fc4d463652df935ea53,false,t100,signal_x_ewma,5,1,0.06337033829612107,1.0059729337774137,0.060024940754547944,5.397995092580592,1000,108,0,0.014038705701894177,0.30303294850036316,0.9773754624714842,1.827847447956043e-14,0.24506604506604507,true,,,,,,,full
selected,planted,2013,gross,4.1529269251564286e-16,6ff50c9eaad742badd0784f49ffee4a59260276551b98514fea9cee502433570,false,t088,signal_x_ewma,5,1,0.1383027756883526,2.1954885006079854,0.2239550580010376,5.248084880393719,1000,108,0,0.0017470823976996406,0.10690130591998773,0.9999944566890059,0.8408209369715627,0.03605283605283605,true,,,,,,,full
selected,planted,2013,net,8.430577975840653e-13,6c4f4d0c93f52a882cb4a9ec60738e0b9a0cb27d8aa746a447f8a5c81fcf7231,false,t100,signal_x_ewma,5,1,0.0678344853022636,1.0768390705431339,0.1392271928573913,5.264833789497311,1000,108,0,0.011884954450390227,0.2788207412157722,0.9841797735088395,1.1639794146034193e-11,0.05314685314685315,true,,,,,,,full
selected,planted,2014,gross,4.327934610110068e-16,4ffc55d693ee2bd98bcbfbb089c4512fc6d182e92e092093c3820bff645c5a10,false,t088,signal_x_ewma,5,1,0.08027355794902774,1.2743032271247572,0.13809498590790675,5.03483147814901,1000,108,0,0.0008134057656350121,0.07294238171921573,0.9945053737170232,0.5918278038422513,0.4222222222222222,true,,,,,,,full
selected,planted,2014,net,1.059807374735656e-12,5a76a31eeefb3d5995edfcff3236f11bed6df597a40ae9639ad34a0b11d82252,false,t103,signal_x_ewma,5,0,0.03186145788103366,0.5057849637670442,0.5625417787046026,7.158613000395881,1000,108,0,0.012720559313645116,0.28845589596529364,0.8450386327933412,1.4509079121509846e-16,0.519036519036519,true,,,,,,,full
selected,planted,2015,gross,3.973278856971817e-16,4b14f49d9c42a73ab8c7c7ab5981b4b6d978f3bb7ab2b4607d32318b6f3ea594,false,t087,signal_x_ewma,1,1,0.09776168779063685,1.5519186818637878,0.11747895668414042,6.647171745451257,1000,108,0,0.0011816261864257432,0.08791568617067512,0.998988559078643,0.6220579548672998,0.10497280497280498,true,,,,,,,full
selected,planted,2015,net,6.484665041142946e-13,6ed0b283807595325e946d359c75854b0db8f4a5800a78c28aa8b5b1a6c91bf0,false,t086,signal_x_ewma,21,0,0.05685311888470495,0.9025152829639149,0.007628916091793614,5.335179528088528,1000,108,0,0.008175605242543803,0.2312524131312047,0.9636096032493568,1.8585451272950513e-08,0.18515928515928515,true,,,,,,,full
selected,planted,2016,gross,4.475623780480337e-16,5eb2bac680ee116608e328e2dcd4e43a061ed70f7f7b7af7ff0e7b05e212b1a2,false,t087,signal_x_ewma,1,1,0.13320921677499384,2.1146307595699634,0.5511299042684058,6.525059156168856,1000,108,0,0.0013327260287294654,0.09336772060550537,0.9999921000209836,0.9016895428912999,0.12517482517482517,true,,,,,,,full
selected,planted,2016,net,2.9986587043407985e-13,c1473b45661beef2d6f6d5a2d2d107b39590f0e402d78f6904b066a861169ad0,false,t086,signal_x_ewma,21,0,0.02208327969592293,0.3505611972485649,-0.09062091135184415,4.2065946133185665,1000,108,0,0.019336122867512014,0.3556403386382444,0.7571461685266148,3.137130253397846e-26,0.4586635586635587,true,,,,,,,full
selected,planted,2017,gross,4.1044285199156583e-16,1b99018fccad779abf59c4ab5f3afc43d9a81323d620de513b13af30700d747f,false,t088,signal_x_ewma,5,1,0.07305258716279449,1.159673869575743,0.15280192158849326,3.9385023781210036,1000,108,0,0.0007745961261382961,0.07118098229012282,0.9897583950475745,0.5236717421365203,0.5358197358197359,true,,,,,,,full
selected,planted,2017,net,4.918062268171458e-12,9d2801d0c2ea5df2f031cd590d7c5a45ac86df132b573e5352f4c5f9ab0b6c7a,false,t031,momentum,5,0,0.047868694340721,0.7598919648654765,0.348520695333239,5.042254487438994,1000,108,0,0.014528911006875972,0.30827822403741806,0.9362420837297043,5.637392931242699e-17,0.18997668997668998,false,,,,,,,full
selected,planted,2018,gross,4.3248067447563894e-16,f5aad3d9ffc2f5cd57393cfa03ffdba1df4c5c13b177c0c0e2980d61f1f4176e,false,t099,signal_x_ewma,1,1,0.0689413173413518,1.094409484454409,0.23395408995686276,6.196553324856217,1000,108,0,0.00116200666561067,0.08718276252910334,0.985736165003716,0.28114349611149925,0.37567987567987565,true,,,,,,,full
selected,planted,2018,net,3.729032878961498e-12,612bef0a00adf31ccaf6817922c7a51b63f758321965d3444ec0b094f04a1be1,false,t107,signal_x_ewma,21,1,0.04272520727432363,0.6782416389692888,0.12367253043262946,4.301343985674676,1000,108,0,0.017373317708150433,0.3371069431352785,0.9119676641263178,5.701111243360032e-21,0.26052836052836054,true,,,,,,,full
selected,planted,2019,gross,4.660666941014783e-16,e48e2fea2dfa09454b541f9262b9570c230f2eb5131a5ff65177e30c35a4a8a2,false,t097,signal_x_ewma,5,0,0.0723462940376637,1.1484618138048786,-0.13388628158435342,4.951571580806483,1000,108,0,0.0009614612547503414,0.07930347359266736,0.9883915767638198,0.4136055508096279,0.6650349650349651,true,,,,,,,full
selected,planted,2019,net,1.2652611446084415e-12,8f66ffce2661d70c97668f17c58e84920da3295089eb66309e1862ed5c2b3790,false,t097,signal_x_ewma,5,0,0.04127738071948929,0.6552581049354063,-0.12151976176401046,4.905143710889208,1000,108,0,0.006653032273564514,0.20861048447506125,0.9032538467317546,6.772469317607019e-08,0.28725718725718724,true,,,,,,,full
selected,planted,2020,gross,4.160575183754479e-16,78b1f47d52ff93ee60f5912d9fc7734c336205d687684146bcb7c5104e2c837d,false,t093,signal_x_ewma,1,1,0.1126207892255221,1.787799604479324,0.14286577698127836,4.696360533121102,1000,108,0,0.0014496247806479977,0.09737649061664518,0.9998197312453194,0.6854102274053023,0.10170940170940171,true,,,,,,,full
selected,planted,2020,net,2.9765103785055645e-13,07d4edd97a44724d2650fe47beee4bcadcd3119e26089ebd2dfc1285601629dc,false,t106,signal_x_ewma,5,1,0.057443723213679805,0.9118908360301489,-0.021040037575110686,5.831188869972349,1000,108,0,0.017229320308833656,0.3357069938516923,0.9649237362389427,8.75236176493267e-19,0.12097902097902098,true,,,,,,,full
selected,planted,2021,gross,3.8742148381056072e-16,444f6703578c531de250c88a963eeeef12b96510992ba7bcc68ed8841f100074,false,t010,momentum,5,1,0.06677636227204971,1.0600418881763976,0.08047940125710129,4.266050678655495,1000,108,0,0.0007587161005708159,0.07044756179871202,0.9826751799308704,0.45377231960159714,0.4675213675213675,false,,,,,,,full
selected,planted,2021,net,1.6199217130369028e-12,d0c657ef78be3bf990995c19501c78ef99e28a44df8d60a0f5f316a94778b743,false,t016,momentum,5,1,0.012638739344269553,0.2006337671418288,0.25226484936371696,4.7202699830384605,1000,108,0,0.012112837564588537,0.28148111535453013,0.6554514527210177,8.679069090120115e-18,0.36480186480186483,false,,,,,,,full
selected,planted,2022,gross,4.301842930165724e-16,fcaa018957ff77633e6bc34524ee4730b8c2f9796a454ed6bd203a3083e497ae,false,t084,signal_x_ewma,1,0,0.11516469976742542,1.8281829323881547,0.23618182736253446,4.4136440415761395,1000,108,0,0.0019642167312392406,0.11334986823431786,0.9998783726067999,0.5230549077646441,0.08212898212898213,true,,,,,,,full
selected,planted,2022,net,4.7573841401127615e-12,90511d692a691d624a741d4078c437ed5c1ff1664b722f86d91a42145c022be4,false,t041,reversal,21,1,0.022672547475869255,0.35991553325673153,-0.3304359855376029,5.69732203536096,1000,108,0,0.01077323641517578,0.26546019665340215,0.7623020488232211,1.0618679070558185e-14,0.1644910644910645,false,,,,,,,full
selected,planted,2023,gross,3.8113949482767675e-16,7b621119b1b00355d722bb1cd9eb6c30d106fc45ab7aa96d095d988c0e3ef937,false,t093,signal_x_ewma,1,1,0.107233690337099,1.702282060798044,0.15994680488568383,4.653399909329088,1000,108,0,0.0021608452343025134,0.1188880346909359,0.9996638775025233,0.355844313894102,0.22035742035742037,true,,,,,,,full
selected,planted,2023,net,6.706781029782293e-13,a9f9cf4edb47639b5b468605f60baf0dd6768dfcdc9c3909f6ba3318d5e9d9ab,false,t094,signal_x_ewma,5,1,0.04369839368493709,0.6936904943000336,0.3490164786248674,5.077647995695212,1000,108,0,0.011488585882906547,0.27413191766703326,0.9178045158053167,1.1316529230522676e-13,0.14988344988344987,true,,,,,,,full
selected,planted,2024,gross,3.7748821025935846e-16,39bc1f8435537361486164836b8f5b67eda0036fe9e37eef303857bbb0b68755,false,t104,signal_x_ewma,21,0,0.10465257763750721,1.6613081669443415,-0.04451386547850048,4.165259104742013,1000,108,0,0.0016253218599476872,0.10310886465902126,0.9994917682103008,0.5193292471790262,0.13325563325563325,true,,,,,,,full
selected,planted,2024,net,4.311015515561447e-12,8093e8577c67a4c5eb4a754829c473eb29524c3c60324cf8ac5afd62ff63f912,false,t104,signal_x_ewma,21,0,0.08985828234308701,1.4264560099154078,-0.03315587831139567,4.151782173192075,1000,108,0,0.007805627200811893,0.22595929928163963,0.9976504906992562,9.269933619727212e-06,0.05337995337995338,true,,,,,,,full
selected,planted,2025,gross,4.3827610601728767e-16,fa0210cecf1d5dfbf770f48e9b8efcce34491c20a3bc0c9d9b57e8a3b8ae7767,false,t091,signal_x_ewma,5,0,0.0824950012921994,1.30956754695067,0.40885780671253685,4.781122057864248,1000,108,0,0.0016317912488518992,0.10331386678834649,0.995900308962975,0.2523254601238689,0.1247086247086247,true,,,,,,,full
selected,planted,2025,net,1.555263037340731e-13,5650a0c048610031b3fcbd9e504831aadd625e65b366d223cb50e1a370716cc4,false,t035,momentum,21,1,0.06332016345415205,1.0051764328538817,0.6049382006764515,6.52683398792809,1000,108,0,0.012429503031815883,0.2851367524298022,0.9790732279245565,5.065820171831656e-13,0.04926184926184926,false,,,,,,,full
selected,planted,2026,gross,4.3403016245175617e-16,bce79de82ca9694ac0d4683e89060dc74f03e05e5655319aeefafb8365f71007,false,t088,signal_x_ewma,5,1,0.10943400448449514,1.7372109650394079,-0.41422905227116014,5.31000447033676,1000,108,0,0.0014407552723686699,0.09707813522005512,0.9996136016442678,0.6478914250959826,0.033721833721833724,true,,,,,,,full
selected,planted,2026,net,2.0093718330482513e-13,8af6c25eee5d557cea4127383448fa8e6bb123ed014c893303a94d4fca2555e9,false,t095,signal_x_ewma,21,1,0.04409448451764287,0.6999782413396255,0.3003268050629955,4.50487592803207,1000,108,0,0.01772476610491856,0.3404995741285469,0.9195130947725018,2.1921439871285546e-21,0.04265734265734266,true,,,,,,,full
selected,planted,2027,gross,4.4263308950887156e-16,b40b31aedd4b61a6f9cbebba1bbfe5986e84e19b8cd1311ba374cd8a2623744d,false,t087,signal_x_ewma,1,1,0.12444376751116426,1.9754835662788797,0.39529498860130285,5.184781063593804,1000,108,0,0.00136380985499386,0.09445027543944735,0.9999683047147937,0.8324866854694168,0.16853146853146853,true,,,,,,,full
selected,planted,2027,net,4.644932122908264e-13,4b2ef90a7b266267a9daf6198e362b8e7fee359b58dbd71b6f1d171e8d153dad,false,t104,signal_x_ewma,21,0,0.04412921123850475,0.7005295109431213,-0.08043949972436351,6.69406092878229,1000,108,0,0.013093024811437488,0.292648506458238,0.9177966144185841,2.4349320018812687e-15,0.2668997668997669,true,,,,,,,full
selected,planted,2028,gross,4.275972239732429e-16,bc9db3e4be522468985fa7b88fcaf39d00138b3a97b135ad3d83a604c93c3e11,false,t087,signal_x_ewma,1,1,0.10680342016120065,1.6954517335060737,0.18733335837713067,4.703878258880996,1000,108,0,0.0009910711185113564,0.08051535770462395,0.9996528090941488,0.7980954765983583,0.24592074592074592,true,,,,,,,full
selected,planted,2028,net,4.339730752441903e-13,de55ff01ad273459ff5534e18aae067bc1b2a8fe763718f724fb1f06e415acca,false,t105,signal_x_ewma,1,1,0.06322575054296675,1.0036776743525821,0.311909354839168,6.635134014100279,1000,108,0,0.018305000654119257,0.34602795885741794,0.9779217425361413,1.1066030876251845e-19,0.20481740481740482,true,,,,,,,full
selected,planted,2029,gross,4.2281079311793266e-16,95f57db665b480825ed3edc28369c1f8c52670c5cfb8c1f56968247b5d269415,false,t084,signal_x_ewma,1,0,0.10294686197346355,1.6342307702176597,-0.1670965239556471,5.7758222859119845,1000,108,0,0.0015056920837297576,0.09924174685388677,0.9993277920425198,0.5459349558436047,0.14926184926184927,true,,,,,,,full
selected,planted,2029,net,1.665884902112679e-13,869583fe22b3b628990ee5f0bdf9bbf90b666294e6a5bf6bbfbb10c5ff9943e0,false,t082,low_vol,5,1,0.049821097099336305,0.7908853978154718,0.07187923874464044,5.238834964969186,1000,108,0,0.015761707364658567,0.3210908624049416,0.9424228403886713,4.822999128303475e-18,0.05135975135975136,false,,,,,,,full
selected,planted,2030,gross,4.1722226469307127e-16,6732a93a9a34f0d01dc4adaebd2800d0882557b30a315f3d0233ee3354e24f85,false,t087,signal_x_ewma,1,1,0.12365162583868672,1.9629087070678417,0.04106517983807856,5.491310908751583,1000,108,0,0.0022014065469758274,0.1199986730003168,0.9999488011272163,0.5456851202507265,0.175990675990676,true,,,,,,,full
selected,planted,2030,net,1.2012183489048418e-12,ad2a9deb2c7d1e4b6e03a8045aa84950ca222186e99c104bcfb08e65d46145f1,false,t099,signal_x_ewma,1,1,0.04825287452285942,0.7659906361889429,-0.021974543017502603,4.6188639038433426,1000,108,0,0.024994231614005293,0.4043395389727381,0.9360853079058613,1.3411491155486918e-29,0.22105672105672106,true,,,,,,,full
selected,planted,2031,gross,3.9165280002964337e-16,fe00ae1a33174e3034cd64aa6ce088ba5e1ee2d09e7bb93f170843170249c62c,false,t087,signal_x_ewma,1,1,0.09471078928997603,1.5034871696154977,-0.3048874500148137,5.30790215275507,1000,108,0,0.0006043387895470154,0.06287334288456281,0.9983454106244517,0.8382861303357523,0.4625485625485625,true,,,,,,,full
selected,planted,2031,net,5.284202691362971e-13,f120ea44f58a0eecea958410eacfdcac9a27a5d0e4c6060afe875728ed21f4b5,false,t083,low_vol,21,1,0.04684175448334534,0.7435898000212596,-0.08748676144489889,4.469207325161269,1000,108,0,0.015570788614349587,0.31914027946716056,0.9300418888115448,4.709935398362913e-18,0.2299145299145299,false,,,,,,,full
selected,planted,2032,gross,3.904068573934868e-16,b865a5cd815114ae94aafcf238216ec76ae8b7face30bfe34282e2c853077c53,false,t088,signal_x_ewma,5,1,0.13127666065517504,2.0839523822436643,0.367447734411585,4.5771426251031935,1000,108,0,0.0015247241604511457,0.0998669893627746,0.9999877349939664,0.8436255365647372,0.12183372183372183,true,,,,,,,full
selected,planted,2032,net,3.735170089970473e-13,324759a63a063579a77d57ce197b09d70e6f44da6e33c27b501e75bcca53ef91,false,t073,low_vol,5,0,0.06220562086966397,0.9874836178290018,0.3906206735187966,5.32337816833443,1000,108,0,0.013974917101693471,0.3023437091985474,0.9764949872837685,8.765708411256564e-15,0.12711732711732712,false,,,,,,,full
selected,planted,2033,gross,4.396574413844036e-16,2ce0a25b35ad5bd169b463bab0f8f826a8aa840845061eaceadd4f46ce48a142,false,t087,signal_x_ewma,1,1,0.11344643518594479,1.8009063277729052,0.3857826297542669,6.18363608172535,1000,108,0,0.00120645771107289,0.08883464442758936,0.9998611550198047,0.7848441904890211,0.19393939393939394,true,,,,,,,full
selected,planted,2033,net,7.542613671471743e-12,2b8a40d61864c20da6d25d3855928dcab1b6040397117f0930e73574e22a307c,false,t005,momentum,21,1,0.03407462316858907,0.5409178735339585,0.1876232977598887,11.32457033061927,1000,108,0,0.016464324115057286,0.32816954134322435,0.8596679854872131,6.315524510172433e-21,0.12253302253302253,false,,,,,,,full
selected,planted,2034,gross,1.157987853389195e-15,aa8eaf18aa270fb4c73dc5fca24af0baa0b97642ab468c6b1274a93823fda95e,false,t087,signal_x_ewma,1,1,0.09980911061709201,1.5844205116281718,-0.08486826155369545,4.482714505950115,1000,108,0,0.001746061088315687,0.10687005517082118,0.9991198895671057,0.4124348071152687,0.17544677544677545,true,,,,,,,full
selected,planted,2034,net,3.617240687139102e-13,5d14425c511c7875df19d39a58f1d610b0cdd4d0def5c03877559a6b64bbc6ae,false,t095,signal_x_ewma,21,1,-0.0021210991985087875,-0.033671405912116065,0.062151231047110914,6.138276149905944,1000,108,0,0.012894325674069796,0.29041940686656664,0.47327616845513976,1.16874456471691e-20,0.45003885003885,true,,,,,,,full
selected,planted,2035,gross,4.716867488609598e-16,456cc4fa336c441dfee735e8571dc932c640c18c6f2ede2c42d7e0e2eb3ad7ee,false,t106,signal_x_ewma,5,1,0.07245267605299989,1.1501505759441752,0.19867398155524094,6.549124696359623,1000,108,0,0.0010798842944297813,0.08404558976310397,0.9892246814747906,0.3565384927861359,0.5965034965034965,true,,,,,,,full
selected,planted,2035,net,9.620790704325577e-14,599b6fb7c3e37858569b4ad75d6eef1459f68b9ecb037c77a32d63c24ae0fd8a,false,t106,signal_x_ewma,5,1,0.0581689899434398,0.9234040884369531,0.19323900325395063,6.491895978362729,1000,108,0,0.00896370625038712,0.24214199961116376,0.9674548672067588,2.704129495860395e-09,0.14965034965034965,true,,,,,,,full
selected,planted,2036,gross,4.0794548879681907e-16,bee3236efdcbc628e7a80c0e089b1bc97544be28c7ba687fb38a4efa029e9ed1,false,t088,signal_x_ewma,5,1,0.13802282326966978,2.1910443937353907,0.02298347479444485,7.4210189163296585,1000,108,0,0.0025114286951849318,0.12817010575103807,0.9999916091040257,0.6206668160929737,0.03348873348873349,true,,,,,,,full
selected,planted,2036,net,1.8602813156705105e-13,66e2ea97a2024751c6b7a18227f8071f9ef278c88b0fbd5308c3c53e874688cb,false,t094,signal_x_ewma,5,1,0.08073653009810748,1.281652682147242,0.3505486623880735,7.214357009853799,1000,108,0,0.011552586809397745,0.2748944279575169,0.9949930275805182,2.946222185289031e-10,0.04428904428904429,true,,,,,,,full
selected,planted,2037,gross,4.794358028274964e-16,04be78a0333cd855616b87ac2738837ce0812993aae6f92751b0a3eefabc2f07,false,t024,momentum,1,0,0.08477961113573214,1.345834603883457,-0.06474081994377938,4.0351706791633015,1000,108,0,0.0013262356442590815,0.09314009242479152,0.9961515464357716,0.39634644011017334,0.3464646464646465,false,,,,,,,full
selected,planted,2037,net,7.487569172414493e-13,f35294ac3d467c72c2cfe9ff9b7805906124f6554a13d5bf9c1b669dc47caf78,false,t026,momentum,21,0,0.05661406519926992,0.8987204233539876,0.33045280712973096,5.644385926314399,1000,108,0,0.010743790839528327,0.265097168476704,0.9643027400730931,1.5742015350045993e-11,0.06301476301476301,false,,,,,,,full
selected,planted,2038,gross,3.826109986625185e-16,3454380a5a313a54e1ba9c1bd3f9ef7de1a714fad43038d5259eca115bdc9ea3,false,t087,signal_x_ewma,1,1,0.12989277960955065,2.0619839516987555,0.1977144807904065,4.951420056535363,1000,108,0,0.0013415780817552544,0.09367728465873752,0.9999813944089281,0.8748984370129674,0.20023310023310023,true,,,,,,,full
selected,planted,2038,net,4.8602422112648695e-12,a2d85b22aaca00dbde9287e15d075da1b7d6e88c52a4fcca4e102492c4fb9a5f,false,t099,signal_x_ewma,1,1,0.06254784169215664,0.9929162049677035,0.14630490230633994,5.257062002896676,1000,108,0,0.016215150405946777,0.3256767888481601,0.976254539082513,3.793121822045674e-17,0.1972804972804973,true,,,,,,,full
selected,planted,2039,gross,4.106351159785481e-16,5cca78d279b531a893b4124abf5b8042b9243e72cabac64e864f33c2a3cfeae7,false,t087,signal_x_ewma,1,1,0.13017813953716492,2.06651390011442,0.07535149780018695,6.585732534283166,1000,108,0,0.0018530931316854294,0.11009686173803546,0.9999780869287843,0.7357692510824192,0.11546231546231546,true,,,,,,,full
selected,planted,2039,net,4.601574844583259e-13,113fb050087bcd4baf40518051ada88392214a63a82297e30e2d8a8c2d066b78,false,t099,signal_x_ewma,1,1,0.042903311349513654,0.6810689535119285,0.5156215110510882,8.693034684401407,1000,108,0,0.013704946033031172,0.2994090901001933,0.9144722990863005,1.37562038015564e-16,0.13605283605283605,true,,,,,,,full
selected,planted,2040,gross,3.932643391840389e-16,316df9d25711212077e3f9a6b7b918a0f1a204cb1162dba56d508cc979c535e7,false,t084,signal_x_ewma,1,0,0.128248933224936,2.0358886993350573,0.02080148239289545,4.564566199275978,1000,108,0,0.0017775987553445664,0.10783088890557693,0.999972049250718,0.7394069184084135,0.0940947940947941,true,,,,,,,full
selected,planted,2040,net,1.0549983302005201e-12,45bcce3ab80db534f5e2562337369d87b7a1e406535ab6e2cd534ae3014735f9,false,t093,signal_x_ewma,1,1,0.029366233432341692,0.4661745036278811,-0.08582590388064508,4.41412938245801,1000,108,0,0.007878557492371072,0.22701244742975732,0.8229509995277826,2.2323558553381545e-10,0.24708624708624707,true,,,,,,,full
selected,planted,2041,gross,4.218957132308916e-16,a6ab238122513829c758e54707c48ecc3cc5b5b520e8fdd0feddea80d58372e5,false,t084,signal_x_ewma,1,0,0.08760966572321602,1.390760327694776,0.4222394431405997,6.165447473716126,1000,108,0,0.0014571470467577101,0.0976288124922165,0.9975024404042137,0.3740855926327452,0.22113442113442114,true,,,,,,,full
selected,planted,2041,net,2.2207220808153074e-13,883d3229995fb86314af9f5dc3f9fbde535c4c8a06dcbbf73b3e5f08324c2097,false,t105,signal_x_ewma,1,1,0.02406181477059986,0.38196946785544744,-0.34186531266375253,5.88531998501165,1000,108,0,0.016314893988896767,0.32667691426831186,0.7755189705257028,8.468834312925045e-22,0.13006993006993006,true,,,,,,,full
selected,planted,2042,gross,4.182498763912704e-16,347973f618e72a0cdf12318dcacd7125303ff4df0405038fb7630c49600f0214,false,t009,momentum,1,1,0.0802826519352412,1.2744475896804397,0.5659780670800115,5.85915898348832,1000,108,0,0.0014767340579044774,0.09828278675027727,0.9951535392230082,0.28097774025584993,0.6163170163170163,false,,,,,,,full
selected,planted,2042,net,6.967394130846185e-13,bb8d05f7425b878a3ef22fe40d323086a5fd71948ae17c5fcff32a37b2145231,false,t034,momentum,5,1,0.041089612803804236,0.6522773816808087,0.46104172799469856,5.480612383803978,1000,108,0,0.01742386834774459,0.33759702205886194,0.9048910635910298,1.6519246656141395e-21,0.26045066045066045,false,,,,,,,full
selected,planted,2043,gross,4.389850354247802e-16,44482c2f0a82ec908eca5ea6de2946cfaa21d182294fdfd92e73bb25200d2069,false,t093,signal_x_ewma,1,1,0.1652460704787241,2.6232000457041367,0.016011824607399232,4.513974912965564,1000,108,0,0.002738258530036859,0.13383310107202961,0.9999998817366114,0.8370584352492422,0.013752913752913752,true,,,,,,,full
selected,planted,2043,net,9.71293670047117e-13,2e6be920663cc821926e106156b244641b7f6d22ab562dd22732d801ff183c3f,false,t099,signal_x_ewma,1,1,0.09634368570264834,1.5294085965634603,0.23631499926133584,4.724975084656617,1000,108,0,0.01524483266888089,0.3157822010311371,0.9989184198118091,1.4213548334951873e-12,0.06076146076146076,true,,,,,,,full
selected,planted,2044,gross,4.019884996560869e-16,edc883fb5c64b71d72575130ad851bf5ca039eecebf29542bc488b1fd1acb36e,false,t087,signal_x_ewma,1,1,0.08294652483055384,1.3167352609121368,-0.05782347781742338,4.3186408180021765,1000,108,0,0.0009760892652981797,0.07990447177748584,0.995446691221995,0.5381003250546863,0.5674436674436675,true,,,,,,,full
selected,planted,2044,net,3.272678443938931e-13,805a682aee82044e6b495954ba45ecf0c47da42a8b9bda05f892e5057427bd59,false,t098,signal_x_ewma,21,0,0.020334551068018115,0.3228009908887128,0.06333257063016091,5.228035647112348,1000,108,0,0.02025503973349915,0.3639928613411542,0.7398837141382715,8.312450866102785e-28,0.5175602175602175,true,,,,,,,full
selected,planted,2045,gross,3.708575500805477e-16,04915846a790af067875e8b3f0df657725bcd6cd907e117215dd945673e83951,false,t088,signal_x_ewma,5,1,0.08647846173926475,1.3728030211530526,-0.09922258387456336,4.658573374199063,1000,108,0,0.0009618442012090559,0.07931926516037983,0.9966609804109137,0.5888375185839807,0.5557886557886558,true,,,,,,,full
selected,planted,2045,net,2.999325391978195e-13,d143c73564f5800602e3d2db4635fe35a42e7189fc215741d89dc3f2dc42dd8a,false,t035,momentum,21,1,0.07020212155635822,1.114424130883503,0.5320272238815903,5.638605065924917,1000,108,0,0.015768831039398714,0.3211634144585825,0.987927913642585,3.7946520871557106e-16,0.19836829836829836,false,,,,,,,full
selected,planted,2046,gross,4.014993379758802e-16,abf15aa6f719e065fe97d337b591c011aec6dd06d33a5cb199e65f79aaa23a3d,false,t087,signal_x_ewma,1,1,0.1567471450022903,2.4882837863726466,0.21984304870617563,5.209806948606344,1000,108,0,0.001829287561544729,0.10938740187230303,0.9999996750163473,0.9336290844112879,0.023853923853923854,true,,,,,,,full
selected,planted,2046,net,5.011475646036157e-13,3c625bda3b4d2ad2cd5fc5e3ad01fa5db63ee68bb8df3942f50fa6f838bc2d8a,false,t093,signal_x_ewma,1,1,0.07896412783231306,1.2535166684364853,0.3352682659834061,5.29847983101018,1000,108,0,0.008582579945220452,0.23693828756212734,0.9941466419851452,2.2891350585217254e-07,0.16604506604506605,true,,,,,,,full
selected,planted,2047,gross,4.1076594567944147e-16,f723fa82bcfb7bc6943df7df87ca4f6ddbd4c9f65e85b3c761d5f27bd29c10e1,false,t085,signal_x_ewma,5,0,0.07722231545600906,1.2258662541670764,-0.12873155520700869,5.535261422149377,1000,108,0,0.0009384931562973558,0.07835051791145915,0.9922532126321348,0.4858943713493128,0.40854700854700854,true,,,,,,,full
selected,planted,2047,net,5.523583204591339e-13,781d6cd00ff8e3ed72b3754d606278a2f3bfa368e365b1e6dd2556aac8e20c5c,false,t080,low_vol,21,0,0.003770539614763873,0.05985546077509496,0.16208274435122982,4.515610574750908,1000,108,0,0.016229285910220454,0.32581871176185223,0.5474458989585969,1.1928802828924144e-24,0.51002331002331,false,,,,,,,full
selected,planted,2048,gross,3.980786702975999e-16,be735712b7dc5b5b8c3447260293270a6f8c6aeb556ccc7a808b48489428f2cd,false,t085,signal_x_ewma,5,0,0.1059634933028656,1.6821183079862438,0.3294820863869565,7.415935625785071,1000,108,0,0.0010658452310352473,0.08349748410004866,0.9996347304971748,0.763053953457258,0.13341103341103341,true,,,,,,,full
selected,planted,2048,net,3.1344892236810867e-13,8cb7944eba06b8a8d36f3629ea803d2836f38fe588e657b32ae0297be87d5146,false,t050,reversal,21,0,0.020414924596010197,0.3240768810910724,-0.20535258255123834,4.826053939698936,1000,108,0,0.0218693961558548,0.37822019347217345,0.7401401897198235,7.936982441763934e-30,0.39844599844599843,false,,,,,,,full
selected,planted,2049,gross,4.536718404277543e-16,30186804993f16dac45c56cdb8b97da8a9cb01b55d4d69ec5a4b0dc5169387c7,false,t084,signal_x_ewma,1,0,0.13155308904715823,2.0883405469266947,0.3519891806153509,6.328593727717455,1000,108,0,0.0016924946399478706,0.10521798186936861,0.9999870717908856,0.8001679995707273,0.21305361305361306,true,,,,,,,full
selected,planted,2049,net,9.445356567248437e-13,c57edebea563ac98e0968d3f94560cb652035832d20ae31acfe975dca24fa88b,false,t034,momentum,5,1,0.07803462070751839,1.2387612002720692,0.4388977350852605,5.076105272864731,1000,108,0,0.020225842157902844,0.3637304194516154,0.993821228427615,2.6112406534035207e-20,0.21173271173271174,false,,,,,,,full
selected,planted,2050,gross,4.1843559651314246e-16,9d16a6f254c2235888987d7a734b2a5947f1bf0789a621e499e3882ccc7ff9d8,false,t088,signal_x_ewma,5,1,0.12821320258373284,2.0353214929902066,0.4983154012345348,8.205592267519872,1000,108,0,0.0016745263658234013,0.10465797118045744,0.9999813601165641,0.7756569088962706,0.0641025641025641,true,,,,,,,full
selected,planted,2050,net,3.6552251811712654e-13,e971054b74fdd904f368fed520e8ddad11b13124b205dfcb3eb5042550849881,false,t103,signal_x_ewma,5,0,0.05532205507484301,0.8782103984703203,0.6024097655350122,6.788684103510033,1000,108,0,0.03026358785084966,0.4449247073897169,0.9620004718019509,3.923609644295731e-36,0.08352758352758352,true,,,,,,,full
selected,planted,2051,gross,4.015248333003473e-16,5a0f80dfe68053c5984cdb23dbabfb73ed8ff0187cc1567be915a71065b3369b,false,t102,signal_x_ewma,1,0,0.08688935149543127,1.379325693819536,0.3155230586534781,4.903527014941299,1000,108,0,0.0008593822549900644,0.07497552362383238,0.9972336127958928,0.6481728621179237,0.20909090909090908,true,,,,,,,full
selected,planted,2051,net,4.21204265740351e-13,aa0a31c2fe888647a6a5f982e2d1aad664b5a42af1986922aad638e6185433a0,false,t102,signal_x_ewma,1,0,0.041520405617032276,0.6591160055831804,0.298441876185166,4.873621949249135,1000,108,0,0.012081183097556163,0.2811130775818338,0.9064866873705621,1.331553205305855e-14,0.25757575757575757,true,,,,,,,full
selected,planted,2052,gross,4.396755020852425e-16,b0b1c11513bcaf6c1a5320011d972d9e8ee443b0f4555999fca8657c3cee3d62,false,t096,signal_x_ewma,1,0,0.12103586560247222,1.9213848006214709,0.015736554122532765,4.101541751424298,1000,108,0,0.001552244259897822,0.10076422009529375,0.9999298443209965,0.7381712262820483,0.1547008547008547,true,,,,,,,full
selected,planted,2052,net,4.326168000934393e-12,6d83344d0ec8aeefee0262582ddcb6185c3939a293a9025deb0bd9214884cc38,false,t097,signal_x_ewma,5,0,0.08798196596163257,1.3966704107581775,-0.11809696272590015,4.518577409526344,1000,108,0,0.008768479720431963,0.23949059751272633,0.9970853517893851,1.0268391904068868e-06,0.1564879564879565,true,,,,,,,full
selected,planted,2053,gross,4.1749817935166866e-16,668e06913709085953d2f65ae9d79fbb34b19f2f21d2e8c6e2bccab503c28e4e,false,t073,low_vol,5,0,0.06982505904851283,1.1084384491365917,0.1659190521678033,4.714368272073952,1000,108,0,0.0012261665477203477,0.08955731164736548,0.9866126791791078,0.26569381180745816,0.4811965811965812,false,,,,,,,full
selected,planted,2053,net,2.1117365948426157e-13,db618e6af28c298fd9fd96438012e6cf7c9ff30ffff12d49ebf4f08bc2780bcd,false,t080,low_vol,21,0,0.05487587466163502,0.8711275039910221,0.3685587001322837,4.758277304205587,1000,108,0,0.012495950772439783,0.2858979026652664,0.9599188673252717,8.774361594173035e-14,0.22004662004662004,false,,,,,,,full
selected,planted,2054,gross,4.3134173133300306e-16,18c30a07bfd94b4550c885c256db8c80db4661d5b9b0a29a638afa9579a53f48,false,t087,signal_x_ewma,1,1,0.09818234453399419,1.5585964006452628,0.4378149028907023,5.360794177768297,1000,108,0,0.0015047744490809313,0.0992115011131101,0.999197229719613,0.4868094065812288,0.2146076146076146,true,,,,,,,full
selected,planted,2054,net,2.163258491546868e-12,6e07affa8e4b2f89c895fa8732df9157fbccd6537a6411bad23d78f4a84be73c,false,t032,momentum,21,0,0.0506488954029858,0.804026288498538,0.15577474213211479,4.582799674111018,1000,108,0,0.021443894273807447,0.37452269967062596,0.9457918841176476,5.0446018911463045e-25,0.077000777000777,false,,,,,,,full
selected,planted,2055,gross,4.304849488664666e-16,8ed81f69ff81ad5b083f5e1b145837a13218004474d50aed7a8a0ae80c338d0d,false,t087,signal_x_ewma,1,1,0.1497382014859482,2.377020257387408,0.21108608214197236,4.9162657414005215,1000,108,0,0.002187892673007058,0.11962978536046139,0.9999990116158183,0.8305303949599867,0.11973581973581973,true,,,,,,,full
selected,planted,2055,net,1.314073858200435e-12,807d56d0dfad8049e389ea097f63f9f91b6d776eb2f16e9e3f7d9ecd58b059fa,false,t099,signal_x_ewma,1,1,0.07508005620130703,1.1918589427764674,0.17918127649251092,4.696523428307949,1000,108,0,0.030486606818491673,0.4465610717592526,0.9914114434854361,2.1955402587992447e-32,0.04491064491064491,true,,,,,,,full
selected,planted,2056,gross,4.485362660408837e-16,2e9fce665d868224e4b532835945af4b440070b88436135e1defbca9d05d57a9,false,t087,signal_x_ewma,1,1,0.11083102130861583,1.7593879196033875,-0.08580444096201303,5.093906606622759,1000,108,0,0.0013691379518000432,0.0946345935302022,0.9997348688237802,0.6936979387706513,0.1665889665889666,true,,,,,,,full
selected,planted,2056,net,4.823874366967937e-13,167f05588d1c5cbbff5933ba25239d6286f3abf9e10d1c2d1a7024fb021684c9,false,t105,signal_x_ewma,1,1,0.0799020530225845,1.2684057692475323,-0.02757259767587096,3.98233314181638,1000,108,0,0.0185316679484951,0.3481637661321624,0.9940772555130651,1.4618790555234257e-17,0.12843822843822844,true,,,,,,,full
selected,planted,2057,gross,4.3224153981425246e-16,deded1bddd57a6c08ccfe4b984f1b1252f83caec7373e444169d17d31dd4aa72,false,t093,signal_x_ewma,1,1,0.16105398686603714,2.556652781417983,0.14210549507103098,3.9300485470219737,1000,108,0,0.0029398389165749424,0.13867177798332908,0.9999998304851834,0.7607795305335738,0.024553224553224555,true,,,,,,,full
selected,planted,2057,net,5.543153582534297e-12,01520360272096a7bfd3b97ed5af3a56d91819ef56d40a3af9536d2cc23b1fe5,false,t094,signal_x_ewma,5,1,0.11050497437815812,1.7542120850410252,0.06100926683944947,3.8113754352168407,1000,108,0,0.011687375552131134,0.2764934301421253,0.9997580520391536,7.960869476383325e-08,0.012587412587412588,true,,,,,,,full
selected,planted,2058,gross,3.7166370446345643e-16,a3fbe7832b64a2bcb9d72c1765412d77b266641d22f55d506fb543ae95b7b033,false,t048,reversal,1,0,0.08957890068219974,1.4220209635419283,-0.02524128109749216,4.505333666222072,1000,108,0,0.0007627521016356737,0.07063468667781495,0.9975857048234832,0.7244144125037306,0.3414918414918415,false,,,,,,,full
selected,planted,2058,net,3.206062394168367e-13,c03967e99e5537ac96ae6a37fed36764481880a13bb89c8ef63282ca5d11f947,false,t017,momentum,21,1,0.020381038943825064,0.32353896303890184,0.08080500703238877,4.014332672980559,1000,108,0,0.014693601700655158,0.31002052559149373,0.740410919344665,2.5772360250246175e-20,0.29774669774669776,false,,,,,,,full
selected,planted,2059,gross,3.919404886589919e-16,b43491f832b06988fb70336cb643ae0ffcd0afb4b739400b685f28109e35b60a,false,t096,signal_x_ewma,1,0,0.07469066091141477,1.1856774841839384,0.4329042035957479,13.060925212147543,1000,108,0,0.0009423279581261464,0.07851042978974865,0.9913265551619611,0.4515767145453695,0.4376068376068376,true,,,,,,,full
selected,planted,2059,net,7.117236559832672e-11,054b6afb41994b694bbf63038b2c1ec0263fb25f7ac02ba0411e0b07871d6d2e,false,t099,signal_x_ewma,1,1,0.033195936719146286,0.5269691585801909,-0.36616406807622537,12.395354745602548,1000,108,0,0.006509019770961346,0.2063403258001737,0.8511294889042812,2.7989442933605884e-08,0.20846930846930847,true,,,,,,,full
selected,planted,2060,gross,4.558732869737312e-16,c7315ae90a5666373f5f100c25820a3df418b37519a1da389fe6e2eedeefd333,false,t085,signal_x_ewma,5,0,0.12329914640426844,1.9573132695134288,0.6856777380830501,7.29865919022411,1000,108,0,0.0017609355857573321,0.10732429678623222,0.9999710065037636,0.6987988681101909,0.11017871017871018,true,,,,,,,full
selected,planted,2060,net,8.006820846868553e-13,eb9d1bc7be5f3cb8bfa264d7d94a4deae44b13f684d5d6f8a13124231f29b7bb,false,t100,signal_x_ewma,5,1,0.06787632003162028,1.0775031762833946,0.3582747040950651,5.194440911815166,1000,108,0,0.01473536939641896,0.31046084152939096,0.984866490862133,4.848136062260078e-15,0.21678321678321677,true,,,,,,,full
selected,planted,2061,gross,3.884969472562665e-16,5fdcf44495a88f7fe00c69a38883d7116423cbe907cc0da6a63ea4dad9208c6d,false,t093,signal_x_ewma,1,1,0.07997584438473351,1.2695771708064383,0.06696566989347584,3.918456261322599,1000,108,0,0.0017617859364877154,0.10735020695576425,0.9942751307032945,0.1933771037141026,0.3004662004662005,true,,,,,,,full
selected,planted,2061,net,1.9793333687494006e-12,447c89380954226492d0f3d0c3e6ad3d22914308461c021b27b882ed85a35c30,false,t035,momentum,21,1,0.04221024145900789,0.6700668100831384,0.22484798366990408,5.619017552119818,1000,108,0,0.012520758158543949,0.2861815490747432,0.9097348310958846,4.970338228200073e-15,0.09968919968919969,false,,,,,,,full
selected,planted,2062,gross,4.244712634229787e-16,137e72940a0dc424e9124f74150f1e8924aa486fbfd6a1b9b571a27b01ae7309,false,t087,signal_x_ewma,1,1,0.10005165976493648,1.5882708599836142,0.2779040409608079,4.871434439323602,1000,108,0,0.0017217760545136917,0.10612425350949747,0.999291997850514,0.4232058678077183,0.08578088578088579,true,,,,,,,full
selected,planted,2062,net,1.475390563662111e-12,476f1cd6a138c418d58c4b75331ceb32ece64b50e12a836e53b9538b2b45434a,false,t089,signal_x_ewma,21,1,0.050167860675855845,0.7963900989387079,0.27873212531164016,5.180898122273288,1000,108,0,0.016974383327367833,0.3332140608513599,0.9446138848113587,1.1551154395401377e-19,0.15104895104895105,true,,,,,,,full
selected,planted,2063,gross,4.257305403483416e-16,e6bdc9810d72db45088caf7eeff634aad544eec4de3668960c8b889aba4666d0,false,t087,signal_x_ewma,1,1,0.11744265826312554,1.8643444024474505,0.43042653735163927,4.334771473581165,1000,108,0,0.0023164550160293127,0.123094387601269,0.999923663120264,0.4277020756571872,0.05058275058275058,true,,,,,,,full
selected,planted,2063,net,9.282518156158652e-13,f5bef68c517d12c2485c5fccaba085529fe7736387c305ee1ad18ecde8cbfee0,false,t105,signal_x_ewma,1,1,0.08311881006012231,1.3194702041441837,0.10313965701509742,3.649894724812227,1000,108,0,0.01514614558050912,0.3147584369523535,0.9957607735420995,1.099564407205032e-13,0.026262626262626262,true,,,,,,,full
selected,planted,2064,gross,3.8545737532193373e-16,dc394d170d10690c77ce902f9d04d3b7c18a0d6273bc6eeb3c6fe6a88e79e0c8,false,t090,signal_x_ewma,1,0,0.13699223101776026,2.174684248925415,0.09501439778511755,6.868893246169778,1000,108,0,0.0019214042255978508,0.11210776315094964,0.9999914142539102,0.7825617270676922,0.08166278166278167,true,,,,,,,full
selected,planted,2064,net,1.2001505452680695e-12,ef301c5bbc5ff21c4e35749dab5cff7fb916aa5d5bae39a70d6e3203a75695ff,false,t099,signal_x_ewma,1,1,0.06899678335721947,1.0952899801596176,-0.16103637690842282,5.34562866505173,1000,108,0,0.012417397143925375,0.28499786214394535,0.9847385561786394,6.340850469590664e-12,0.12051282051282051,true,,,,,,,full
selected,planted,2065,gross,3.998934384688482e-16,aab28a84c11650d086b5d0afdef4cf731e3c26d121202e43a3f403510f17046c,false,t009,momentum,1,1,0.0635867246273445,1.009407960294599,0.30646032844148413,4.825710365990019,1000,108,0,0.0010473399241604277,0.08276946462398983,0.9786004659859228,0.27056685452464646,0.662004662004662,false,,,,,,,full
selected,planted,2065,net,2.3550576769796376e-12,093ef2f68251443784819a94b69693fa96720bf8c06b0076d3dfb881e6c1eda8,false,t028,momentum,5,1,0.026277228314887057,0.4171380675915361,0.0730529665577381,4.48280265083093,1000,108,0,0.008978771616266064,0.2423453990876977,0.7970389956682016,4.13573385528404e-12,0.395027195027195,false,,,,,,,full
selected,planted,2066,gross,3.9340035564104684e-16,fc6c680e00fa69411d19db244e608b882488b0518b995957441678cb0512cf7d,false,t093,signal_x_ewma,1,1,0.10309137832105558,1.6365248961143313,1.2855775071203452,21.059739627704175,1000,108,0,0.0016869598687562055,0.10504579983540109,0.999657744578161,0.47433527994595737,0.2937062937062937,true,,,,,,,full
selected,planted,2066,net,2.2427882257912093e-12,6b481e60a989100bf93025d97ff0ac8c1f927e7f7a543628ce6090d2c30aaf4d,false,t086,signal_x_ewma,21,0,0.0496915428114546,0.7888287872533696,0.2673156769084096,7.715999097727059,1000,108,0,0.016265875023695517,0.32618578601893294,0.9426969598388334,8.221446701994158e-19,0.21864801864801864,true,,,,,,,full
selected,planted,2067,gross,4.186824063538896e-16,f5f2eee67f9942245ec0cc6be3f7d98198844b86c9e3fc764eb5e95b52107855,false,t096,signal_x_ewma,1,0,0.08647705248199701,1.37278064988747,0.028613440027467216,6.52122435218793,1000,108,0,0.000685634918636906,0.06696884061981774,0.9967616188738602,0.7304550940431642,0.5407148407148407,true,,,,,,,full
selected,planted,2067,net,5.182155904526375e-13,b68a6c0a7bdc4ddcba3ba69017790013005e3855fdd45c5d38fc704151bf94a9,false,t099,signal_x_ewma,1,1,0.04034517867487282,0.6404598562450796,-0.6393411129710477,9.490133486489286,1000,108,0,0.010911865754525848,0.26716269992301706,0.8956120882822901,7.949443756469132e-13,0.4734265734265734,true,,,,,,,full
selected,planted,2068,gross,3.876723460663403e-16,7b59833442a72091c839ee1dd4144ebf3edd16cb976613d81e20ab012b9dae9f,false,t087,signal_x_ewma,1,1,0.08368654152953825,1.328482661821423,0.09665155196452706,4.793639771514973,1000,108,0,0.0013114795911343103,0.09262049226745359,0.995939438056579,0.38874961493220955,0.5303807303807304,true,,,,,,,full
selected,planted,2068,net,1.0387564843752817e-12,f981dfe5e32fe19a52b39854f4b463408dab640d3d50f68e1ec38ad053fa096c,false,t035,momentum,21,1,0.06127705956054381,0.9727431640229508,-0.037480662555770185,4.7219952430516585,1000,108,0,0.015291325319237308,0.3162633599627549,0.9732707333089283,4.636824108319843e-16,0.1414918414918415,false,,,,,,,full
selected,planted,2069,gross,4.208602377963828e-16,ec5bfbb3cce45c713b82bab248fdd0467a402198c5d71db6f1814601b687ec1d,false,t091,signal_x_ewma,5,0,0.10282820358277746,1.6323471266613006,-0.04521494823547678,4.012514175386345,1000,108,0,0.0020419995139904514,0.11557240046775671,0.9993805784418044,0.3444718753481548,0.10815850815850817,true,,,,,,,full
selected,planted,2069,net,2.795929750576073e-12,b91d87247f4d060c7121a88d1073b88acf24941c72ee5a1f4581fa4d8401870d,false,t099,signal_x_ewma,1,1,0.04788926375223389,0.7602184941503447,0.09846824360488365,4.888166723867969,1000,108,0,0.016956566710721443,0.3330391412175805,0.9351795269326848,9.071649943792962e-20,0.04864024864024864,true,,,,,,,full
selected,planted,2070,gross,4.201908162355727e-16,9333c34aa55f51c4045b4af7bc47a78b92ae1a0f1ab58ff524dcce469b86a6d3,false,t087,signal_x_ewma,1,1,0.09152156079549739,1.4528597367921892,-0.16716663459083086,4.661773618672763,1000,108,0,0.0007065458870713585,0.06798240162364134,0.9978822020823168,0.7690134841136508,0.4108003108003108,true,,,,,,,full
selected,planted,2070,net,3.9716407448860364e-13,939e19fdd62cdf8f1ffd16ed682d8c104b58c2bd96d5d18b7d0e556b4c528ec1,false,t041,reversal,21,1,0.021205204966592388,0.3366221930505311,0.25960195782020234,5.021108197639876,1000,108,0,0.013315017067576707,0.29511900658217594,0.7491864543704614,1.986880668308026e-18,0.5083139083139083,false,,,,,,,full
selected,planted,2071,gross,4.645242716854005e-16,bafbb41ab8ea0d7aeb3683fb45f908f612169276def4468d74883c9ee96860d5,false,t091,signal_x_ewma,5,0,0.1633989185324065,2.5938774176019046,0.2745688006912814,5.948855515146958,1000,108,0,0.0024905891408340012,0.1276372274076903,0.9999998978432175,0.8722444555352795,0.0030303030303030303,true,,,,,,,full
selected,planted,2071,net,4.558577898018684e-13,09ebf3deb7b3827fb8d4d3baf97c0a756e160ad856b199227c222da2bac82fec,false,t091,signal_x_ewma,5,0,0.08517889059255226,1.3521729687616348,0.2756779668289694,5.757868290323279,1000,108,0,0.019340139975794476,0.35567727912436453,0.9966607459464423,3.532756450235069e-18,0.09207459207459208,true,,,,,,,full
selected,planted,2072,gross,4.509275222438825e-16,b1f6a2a70c4c0d5270e6e5af9c4454e9f63e977997ef73cb68ce98bdcc2e89e1,false,t088,signal_x_ewma,5,1,0.11233189469819872,1.783213546032773,0.32898619225248055,4.594284094798009,1000,108,0,0.0014471689699576142,0.09729397285177374,0.9998389461182977,0.6849231290527562,0.04296814296814297,true,,,,,,,full
selected,planted,2072,net,1.0780645630308898e-12,4dbcef97c22ddca98839e16b88e7e047867210915619bcaefa7dbd4c6e0a1c21,false,t094,signal_x_ewma,5,1,0.022171365669736823,0.35195951873279196,0.13523033211055244,4.1721641135456435,1000,108,0,0.01458029699758575,0.3088229035338112,0.7585622580393344,5.841342753388269e-20,0.44856254856254857,true,,,,,,,full
selected,planted,2073,gross,3.92352784078529e-16,fe482336caf9f8015f4d4a547ab1fba0433dcca9fe6f39391e544564e4aa3e1a,false,t084,signal_x_ewma,1,0,0.12921017115029915,2.0511478783427046,0.09473161129806312,3.84999138659489,1000,108,0,0.001368603897374694,0.0946161348522985,0.9999779279134431,0.8629349941945105,0.12424242424242424,true,,,,,,,full
selected,planted,2073,net,8.48070167004431e-13,08abb0d70f3d463937b60adfe4cca71441958f8e1dc2e4ebf56914b4ced3948d,false,t092,signal_x_ewma,21,0,0.03810496813819992,0.6048976164583013,-0.20131726694320287,4.984458379164893,1000,108,0,0.021569986061089667,0.3756221972425611,0.884722225738725,1.2080795228581795e-26,0.31375291375291375,true,,,,,,,full
selected,planted,2074,gross,4.042936280623542e-16,5a1f17d45dbedf53e10aed6623fa1cdd9b0425b0084f5ea2eca93d5199fd6578,false,t085,signal_x_ewma,5,0,0.16468082528457367,2.614227056423158,0.2214714718624328,4.376016644584011,1000,108,0,0.00317347309492442,0.14407669146557067,0.9999999200480392,0.7439922058275034,0.008935508935508936,true,,,,,,,full
selected,planted,2074,net,2.8730804079939045e-12,a5821ccdf6fb7aebf1658a95b22f62b7496fc09fe3fc814725c563a29fe4abdf,false,t099,signal_x_ewma,1,1,0.09757688023750577,1.5489849529078406,-0.012819367513261416,4.958085525092521,1000,108,0,0.010662661603863805,0.2640943619941638,0.9989217302345518,8.238106178834617e-08,0.05703185703185703,true,,,,,,,full
selected,planted,2075,gross,4.176760434712638e-16,7a61df4971a4ba390901b27d55c396f11c84b56625d1e26bae545291a991ec1e,false,t087,signal_x_ewma,1,1,0.1147206554998537,1.8211339481695632,0.029425532442873013,5.152170704036161,1000,108,0,0.0015665418799049092,0.10122722267672979,0.9998453989601587,0.6643300575808099,0.11686091686091686,true,,,,,,,full
selected,planted,2075,net,2.2201160540500628e-13,6efb8691b3b1bd737f9daf9ab25844cce796208819e8e9a15ecfbfab0c78bf85,false,t038,reversal,21,0,0.03580292615062404,0.5683538328177736,0.26860718345556084,5.988314460996129,1000,108,0,0.01362373620923251,0.29852068504557777,0.872060644107284,3.8034322110881814e-17,0.3125097125097125,false,,,,,,,full
selected,planted,2076,gross,3.971595756601641e-16,940931d7e29eebcb102db46cf7ae332c2262504599f0beaa7f109a51131d3fc2,false,t066,low_vol,1,0,0.12394652529086345,1.9675900907412145,0.3964857502641798,4.539809487096744,1000,108,0,0.0011667963834408569,0.08736225866224218,0.9999668400927623,0.8804889218763327,0.208003108003108,false,,,,,,,full
selected,planted,2076,net,2.9365959394455045e-12,4927ea7d8b0a3da35d9cf61a547f8dd2d5cc6df914843ca403d4f4c850974c1c,false,t079,low_vol,5,0,0.05133023266149318,0.8148421821683763,-0.044037338128790154,5.02934696919323,1000,108,0,0.01885275385041014,0.35116701433997916,0.9472140103062615,1.6348732797102214e-21,0.19090909090909092,false,,,,,,,full
selected,planted,2077,gross,4.1958058983500343e-16,2ea0e669162ae7435d1979befaa7ee38f8060563e5abc333061e8c29b1940bf7,false,t084,signal_x_ewma,1,0,0.1136998053111789,1.8049284538190418,-0.4594673061537372,6.04667519405722,1000,108,0,0.0016473829716977255,0.10380627400220889,0.999746016472812,0.6188674313547703,0.08601398601398601,true,,,,,,,full
selected,planted,2077,net,1.7900539428262167e-12,d302d22fb1a45c85b6d5491e262c2a7dfd8d2b4eca19dbd9669dae086dad1069,false,t005,momentum,21,1,0.04371361802774668,0.6939321732497251,0.07956877964245247,4.930818497618093,1000,108,0,0.014613321589016416,0.3091724499684909,0.9166310063414147,2.2888039180635612e-17,0.13480963480963482,false,,,,,,,full
selected,planted,2078,gross,4.622440307921748e-16,2671e451c36230118e4a3185b0c194815c81a2c239e4391b6809c74f62f8de60,false,t093,signal_x_ewma,1,1,0.09967434857908512,1.582281230595741,-0.017155068132575488,4.506706860836843,1000,108,0,0.0010545615171069166,0.0830543294259108,0.9991381404229737,0.6993711502861515,0.313986013986014,true,,,,,,,full
selected,planted,2078,net,2.93458419350936e-13,8135cc3652923615a38296b3414705a01e8fbb14f362a73e26120550c786b1b1,false,t094,signal_x_ewma,5,1,0.02955721477716423,0.46920623848859977,-0.07383964638494903,5.193112531040319,1000,108,0,0.01455607600757102,0.3085662864870099,0.8245305967528845,6.542675555961406e-19,0.34055944055944054,true,,,,,,,full
selected,planted,2079,gross,4.1858727759026665e-16,d6076f7c684d0a474ab2f837ad8a09769fa47c49b29bfa7a4bde43bd662144d5,false,t089,signal_x_ewma,21,1,0.14621886550091637,2.321152530608559,0.23588993539030131,4.5726793527709715,1000,108,0,0.002209669545700984,0.12022367010016359,0.9999983998387334,0.796172639279991,0.043045843045843045,true,,,,,,,full
selected,planted,2079,net,3.8556135058467084e-12,7af4cecee4c247747d6b00cef2277e40a42b2c3c8d589577292d354957dda84b,false,t089,signal_x_ewma,21,1,0.10737963146695628,1.704598804411993,0.17016419899268997,4.369653010448943,1000,108,0,0.019629655184212984,0.35832957296061624,0.9996734685814096,8.199433427632852e-16,0.011732711732711733,true,,,,,,,full
selected,planted,2080,gross,3.75036246744032e-16,dbe6f114795539747bf27a0cbd73e66246e4d3719706f546293429f4c70c3b7a,false,t103,signal_x_ewma,5,0,0.07522635634493663,1.194181385557369,-0.05484507034071026,6.25993149160215,1000,108,0,0.001065055599490412,0.08346654880970672,0.9909616442575653,0.3978353463231246,0.7192696192696193,true,,,,,,,full
selected,planted,2080,net,1.376109963661608e-13,894cbd1b3e6a16b2341682ed9f37de694d7604e544a45b2ece21ed89066c11f3,false,t103,signal_x_ewma,5,0,0.04703650845782975,0.7466814235212227,-0.06667400066545875,6.274017919030898,1000,108,0,0.015429422830991425,0.31768825336414563,0.9308566995044374,7.399745072562166e-18,0.21763791763791765,true,,,,,,,full
selected,planted,2081,gross,4.314360077907166e-16,e0cdc27e236668336910091285ceb3c68ac692e2c5e654bffc338c8638164339,false,t096,signal_x_ewma,1,0,0.07999619647080593,1.2699002501568921,0.3831044374459319,4.601186679642631,1000,108,0,0.0010359918643261536,0.08231983457647844,0.9947738729809908,0.4703562416894314,0.4536907536907537,true,,,,,,,full
selected,planted,2081,net,3.106540639981203e-13,89e59fb551ab6f8e3cc31556be56ca4caeff6128d9efc371ce63b25f84c9f705,false,t080,low_vol,21,0,0.05294781152340725,0.8405204505363335,-0.03275519042165706,4.528196904397715,1000,108,0,0.012473002945170232,0.28563526756675245,0.952541322519175,1.0750030688390811e-13,0.17894327894327894,false,,,,,,,full
selected,planted,2082,gross,4.525616071123436e-16,5bbae16c575208ad44ac5a4e5a0f4354d3e079f6ca894bceb71557c41e330b02,false,t003,momentum,1,1,0.09133442985304249,1.4498891251741444,0.16433597619586535,5.67293285090846,1000,108,0,0.0013314146591357323,0.09332177353108385,0.9981007754140976,0.4748912624306781,0.3278943278943279,false,,,,,,,full
selected,planted,2082,net,3.4779948866384783e-12,9342a8adcb659118ff1c966f03e45b089929c7a76987f43db30169f4bf6cf1f9,false,t050,reversal,21,0,0.021809324374820863,0.3462122913486914,0.06787214007475334,4.544336828230339,1000,108,0,0.015326826347402036,0.31663027274175104,0.7548059517186486,5.637183139228223e-21,0.3222999222999223,false,,,,,,,full
selected,planted,2083,gross,4.0811786588174307e-16,35411b826b71c49d6e2a3406439003c6b7995cba573e53f6ed1f55114869b89e,false,t085,signal_x_ewma,5,0,0.05956337872886852,0.9455393241800438,0.007693317211191098,4.880499504937135,1000,108,0,0.001028216884898844,0.08201035319256715,0.9699333670641465,0.23934080276262104,0.41647241647241645,true,,,,,,,full
selected,planted,2083,net,4.2294385845764566e-13,19137304bb177d022a3fa3048ac40bfd638c609f63a857af371c46d5733e9b8f,false,t062,reversal,21,0,0.011474954064254996,0.18215924855945165,0.020569661093220244,5.906295964622098,1000,108,0,0.01316463628901492,0.2934477264482757,0.6415862264646366,2.491699796803881e-19,0.21445221445221446,false,,,,,,,full
selected,planted,2084,gross,4.3697276361947337e-16,17bd543eccab5170cd2ba970c9d509b05fd2ce071824c52aa9a79e4300808edf,false,t084,signal_x_ewma,1,0,0.14717600062361608,2.3363465796430516,0.6018480365928941,5.353688264109665,1000,108,0,0.0022519949472379367,0.1213696284586509,0.9999992482375448,0.8005359696277576,0.011421911421911422,true,,,,,,,full
selected,planted,2084,net,1.3484042486580208e-12,74967af4945db741d701443634117cad62418f1564557573a9af496a6807eb70,false,t099,signal_x_ewma,1,1,0.06129648480156819,0.9730515301643988,0.23263379253619734,4.158829890474126,1000,108,0,0.014580646534604114,0.30882660525504435,0.9743181238184986,1.7985119149788973e-15,0.049805749805749804,true,,,,,,,full
selected,planted,2085,gross,4.875299657807781e-16,d92942f36ccaa732560153488dd89c84bb86e435612f840ee67cb89e343067dd,false,t093,signal_x_ewma,1,1,0.13886790670035737,2.2044596773035945,-0.11303043998083417,5.339168435989688,1000,108,0,0.0018596341128288242,0.11029099853585769,0.9999918732685927,0.8124965410303867,0.05804195804195804,true,,,,,,,full
selected,planted,2085,net,1.741770636483032e-13,7e02764519742fbf42fd6599b55580295519125266653009b1dbab1e170cfc97,false,t099,signal_x_ewma,1,1,0.07914714768073222,1.2564220184599204,-0.4252994318938071,5.418650093804309,1000,108,0,0.019555310911520383,0.3576503704327246,0.9929034039690987,3.086737201204296e-18,0.07863247863247863,true,,,,,,,full
selected,planted,2086,gross,4.2377625253375126e-16,cf6cca88de1b1989f27ea73bded60d72202c8637db9b3ba3d05755cc9840db75,false,t087,signal_x_ewma,1,1,0.0936982225522548,1.4874131709722995,-0.23971825768256116,6.819075500992608,1000,108,0,0.0010174142216120006,0.08157840663946907,0.9981968057396837,0.6467256879532097,0.14615384615384616,true,,,,,,,full
selected,planted,2086,net,4.8146037737824e-12,53352b6983eabf98722b268530c6f401b52e7d3c34121cdebfca67ec9a9129c8,false,t089,signal_x_ewma,21,1,0.04202158852409963,0.6670720375839201,0.049692698439375946,6.3543285730537065,1000,108,0,0.02473343469971627,0.40222451048564284,0.9079095901586332,2.5308123151044774e-30,0.09261849261849261,true,,,,,,,full
selected,planted,2087,gross,3.7541298239093e-16,13c0402dbc02c0230a1a7afc28921a34305ded04b3b65c5515e7b72fe4d2ba19,false,t088,signal_x_ewma,5,1,0.10933638599397479,1.7356613195437376,0.6947042064288326,11.140961941375448,1000,108,0,0.0017349996494667981,0.10653100209451412,0.9997980139429089,0.5361605534778452,0.21724941724941724,true,,,,,,,full
selected,planted,2087,net,1.6427739025199874e-13,3fb595e009a3ef6f8e174a354bb7b0d2d90f78a360fabc381ce1a16cdcffeed9,false,t099,signal_x_ewma,1,1,0.044651493781099796,0.7088204892740232,0.7298071654108467,12.094655401074979,1000,108,0,0.013555006621068936,0.2977667382055344,0.9237543866126405,2.5168343124423624e-16,0.14382284382284383,true,,,,,,,full
selected,planted,2088,gross,4.1123895938409753e-16,7661fcd64f80c23206446a6266055f1bb59e2cbee9bf3aa14b0edf3d50bbb60d,false,t087,signal_x_ewma,1,1,0.08832935859144067,1.4021850977927912,0.03868716019405938,5.213738821236032,1000,108,0,0.0010960196253805782,0.08467115459332573,0.9973248007036873,0.5459153953119024,0.3401709401709402,true,,,,,,,full
selected,planted,2088,net,1.4403819241818643e-12,62613f4abc85d4520ea952568b069dc6329b393a0c9611ea9157267022117c10,false,t005,momentum,21,1,0.03996672877992172,0.6344521504106447,0.2805234436334479,5.970416732863156,1000,108,0,0.013893407591694005,0.3014607012060735,0.897796448297559,5.0575941316477165e-17,0.3163170163170163,false,,,,,,,full
selected,planted,2089,gross,3.975704660321148e-16,cad7bd818d19dfb5c88091b38bc27df86f07f6ea55026ab603798e7308b58f9a,false,t030,momentum,1,0,0.07144386525424265,1.1341362009836067,0.16018069043802186,4.658336940120026,1000,108,0,0.0015451249738860679,0.10053287965586176,0.9882685745811833,0.1781218969067883,0.34933954933954936,false,,,,,,,full
selected,planted,2089,net,4.954876309535471e-13,7d269dd038aaf36f612b8279480f47c1dd2f9aa2c5abd1eabef48a91e27024ba,false,t031,momentum,5,0,0.04830713267628629,0.7668519576723335,0.15809192781419792,4.79518276305758,1000,108,0,0.01525068656065689,0.31584282411065284,0.9371151211908718,1.1355731278180146e-17,0.19044289044289045,false,,,,,,,full
selected,planted,2090,gross,4.468639866532352e-16,ebb5fa4a95a05f88bdf731564b43e9f750d3a5d58d66b566386a3efaf825865e,false,t087,signal_x_ewma,1,1,0.10579732383374275,1.6794804494414999,0.09249069811949363,6.027123324912326,1000,108,0,0.0016919310343773422,0.10520046146575515,0.9995762486118952,0.5075095432785384,0.30116550116550117,true,,,,,,,full
selected,planted,2090,net,4.567172889013491e-13,4dbb59080cb1c0e83b4bbd57abb9ff395db57a2320e3665862e6f0f576d7f663,false,t099,signal_x_ewma,1,1,0.04195666570252601,0.6660414197421416,-0.06091686764559481,4.882056118353845,1000,108,0,0.0156155470520317,0.3195986367907986,0.9071328838368511,1.0046428339192185e-18,0.2184926184926185,true,,,,,,,full
selected,planted,2091,gross,4.2234038224979073e-16,38abb27974a4f0fba2f8c299f5e7ff265fa18c78891af856f8bdca7568e5104b,false,t090,signal_x_ewma,1,0,0.12438652403715435,1.97457485430041,0.5119642785424611,7.977579429693489,1000,108,0,0.001702437172693435,0.10552657999679,0.9999690770547808,0.7281913933309958,0.14965034965034965,true,,,,,,,full
selected,planted,2091,net,1.0334419660319447e-12,2c4ecebfecaf44dff7b85963c10b81921c640f8f80e480cb2d763df3b63a0742,false,t099,signal_x_ewma,1,1,0.050316520452999405,0.7987499997403888,0.3565077222095305,6.416622120188633,1000,108,0,0.010969389025172228,0.2678659651651151,0.9454241069415329,2.1567198249392733e-12,0.26557886557886556,true,,,,,,,full
selected,planted,2092,gross,4.702602057419701e-16,a9ff97679e33fbb46025ceeb20e8155ac398deeebafc952d31c758371a8b0ff8,false,t093,signal_x_ewma,1,1,0.1082762766427784,1.7188326053089398,-0.05488648399979636,5.605850859682158,1000,108,0,0.0019033064542342507,0.11157854060556473,0.9996498897822625,0.45883289679581213,0.18764568764568765,true,,,,,,,full
selected,planted,2092,net,1.234389497125568e-13,554f27773a64889c4b0d09d8e2f8865a6ebed5edd4f16c110c69671daeb9c9e1,false,t099,signal_x_ewma,1,1,0.04633997668214649,0.7356243243689499,0.12318448257214426,5.8065454174615505,1000,108,0,0.011830889397430074,0.2781858359302471,0.9288067979336017,1.0725200412408116e-13,0.1278943278943279,true,,,,,,,full
selected,planted,2093,gross,4.755217714700523e-16,099f7db72edfbacaad81851a3c46916ccb95f8238e705fe96d44197b3c12c3de,false,t093,signal_x_ewma,1,1,0.14549822852052724,2.3097127731945624,0.042508337012633395,3.4325454425194546,1000,108,0,0.0020750140931370567,0.11650292842120101,0.9999977131971518,0.8194848042904093,0.05104895104895105,true,,,,,,,full
selected,planted,2093,net,1.9059349059859792e-13,265c8ca66779c0f2d3abc3322bd39e3ac9f3861919fe6cc4237eea9bc0442559,false,t099,signal_x_ewma,1,1,0.09358781237449831,1.485660463736975,-0.16373492938428685,3.653128591774719,1000,108,0,0.009488567535300588,0.2491303528429336,0.9982901697352636,5.720274744408092e-07,0.12991452991452992,true,,,,,,,full
selected,planted,2094,gross,4.246179577490106e-16,eb43793013dfc0e6f5059cf4dd1fef3e911f4e4948257ccbaab5283a5bf005c9,false,t102,signal_x_ewma,1,0,0.07181987737579718,1.1401052083650811,0.04125592960294347,4.991285592702677,1000,108,0,0.0008350823097825987,0.0739079163283135,0.9883211708276168,0.47371891948032924,0.7644910644910645,true,,,,,,,full
selected,planted,2094,net,5.079272059861359e-13,52d75839215d1ca8bfde3e49ca41f6a108133e19798987b5da70316e645bd1de,false,t105,signal_x_ewma,1,1,0.04418106253594601,0.7013526247722349,-0.10582274416854187,4.76933305244738,1000,108,0,0.011555486778891259,0.2749289282580294,0.9180240428088371,1.8028018404152474e-13,0.39704739704739705,true,,,,,,,full
selected,planted,2095,gross,4.547360447280298e-16,de9c958e2a1c840b498491b3eaed3680c997753ad31a2c9cc8669c9523ea20c4,false,t088,signal_x_ewma,5,1,0.13190959265521965,2.0939998662572608,0.05891356070731176,4.433955036231165,1000,108,0,0.00239568796425341,0.1251818720811268,0.9999836930017187,0.5839015905878473,0.0780885780885781,true,,,,,,,full
selected,planted,2095,net,1.479749542986633e-12,05d158997341396560470ac22b5c157c658725342c93c9ee38724106cce4cd94,false,t088,signal_x_ewma,5,1,0.06424249339363602,1.019817966733625,0.05318888298122942,4.328774432057612,1000,108,0,0.011703945416939223,0.2766893610437217,0.9788467320752747,9.42002993540939e-12,0.1522921522921523,true,,,,,,,full
selected,planted,2096,gross,4.195621134528725e-16,fcf8536709e61ef5ee0a8cc46e5b4942435ca1b8dc2dd53b6027f1e370c4ee1a,false,t087,signal_x_ewma,1,1,0.12242932187659658,1.943505233206525,0.3421203312241119,6.243240942216147,1000,108,0,0.001771456572177311,0.10764443226296083,0.9999544926976603,0.6817470261225329,0.1871017871017871,true,,,,,,,full
selected,planted,2096,net,4.835879092661668e-13,10d7070935aae7c97a0b25e6c15be8a284c0ee2f1bb1c9818c70a59b71b38f09,false,t105,signal_x_ewma,1,1,0.06717741630547425,1.066408423584842,-0.11062807833571313,4.4837592955074355,1000,108,0,0.015580686305725214,0.31924169533819174,0.9826273087531533,1.167594479040686e-15,0.3167055167055167,true,,,,,,,full
selected,planted,2097,gross,4.692438962235587e-16,b2f630157516131b10a9cb7084be3e0a9032a2f12ea81e428d2bed1062114d76,false,t072,low_vol,1,0,0.06642699883349386,1.0544959155228144,-0.24786913308980563,3.9175361251556424,1000,108,0,0.0010596732583491185,0.08325537933993625,0.9812001584707881,0.29918874428438247,0.5794094794094794,false,,,,,,,full
selected,planted,2097,net,6.132256251216716e-13,3f97c509ea9d9a776d7ff94edd19c83b82b61d32c6f4a00b7a124b3a01c2506e,false,t083,low_vol,21,1,0.05419279754215495,0.8602839908844863,-0.1559959816824857,3.5501653833422884,1000,108,0,0.016137710852179087,0.32489818217088584,0.955818219400596,8.52309161615962e-18,0.09805749805749805,false,,,,,,,full
selected,planted,2098,gross,4.094371866942792e-16,d1377f5ebdcb2b902475ffa650b48b0f063bc8a49d176984dab39ecd3916d03c,false,t023,momentum,21,1,0.09576894892611665,1.5202849330833057,0.1334684972418148,4.824267186898818,1000,108,0,0.0010921181775727933,0.08452032034679588,0.9987895546575739,0.6391735391303883,0.3961149961149961,false,,,,,,,full
selected,planted,2098,net,6.635811501567728e-13,a73419cc1561dcbf000c05a1c2a6aa1a793b6ee9fae13fec4f9b06dade232bd1,false,t023,momentum,21,1,0.0778643483294506,1.2360582100670034,0.12172199014389286,4.816558068845835,1000,108,0,0.016547772604506083,0.32900014452587023,0.9931610372393416,9.15128378579655e-16,0.0836052836052836,false,,,,,,,full
selected,planted,2099,gross,4.734140328533524e-16,ed555bc161e11fc5f467727f9602729fff4f10035e9513650ab8a3276181bee1,false,t096,signal_x_ewma,1,0,0.11279640045447557,1.7905873463147721,0.17835171683956447,5.915527532124277,1000,108,0,0.0014983808707906435,0.09900050878930694,0.9998236561871896,0.6689540305623572,0.14731934731934732,true,,,,,,,full
selected,planted,2099,net,3.2980276728558474e-12,1add0022227252c0b598bd887fa369e6fd266ee03acc3ff56dbcd3c17a157898,false,t100,signal_x_ewma,5,1,0.048686468721177455,0.7728737307009627,0.1492418815219373,4.527383776274613,1000,108,0,0.033531205566500084,0.46832883774497486,0.938563884402006,1.187466338643757e-40,0.08842268842268843,true,,,,,,,full
selected,planted,2100,gross,3.8503343258679885e-16,d25deffa240d241f2d868cebc80711f6333087795e70eb7bfe170e8ec26fbdc1,false,t087,signal_x_ewma,1,1,0.1410982013190035,2.2398645067716543,0.2961189780219472,4.814971369583326,1000,108,0,0.002386665932008116,0.12494593563607526,0.9999967799176175,0.697227792369673,0.008702408702408702,true,,,,,,,full
selected,planted,2100,net,1.606760956902267e-13,9674108ff868e813b89489300e0befdafac0022a829130a5e574403b4bf579c5,false,t099,signal_x_ewma,1,1,0.08093681665068125,1.284832132601606,0.4476887507927359,5.589262444338463,1000,108,0,0.015548555176293322,0.3189123488029884,0.9952802298082323,1.1550392940461588e-14,0.011421911421911422,true,,,,,,,full
selected,planted,2101,gross,4.036189321110952e-16,51ecf2e524e05f91f7ff287aaf2a802f35eb02748105ef5ed1f91279df6e5856,false,t087,signal_x_ewma,1,1,0.10859890340204843,1.7239541463368788,0.41766725997588056,7.06737639331165,1000,108,0,0.0017667279796112717,0.1075006672956783,0.9997498714567413,0.5140393539496328,0.07754467754467755,true,,,,,,,full
selected,planted,2101,net,4.5399793812870826e-13,1170515f902159d838a18b7102f848541db7f0eaa3e39fdfd8022311165443a5,false,t074,low_vol,21,0,0.007026019601299366,0.11153460343021986,0.4640853403893452,8.905516566180806,1000,108,0,0.012489602005518718,0.28582526594532415,0.5880077665591019,5.425911905847992e-19,0.2721056721056721,false,,,,,,,full
selected,planted,2102,gross,4.167668861460703e-16,ca657de94b518064ae32644eaba1b14c4d41d10024ffd91a2aeb797bf6b3c09d,false,t088,signal_x_ewma,5,1,0.12962763850509246,2.057774967150331,0.3763959718516881,4.8733460481011495,1000,108,0,0.0019413859552756083,0.11268919027936215,0.9999844613767765,0.7068812018845377,0.044055944055944055,true,,,,,,,full
selected,planted,2102,net,1.0382290522688861e-12,3c224ee1d338b80851a60d513e7c46b1aba27518109a7d9fb39412e16fd8d0a9,false,t099,signal_x_ewma,1,1,0.03891782995691823,0.6178013977938314,0.43736308849015115,5.355168250905079,1000,108,0,0.02270853195288149,0.3854081073669102,0.8924455622869552,1.2715305160874336e-28,0.11647241647241648,true,,,,,,,full
selected,planted,2103,gross,3.926928253556088e-16,2dbd893e34b699d6bd014b7ed1fcc27693aa93424e3f3a100e98c4a54c33dfb9,false,t087,signal_x_ewma,1,1,0.09583724565158198,1.5213691099889537,0.13316627855067162,3.8262562971453407,1000,108,0,0.0006860636510632462,0.06698977539555664,0.9988118725354329,0.8198133609201015,0.4201243201243201,true,,,,,,,full
selected,planted,2103,net,1.4652110015868094e-12,23184cef3387e824ed18a12cf6cdfffd3895ec6ffee6213094a2bb920741bde4,false,t105,signal_x_ewma,1,1,0.05253206390492508,0.8339206616963064,0.011653766126762988,4.270440928473278,1000,108,0,0.016755147385774733,0.33105522204141663,0.9514436835225248,7.086273086883451e-19,0.2517482517482518,true,,,,,,,full
selected,planted,2104,gross,4.3772855219248055e-16,4bf57cee96e291f61fa1186d885c8d33d4aa70a2a5fabc985b669d15eac0431b,false,t084,signal_x_ewma,1,0,0.13140054134099174,2.0859189271651553,0.11146884606812803,3.9772429297203153,1000,108,0,0.0018894029146674708,0.11117025634022928,0.9999838706551987,0.7389113328098947,0.009557109557109558,true,,,,,,,full
selected,planted,2104,net,1.3148849559570898e-12,17e660c4d03ac5421e1e045ba7a17c8670f016803dc8ae433a0406f8d3d3781f,false,t105,signal_x_ewma,1,1,0.09179568506699678,1.4572113246964742,0.2682941071324678,4.221318312057339,1000,108,0,0.015369356592480215,0.31706927537074914,0.9982921514861001,3.370297296158298e-13,0.013830613830613831,true,,,,,,,full
selected,planted,2105,gross,4.1322430082016064e-16,1260f29e8958dec9fe24994b37fd1aed0fb8a7de15709f10db1e22015e22a593,false,t087,signal_x_ewma,1,1,0.11877356157955478,1.8854718376135078,0.9238008630222575,10.63679012370197,1000,108,0,0.0023119168775673385,0.1229737521398917,0.9999528584145553,0.4450857081600975,0.1411810411810412,true,,,,,,,full
selected,planted,2105,net,3.866139288436735e-13,cb164e8d3dd9a3c6956bc6419ba62bfb74d5e69bff8cf33f696a0b6936fe97d6,false,t101,signal_x_ewma,21,1,0.0826798576613537,1.3125020508369618,-0.20135434218994527,6.406605979628147,1000,108,0,0.016121163233540636,0.32473156404938486,0.9950610744347322,2.120631185466034e-14,0.1805749805749806,true,,,,,,,full
selected,planted,2106,gross,4.522642605555936e-16,45efab09561c5aa05d6482aa521d7dba8cb1610bc171053c988ee4a1f76d7b25,false,t093,signal_x_ewma,1,1,0.11411236972887455,1.811477710913143,0.023462402269266908,5.421773147267834,1000,108,0,0.0015927395958284015,0.10207013871976357,0.9998319757803671,0.6474361706235494,0.10714840714840715,true,,,,,,,full
selected,planted,2106,net,4.418916681901484e-13,bfa70b01f38ffd911cd1a4a140d4c2d31d73ecab8ade20e8d797088293e900c3,false,t099,signal_x_ewma,1,1,0.053854840817288904,0.8549190941971018,-0.2326196289780489,6.42529174368404,1000,108,0,0.02669769835381435,0.41789120162138826,0.9543277981594956,1.8101557688150062e-30,0.18803418803418803,true,,,,,,,full
selected,planted,2107,gross,4.1809303256099113e-16,5e88c81239c329ecd7e1aba48c29dad8f31a16c71c221c9bd88f8e90b913c9a5,false,t091,signal_x_ewma,5,0,0.096143411900451,1.5262293485150473,-0.3004091190231161,5.521101841206583,1000,108,0,0.0014047103069915092,0.09585608803517551,0.9985622817178258,0.5035537102052012,0.14957264957264957,true,,,,,,,full
selected,planted,2107,net,1.4820919272899048e-13,8b2455f88787da0b6d87f331a02f854dc295a28e0552f1df33be3182572ae365,false,t097,signal_x_ewma,5,0,0.03804743608947339,0.6039843234982227,-0.231717081376561,5.692860640928899,1000,108,0,0.015245278574049576,0.3157868192479795,0.884208495250589,1.2432372550360289e-18,0.16767676767676767,true,,,,,,,full
selected,planted,2108,gross,4.172053184365543e-16,21d2fc5c353796c12d316c53497c8b2f4fa0516d37a0c515a4dae0ba62e3d972,false,t096,signal_x_ewma,1,0,0.0920821782459837,1.4617592629199683,-0.0819028506627277,6.898415064906076,1000,108,0,0.001025763855524126,0.08191246823395616,0.9980223137471459,0.6248560154807848,0.40994560994560997,true,,,,,,,full
selected,planted,2108,net,4.232170368044469e-13,fa250f5c207b5703aeb0e89ccff4cebc955b276ebd4380711ae877fec270d1af,false,t106,signal_x_ewma,5,1,0.04464143236959856,0.7086607693179999,-0.2842403507924722,5.634821858599182,1000,108,0,0.009120234615503035,0.24424704709223582,0.9193206641143132,1.8986269595524437e-10,0.2038073038073038,true,,,,,,,full
selected,planted,2109,gross,4.089970539166978e-16,4f849473c71ea3bf6eb1238d9b49f9bdc51153d59dbee75d9a5751780b14b184,false,t041,reversal,21,1,0.08412136816760468,1.3353853207079234,0.04624144981829693,5.400958457217778,1000,108,0,0.0015378395220326105,0.10029558724282808,0.9960187608403113,0.3049469188226067,0.1547785547785548,false,,,,,,,full
selected,planted,2109,net,3.5435730295638104e-13,de874e411f30443ac88856116ae8c57c386492b6cb05194b06fe0c20b7b2480a,false,t041,reversal,21,1,0.053589410964653604,0.8507055259134686,0.0067895154259804465,5.702320687479492,1000,108,0,0.01108894357765835,0.2693217349165458,0.9546057674513504,4.9346193017692895e-12,0.060372960372960374,false,,,,,,,full
selected,planted,2110,gross,3.797697006149816e-16,1e7bbfe9714fed15aaf787d5d1a9ad31a0517e972061517752584911ce044287,false,t097,signal_x_ewma,5,0,0.10872963630843949,1.7260294668877794,-0.068302445919613,4.6850856593729855,1000,108,0,0.0022510332109412644,0.12134370965230436,0.999669861807105,0.34638810986457547,0.04094794094794095,true,,,,,,,full
selected,planted,2110,net,4.987801390410238e-13,b4e6e996adf6ac25d2d9e4b0c18f9d78b215ce99496d6e022d5df03ddafd4473,false,t105,signal_x_ewma,1,1,0.08509162385584182,1.350787652263251,0.00468147666990695,4.372544035126461,1000,108,0,0.008977347576232045,0.24232618024296837,0.9963391492095149,3.605607522407592e-07,0.016472416472416474,true,,,,,,,full
selected,planted,2111,gross,4.842190446415602e-16,d7b9d4ecb846fe8131bf8addf38e64b30a384ffd928263dfdf50a7c006886de4,false,t088,signal_x_ewma,5,1,0.11657447784742896,1.8505624656090316,0.02895467098061306,5.5438341234759445,1000,108,0,0.001419406085440931,0.0963561963658133,0.9998751379360448,0.7373571912172665,0.055633255633255635,true,,,,,,,full
selected,planted,2111,net,1.063631784929872e-13,bb6855380eacbac6e0fd5886710b40ae7da9b999a3e6b8babd56bab1b125936d,false,t094,signal_x_ewma,5,1,0.05333844777424498,0.8467216087731531,0.007981097023712275,5.466546306675886,1000,108,0,0.010392191627964516,0.2607233272336908,0.9538658605976807,2.958730616480748e-11,0.0871017871017871,true,,,,,,,full
selected,planted,2112,gross,4.1982477446666915e-16,79ea01f2e2552473d02983e33fa9c652401dab191b90887b4d1c339541424423,false,t087,signal_x_ewma,1,1,0.1497178065901227,2.376696498453192,0.08188734915143339,4.069913073436743,1000,108,0,0.002277948063697664,0.12206698719666527,0.9999988235089263,0.8083429469213615,0.05874125874125874,true,,,,,,,full
selected,planted,2112,net,9.274350559836437e-13,362de094dfd2b7c326dca115ec048bf4c0f8932835b3d2fdf5f7df18e32f07df,false,t105,signal_x_ewma,1,1,0.04986720842471784,0.7916173924129706,-0.06994078724159292,4.33603672087858,1000,108,0,0.023906938869989784,0.3954470154175634,0.9419999137126858,6.259265087401005e-28,0.038616938616938615,true,,,,,,,full
selected,planted,2113,gross,4.725060041043197e-16,61c0d5f5761594ac84206ca614481ad1c1e3ff3d059221f8f22315b9977d5670,false,t087,signal_x_ewma,1,1,0.08813133237105983,1.3990415289996045,0.13112338681748986,5.00241569657258,1000,108,0,0.0013306794303017712,0.09329600307213402,0.9973715025332098,0.4350429813861587,0.16231546231546232,true,,,,,,,full
selected,planted,2113,net,4.645907666114414e-13,1dd561ca4b2799967b968be3cc5ea8a4e2c93fd3ebd9559aa97451589692d420,false,t032,momentum,21,0,0.03013163061302762,0.4783248071935907,0.12542627633105777,5.267585430255354,1000,108,0,0.0091060901484586,0.2440575736316007,0.82988489718569,6.391615519290519e-12,0.2261072261072261,false,,,,,,,full
selected,planted,2114,gross,4.123261637223747e-16,0679b4c9e8ca77232af8533cb375ed40c76c9e446dbf00beb7a351d809d7f384,false,t099,signal_x_ewma,1,1,0.14934253390340627,2.370739229235871,0.25284437788191083,5.307983472779259,1000,108,0,0.0024882055675144983,0.12757613633694995,0.9999989980463929,0.7557652963913233,0.0209013209013209,true,,,,,,,full
selected,planted,2114,net,1.2996162400220138e-12,205bcdbbd2836a7ad5723766a1efc605b7bad4723f63d4ead08ed02fe2413795,false,t099,signal_x_ewma,1,1,0.10627142681994231,1.6870066010254026,0.23489236923199378,5.2696491145529905,1000,108,0,0.02091263698807387,0.36985433724369116,0.9996386328359639,2.5288142338111304e-17,0.04024864024864025,true,,,,,,,full
selected,planted,2115,gross,4.337312312364666e-16,e72d36f0876e9e4e8daee230f532d4638587ca188f849fba7bb300af4515003c,false,t087,signal_x_ewma,1,1,0.13421737604058429,2.13063479176215,0.4408653728964778,4.756674238082747,1000,108,0,0.002500988583152426,0.12790342411905573,0.9999927044040567,0.5807917840711285,0.1034965034965035,true,,,,,,,full
selected,planted,2115,net,1.6699903424704413e-13,d3da29b99ad6808796d4c2319cb9508d15eb4281f38236689031d3422416c9af,false,t073,low_vol,5,0,0.05677981635304045,0.9013516413483807,0.36341640675457076,4.792133213676229,1000,108,0,0.020856390901658403,0.36935662704159206,0.9649002958626274,1.0563792559431007e-23,0.17373737373737375,false,,,,,,,full
selected,planted,2116,gross,4.238568710482669e-16,9910b4bf6b48fedb0beccc01330e6478b4726fba76357e6f49f8ca034bde1975,false,t087,signal_x_ewma,1,1,0.14706132663264695,2.3345261864713422,0.24374082286715645,4.849400093966708,1000,108,0,0.0028460430842834877,0.13644167796061502,0.9999985898870689,0.6323961813274708,0.10411810411810411,true,,,,,,,full
selected,planted,2116,net,6.642026627427938e-13,2e266c68c233846407a47fdb8701d07f4944ae5b6370a7942217ad643a5e11d5,false,t092,signal_x_ewma,21,0,0.08113519394825053,1.287981274572382,0.033269857856629705,4.35014550355562,1000,108,0,0.018181631419688125,0.34485993444348534,0.9947789722128634,4.2581453053179204e-17,0.1567210567210567,true,,,,,,,full
selected,planted,2117,gross,3.705333977411957e-16,e91316981174d58e66962a7ea8a45ef8a5a8cb58fd7e256bf00c65a463c330bb,false,t038,reversal,21,0,0.07082579663212876,1.1243246657798924,0.13407044500536916,4.823895917706203,1000,108,0,0.0007513350188735689,0.07010405384026798,0.9875795436665518,0.5091213781942207,0.3351204351204351,false,,,,,,,full
selected,planted,2117,net,2.320046777116985e-13,91c9dfcb2d8e3a31f519d3d7cff8969e609bcc2967318e332a3c750194aa3984,false,t038,reversal,21,0,0.032545223772918325,0.5166394107965349,0.05377669921006726,5.053836925132372,1000,108,0,0.014706142551754921,0.31015279717834704,0.8482610702758107,8.372128981127924e-19,0.18438228438228438,false,,,,,,,full
selected,planted,2118,gross,3.9754467282432265e-16,8244ce411ba0985dc8605cb18e77ea3090b2966aa6a35c37673128b1e1ce4177,false,t088,signal_x_ewma,5,1,0.09081388003028552,1.4416256529179423,-0.7057736457917876,9.589955199635524,1000,108,0,0.0009689023167739977,0.07960975983751262,0.9971072017316542,0.6332508237569414,0.34211344211344213,true,,,,,,,full
selected,planted,2118,net,3.9593606177682834e-13,696eac66f2fa19f6f87543acca72b56b5e64640948a0360cb900b92ae8342a8e,false,t016,momentum,5,1,0.027943999488014827,0.4435972396908209,0.3234340024464119,6.924718917810317,1000,108,0,0.009457430265022446,0.24872124928120193,0.8123868244331982,1.2282406883612574e-12,0.5744366744366745,false,,,,,,,full
selected,planted,2119,gross,4.049649636136179e-16,16f767c86f18c756d9400fe7e36dc695c595ade3a125d79f7b3983f652d7b7fd,false,t084,signal_x_ewma,1,0,0.09534809385949432,1.5136040660176004,0.2020432844608628,4.477675398848058,1000,108,0,0.0017929374179891631,0.10829511879358089,0.9987809865847977,0.34033078528372285,0.3463092463092463,true,,,,,,,full
selected,planted,2119,net,2.06359256218964e-12,b832817a989806059d1de98a9aa632ad6c7dc3642d98ad0997b81fe55f78f1a9,false,t083,low_vol,21,1,0.060432649508014934,0.9593385700016244,0.050572744022039574,5.1876373935071465,1000,108,0,0.020248370132688147,0.3639329284307306,0.9718921756328763,4.445246133860725e-22,0.09106449106449106,false,,,,,,,full
selected,planted,2120,gross,4.3566426306458177e-16,3d84e18168ace61c85c06484adcc7d12e0f6dbd3946e6d3f01f75e88b7ca150b,false,t084,signal_x_ewma,1,0,0.09147919806990512,1.452187249371533,0.10242332586364328,5.043769928285626,1000,108,0,0.0017844043124273072,0.1080371076096838,0.9980902421150779,0.30028417108082417,0.2772338772338772,true,,,,,,,full
selected,planted,2120,net,8.468577937671266e-14,73e1a0013faacaa90a62cbce4b2ba310711a96b6cd00552dbc391b4d80063a8d,false,t104,signal_x_ewma,21,0,0.05623136553100304,0.8926452544596212,0.2207857332582502,4.817290496207563,1000,108,0,0.011897060451734586,0.2789627083210654,0.9629271351031489,7.571436766878044e-13,0.17373737373737375,true,,,,,,,full
selected,planted,2121,gross,4.465488899406261e-16,58abc83f34069cdcc442a7613cc0d6bc939a831858ee05b3ac7d96b3578036f7,false,t093,signal_x_ewma,1,1,0.15909075023003538,2.5254873659961925,0.18934455061178382,4.128963235314713,1000,108,0,0.0035870888040624303,0.15317834778255002,0.9999997842805828,0.5745010385107179,0.0018648018648018648,true,,,,,,,full
selected,planted,2121,net,3.77768768860673e-13,d1074540873104599114df1872ec39f0d87143c42e96a3d3ec221ff258c7e6cb,false,t099,signal_x_ewma,1,1,0.10903710233223153,1.730910338701113,0.26080995843031046,4.1450899188519195,1000,108,0,0.016662030949767332,0.3301340235941308,0.999749017026232,8.575940768140162e-13,0.0037296037296037296,true,,,,,,,full
selected,planted,2122,gross,3.9139911100991124e-16,0f77b45c7aca20d60aae1bf323d48a5d32cdea3b6e15bb890efa2ccfa8083b5e,false,t093,signal_x_ewma,1,1,0.14214710648718182,2.256515360114996,0.3053575642480129,4.96757190036463,1000,108,0,0.0030633483234739347,0.14155476968914646,0.9999972696305959,0.5075573426862944,0.003341103341103341,true,,,,,,,full
selected,planted,2122,net,1.0640258371919838e-12,73b1f4a7951d50242cef569e754ae15a4844c90d56190ab2d92c7a77c214a198,false,t105,signal_x_ewma,1,1,0.09298265043848127,1.4760538158232341,0.42101229314997723,5.726942591976659,1000,108,0,0.021298151537929133,0.37324781407267765,0.9985698000665538,1.2438907727146131e-19,0.0331002331002331,true,,,,,,,full
selected,planted,2123,gross,3.894851608477645e-16,0d0536abf6e0a5a479943c36492efdca6889568486df7f1c339dc9a87d615a10,false,t093,signal_x_ewma,1,1,0.1542058106873539,2.447941354799068,0.17404371871635385,4.502264241004101,1000,108,0,0.0030971025977621315,0.14233251154610962,0.9999994925046106,0.6466951549985187,0.004662004662004662,true,,,,,,,full
selected,planted,2123,net,7.739337725241892e-14,0fb3de4d39caeee1c1e2a9db449813bf1deb34643182c2f925093011b5532bb7,false,t099,signal_x_ewma,1,1,0.10447078075472632,1.6584222308985515,0.20155383833869045,5.787156694117946,1000,108,0,0.011063534431466703,0.2690129967611433,0.9995422474307317,8.869501505525634e-08,0.007536907536907537,true,,,,,,,full
selected,planted,2124,gross,4.281943442837577e-16,f2b49c945b34d8e63503cf76f1373835316aea7f4209188f3672b6d920df947f,false,t085,signal_x_ewma,5,0,0.11941595328245036,1.8956694897544257,0.026271619487132865,4.745394369375855,1000,108,0,0.002112305590471979,0.11754514358292467,0.9999134135824242,0.523456596756487,0.13993783993783993,true,,,,,,,full
selected,planted,2124,net,3.732132766279259e-13,76345a9d9ce236d151908fdf8e07ed4521509b725f882737ba6f18b754a3201b,false,t094,signal_x_ewma,5,1,0.04267811862956545,0.6774941299076576,-0.03166317052183796,4.368883882570771,1000,108,0,0.009469660860335306,0.2488820237196364,0.911007270456937,3.8054514714970934e-11,0.11600621600621601,true,,,,,,,full
selected,planted,2125,gross,4.059087525993706e-16,796acdb9fb85fa5887c99c40bec1ba5e2e626469cdcb25fb6bdf1f7f7f9b6abb,false,t087,signal_x_ewma,1,1,0.07787059277393515,1.2361573375500947,-0.07075306405078177,4.441616379976345,1000,108,0,0.0008331021179399498,0.07382023711773895,0.99282055101378,0.5506636688348137,0.3623154623154623,true,,,,,,,full
selected,planted,2125,net,9.388521856254529e-14,d827baf0fe670080c04019d6bd0252c0c905679e083bac4ad7086b7d79d2784f,false,t011,momentum,21,1,0.03700478708761686,0.5874327837163701,-0.022134083479225675,5.978418192355826,1000,108,0,0.012323790934289373,0.28392162870815113,0.8786240404118222,3.2341461106789945e-15,0.19681429681429682,false,,,,,,,full
selected,planted,2126,gross,4.241303337088451e-16,c47c8e477e0f737e16c5c15ce3616710a604a0b339a37e97acbafc55d6e5bc8c,false,t099,signal_x_ewma,1,1,0.09327206974527759,1.4806482048856568,-0.012892866547411985,5.963924810950391,1000,108,0,0.0018148289988605985,0.10895424903290979,0.9983080127407219,0.3111056252166647,0.25811965811965815,true,,,,,,,full
selected,planted,2126,net,4.636766359900275e-13,0e52a7e7234670a31e3b098a8f5a5ec0b6727913cea56f4d063082bc68a0cd11,false,t099,signal_x_ewma,1,1,0.058136139203543095,0.9228825991080462,-0.019589974359705876,5.941314132799325,1000,108,0,0.010909931743460518,0.2671390230135757,0.9665722170275156,2.222007425418786e-11,0.12525252525252525,true,,,,,,,full
selected,planted,2127,gross,4.291691650255029e-16,d264d60836eb684017349c576557f6652bda2541af6da3ff2614a8fc955aea74,false,t087,signal_x_ewma,1,1,0.0990435509247083,1.5722676282692374,-0.391189581009005,5.888334661159514,1000,108,0,0.0014677989438479397,0.0979850011410843,0.9988707736520009,0.51301909530956,0.27474747474747474,true,,,,,,,full
selected,planted,2127,net,2.2523517712596744e-13,20f6e11e40474f6ecb6952fbfef8cd42b7e68c52b16c680ab732702bfd82919b,false,t099,signal_x_ewma,1,1,0.04240826729783467,0.6732103728193422,-0.020536961589328388,4.372657221842834,1000,108,0,0.010188991696963851,0.2581617645005312,0.9096819959672522,4.8398360728204545e-12,0.3243201243201243,true,,,,,,,full
selected,planted,2128,gross,4.132660487831411e-16,f4b68394b5734f506e93fd3e5f8c6cb8182b25c10142d1000f562cf5445e2868,false,t095,signal_x_ewma,21,1,0.12360385865236644,1.962150426492845,0.11291766429670307,4.3211308086813265,1000,108,0,0.0021258884959813166,0.11792246732707494,0.9999537045293296,0.5713003941325577,0.07024087024087024,true,,,,,,,full
selected,planted,2128,net,1.1143230041820135e-12,1e405cf7f5ec59703c8d66e8bed621f191603db856430cb084058a842540a6f4,false,t107,signal_x_ewma,21,1,0.09339437839048244,1.4825897944360884,0.14986945520621514,3.985835036830387,1000,108,0,0.017643333183149618,0.3397164947935939,0.9984768353681855,2.752535554621632e-15,0.02198912198912199,true,,,,,,,full
selected,planted,2129,gross,3.852069608212291e-16,d68221d670705f61c87b8f8120d16b6840f428e068fa390a3d8a2441c05f642f,false,t093,signal_x_ewma,1,1,0.1273762143867583,2.022034717273261,-0.0610384079143013,3.9650950272480987,1000,108,0,0.0017038135427819396,0.10556922893742218,0.9999665002089332,0.7525474386328738,0.07583527583527584,true,,,,,,,full
selected,planted,2129,net,8.152346988272888e-13,0d86348e4dc93d629a9a87b47cb067c505f24fcfde65de6e0ebb93296cc680bc,false,t094,signal_x_ewma,5,1,0.06866139915224279,1.0899659209594532,-0.09840395384639863,4.77391862619868,1000,108,0,0.01237147482624376,0.28447038102175287,0.9845408084223801,5.878316121742317e-12,0.12851592851592852,true,,,,,,,full
selected,planted,2130,gross,4.1324213473740955e-16,abd658c11df19d0bb50995beb1c3e451d70e4ece6904ba57721012a3fb9b73a9,false,t087,signal_x_ewma,1,1,0.11268090451365555,1.7887539050936887,0.4812374826448749,5.4084105592949445,1000,108,0,0.0011886425658350064,0.08817631716700945,0.9998612158711131,0.7854061741482972,0.05213675213675214,true,,,,,,,full
selected,planted,2130,net,2.5220043600706538e-12,5f1ed489d27152bf4bde766689ff538f5c5240dee2aeefef9a33029b1499ea16,false,t099,signal_x_ewma,1,1,0.03164335144414313,0.5023226314189159,0.03249418585713619,5.897684873046281,1000,108,0,0.01839771261530068,0.3469031407986263,0.8413571559344784,1.1017622711455866e-23,0.3247863247863248,true,,,,,,,full
selected,planted,2131,gross,4.63462292065373e-16,45b30bf6dd8d85c4cadba89b4e0c7c07e7c3372b12b4010c380ea8dd6c4320a1,false,t088,signal_x_ewma,5,1,0.10276730304371588,1.6313803605749004,0.3556805716219889,8.49684494261191,1000,108,0,0.0014482214694052633,0.09732934648223145,0.99947304693051,0.5688062767106999,0.28430458430458433,true,,,,,,,full
selected,planted,2131,net,5.173522179424981e-13,e5f10ddbadf4910f3a1d0f65170007edb7912638a38350f03e6dd3f1b08195d9,false,t106,signal_x_ewma,5,1,0.03443109839960757,0.546576742392934,-0.22572647929283168,4.458527652658102,1000,108,0,0.010013041266141397,0.25592300091802034,0.8607082784951874,1.5836347659555895e-12,0.2435120435120435,true,,,,,,,full
selected,planted,2132,gross,4.371094836782032e-16,0916b2283ca530f1d1835ab4e3ae7166c828dab05817e9c45d0554012e953514,false,t087,signal_x_ewma,1,1,0.12798538895246162,2.031705063708521,0.17112793125415615,4.761053034517508,1000,108,0,0.0009155248774970004,0.07738582047410031,0.999975299284862,0.9457004687336884,0.2048951048951049,true,,,,,,,full
selected,planted,2132,net,2.190007220612716e-13,b5a4a5f7a2ce4da8b21549f5412e8cc90609a1ff51b926291ec6ed59a5c5b9ec,false,t020,momentum,21,0,0.07903658613387336,1.2546669083145894,-0.15721430861281743,4.943296961659233,1000,108,0,0.016378368023285943,0.32731177504878306,0.9933421562284794,3.76317211524789e-15,0.18857808857808858,false,,,,,,,full
selected,planted,2133,gross,4.2049782080602423e-16,20f43202ca74aac98ce225ad4dec0f634daf72785adacbe0695e5a7a037963e9,false,t092,signal_x_ewma,21,0,0.11421566567047738,1.8131174831506829,-0.12840770894404493,4.489920489860499,1000,108,0,0.0020125894340026506,0.11473711107844774,0.9998173022508065,0.4935091931689608,0.22346542346542347,true,,,,,,,full
selected,planted,2133,net,4.2360852862396796e-14,db36b3892ea7a7ac52227e20c932a195e764dab8362116903efff99f6e706f89,false,t092,signal_x_ewma,21,0,0.08466616976911162,1.3440337780166658,-0.11590536117647776,4.4172014718948285,1000,108,0,0.011894517008170449,0.27893288734831334,0.9960341987639773,5.581388727883093e-10,0.1372183372183372,true,,,,,,,full
selected,planted,2134,gross,3.9756735872472643e-16,20f294967c398a4cf35144d7a3de0ffb8e2818708028e494ecd2ddbe5c5f41eb,false,t093,signal_x_ewma,1,1,0.18571521139662944,2.9481375842236197,0.7422662237439043,9.782498574907379,1000,108,0,0.004704048813372977,0.17541318187818483,0.9999999993243694,0.6316501363314481,0.013986013986013986,true,,,,,,,full
selected,planted,2134,net,4.91171913610173e-13,23dc0ac779391265df8e54b75430065d004146582b27b5071536f8cb943ae24d,false,t099,signal_x_ewma,1,1,0.1299045882718959,2.0621714084020466,0.6312298039890555,9.764181243291572,1000,108,0,0.018741546187165177,0.3501297594106168,0.9999867463182519,5.285910380611773e-13,0.006371406371406371,true,,,,,,,full
selected,planted,2135,gross,3.8890254085988753e-16,b55b7a9d50084ab41bdc5b75748387f5ece0ecd325692faeb91dca31608299ea,false,t087,signal_x_ewma,1,1,0.09161862553321107,1.454400591734574,0.3630158036742767,5.880059801103642,1000,108,0,0.001749042513920916,0.10696125736951627,0.9983035580685289,0.31184996408320753,0.2601398601398601,true,,,,,,,full
selected,planted,2135,net,1.4468181381898632e-12,8d8c8bc10115c4d7d7a30fa46fc1e106a5c8f1c6c8c34ec3b9103ea0f8c79148,false,t105,signal_x_ewma,1,1,0.036314607953966294,0.5764765296300176,0.03272643324663433,4.632099924759286,1000,108,0,0.014111723100214359,0.3038199861916211,0.8744722088775083,1.3955081245624692e-17,0.3696192696192696,true,,,,,,,full
selected,planted,2136,gross,4.08770677520122e-16,967375f8e7bcf9e011517d1635d84125d84c31bae5e3d4bf089cfaf7a41c1701,false,t065,reversal,21,1,0.10949146693883273,1.7381231532228119,0.19389956235083278,4.652982546375645,1000,108,0,0.003202423408320178,0.14473237620825796,0.999748000873221,0.13143595789877416,0.07264957264957266,false,,,,,,,full
selected,planted,2136,net,1.5414713751843748e-13,f450704a81aaa119af031c373e0bb9d7287ee36aff5aa4a5c26caa051d9f2878,false,t065,reversal,21,1,0.06994414732258299,1.110328916880113,0.09639680702247176,4.758927272340384,1000,108,0,0.01591909382692238,0.32268998571481294,0.9865545147788767,6.368690899975116e-16,0.019036519036519036,false,,,,,,,full
selected,planted,2137,gross,4.2579853935837925e-16,2c3825b56ad668bdb31a8e6f68260756289c41075c290f7cef8fefb11f205da5,false,t093,signal_x_ewma,1,1,0.14477308383174947,2.2982014581282906,0.1124479666249839,4.192131302704318,1000,108,0,0.0024126620634025557,0.12562456308078682,0.9999976168010388,0.7274408703163597,0.009867909867909868,true,,,,,,,full
selected,planted,2137,net,5.934325947538393e-12,9e28958bab1665087b11783655cf320076193ea9f9a76f3338563d16d4046a06,false,t099,signal_x_ewma,1,1,0.08099031773317068,1.2856814359564446,0.12006626718173685,4.115014333254229,1000,108,0,0.01595445539428178,0.32304818744463293,0.9948528923193501,8.705512098727899e-15,0.09191919191919191,true,,,,,,,full
selected,planted,2138,gross,4.1602449279093085e-16,cd9d410d618a5109d12edc0e59165f6327c4fe50342c38e92acbbf43a7a1bb9a,false,t084,signal_x_ewma,1,0,0.08475819559455337,1.3454946427065517,-0.2709773127254015,7.558906642980575,1000,108,0,0.001615468720170298,0.10279585266412157,0.9957755629592456,0.2875823722641084,0.35571095571095573,true,,,,,,,full
selected,planted,2138,net,2.306068338036986e-12,9afe1281b219ed5594d8bfeac67da7a161b5e2950ee969db58fbc3ac40f7c73d,false,t022,momentum,5,1,0.04602031192254981,0.7305498036281254,0.7233722148811057,8.708203251699521,1000,108,0,0.01364480829038247,0.2987514595370135,0.930065903107515,2.586932667107029e-16,0.31996891996891996,false,,,,,,,full
selected,planted,2139,gross,4.13461919027601e-16,1af9ee446abbd4e3883d41f26743ee687b630370fc81839bf8d1572d6137c69a,false,t087,signal_x_ewma,1,1,0.13008230642904076,2.0649925966856424,0.4220385815913735,5.520041344463922,1000,108,0,0.0022912358987636043,0.12242249299197776,0.999985872457298,0.5973733953168578,0.046464646464646465,true,,,,,,,full
selected,planted,2139,net,8.349904134812704e-13,cc8a5560f7b279adb7293e77c1bc9b54d84a8ec27414c2da2d7d58a22ffd2a9d,false,t105,signal_x_ewma,1,1,0.058226550966403126,0.9243178413487817,0.13256630348671863,4.50344515474134,1000,108,0,0.015564988468431835,0.3190808337753625,0.9674630649394083,7.016409990372112e-17,0.05602175602175602,true,,,,,,,full
selected,planted,2140,gross,3.8697394981072573e-16,64b484b6f54624359d16e31705275a3d69bf6c77960fb68d31bb77236281d83c,false,t087,signal_x_ewma,1,1,0.13014166405689442,2.0659348698159357,0.1476303421239963,5.732300288893859,1000,108,0,0.0017056575604811502,0.10562634166647511,0.9999803611070345,0.7806929164185106,0.062393162393162394,true,,,,,,,full
selected,planted,2140,net,1.3545825432361138e-12,923a9b26c13525f5dec6c1f92b2081079c43cd5b2275c63df7394fb7baf30272,false,t104,signal_x_ewma,21,0,0.059577005606705355,0.945755644159459,0.0902581196194723,5.444016469355327,1000,108,0,0.029203662471695698,0.43706394029064877,0.9702445282074318,3.670937895163622e-33,0.1449106449106449,true,,,,,,,full
selected,planted,2141,gross,4.728062563826157e-16,8d6dbb3a0357ef4459773d75a12eae9f98c396a111a6aecdbb05de2b8fdf0fb3,false,t093,signal_x_ewma,1,1,0.10454730511303076,1.6596370174264254,-0.17574222199850661,5.95256381041626,1000,108,0,0.0015789967102029729,0.10162883078789857,0.9994289025310137,0.5361769541455824,0.12152292152292152,true,,,,,,,full
selected,planted,2141,net,9.005575978360353e-13,77acb78631d1eb0602a8b70e585bab9437daa3ae2659d4ff583086aae01da3a8,false,t083,low_vol,21,1,0.08177591078145074,1.2981523389811458,0.2778335632365495,4.728068506985686,1000,108,0,0.018449773442816616,0.3473936177034937,0.9954231874266899,1.2758795608730517e-17,0.09300699300699301,false,,,,,,,full
selected,planted,2142,gross,3.8206465125321637e-16,eef8b00c13377a85ce6691d782d2d5e3cc1abe92af77cb6bf0ccc91f979fdbad,false,t093,signal_x_ewma,1,1,0.12864719215019985,2.0422108637770173,0.061680456488990405,5.2715910284597145,1000,108,0,0.0018556216904539707,0.11017195010787026,0.99997400439247,0.7194213536436047,0.11608391608391608,true,,,,,,,full
selected,planted,2142,net,1.936635248844371e-12,686003ecfa1070e3f34a53be82c2641fd44e1e7b0adb965c83c6daa538021de9,false,t094,signal_x_ewma,5,1,0.05105398657118905,0.8104569114347846,0.1790905454538843,5.043090666176928,1000,108,0,0.01566308122837893,0.32008470091522895,0.9472697591898653,7.251159693356003e-18,0.20147630147630147,true,,,,,,,full
selected,planted,2143,gross,4.41663404357911e-16,c3e2c1eb62c228d0820af3d33671a102aba01a14d7556a2d9f9529aaaae6475f,false,t093,signal_x_ewma,1,1,0.08131933340264784,1.2909043977897245,0.03815419210351777,6.183108342225951,1000,108,0,0.0007073555949798682,0.06802134468983227,0.994815297723084,0.6624522178844569,0.5098679098679099,true,,,,,,,full
selected,planted,2143,net,5.011511952292752e-13,46ec283e955da0ccd885f3dadea8361c1e5d317c72157797e30355a6e7dd78db,false,t105,signal_x_ewma,1,1,0.03333788224168653,0.5292224738943545,1.238321111991098,21.791851513041937,1000,108,0,0.008669255896463323,0.23813170848397766,0.8583485042629877,2.1847026885916947e-11,0.46915306915306915,true,,,,,,,full
selected,planted,2144,gross,4.372003980601083e-16,566de17ccc05c3d97c0f9b3b4c9495accc4d5293232692344164a2d7559b35bc,false,t087,signal_x_ewma,1,1,0.13096984669504524,2.0790818616200664,0.03031769591698283,4.4891387780391,1000,108,0,0.0015467784706889869,0.10058665729495865,0.9999808077266764,0.8302328038630353,0.12595182595182594,true,,,,,,,full
selected,planted,2144,net,3.2802602244806967e-12,3b8fcd700ba18dab5c92655674bf3586ac43fc638e577cbcff4f4948440db05e,false,t105,signal_x_ewma,1,1,0.060074754173020675,0.9536571576909146,-0.04409564689951067,4.739490759156539,1000,108,0,0.014125590242773793,0.30396922666762877,0.9708269149254345,7.610948212809287e-15,0.23341103341103342,true,,,,,,,full
selected,planted,2145,gross,4.1487804354979643e-16,fd0068ca7245e87208855f5efdcca8f08d340f4fa7dc47fa0a785e7e9e26e3ca,false,t093,signal_x_ewma,1,1,0.13461776160432165,2.1369907155432872,-0.005619843400578115,4.24392478978133,1000,108,0,0.0016435682412696457,0.10368601585093956,0.9999879120794346,0.834024353523917,0.1794871794871795,true,,,,,,,full
selected,planted,2145,net,3.6148835163595576e-13,cb44aca48013495cc2b6dbffd37f7734b32e0563590dc6f60b38ce0d570e9b1a,false,t083,low_vol,21,1,0.07618202559020436,1.2093521645090364,0.4239551827709023,7.616075100000405,1000,108,0,0.04167845646264644,0.5221341871967685,0.9925681682038597,2.0005360119875377e-46,0.075990675990676,false,,,,,,,full
selected,planted,2146,gross,5.187754670763403e-16,0596e304d0f4e8ebb96a151326eff6bd54d92c4eae5771f23c643209b5f1c0fc,false,t084,signal_x_ewma,1,0,0.08621156668894404,1.3685661935772366,-0.3098942768321926,6.868683623113694,1000,108,0,0.0027418936755233096,0.13392190595151235,0.9962638871163118,0.06938473306264546,0.11126651126651127,true,,,,,,,full
selected,planted,2146,net,2.58478395316243e-13,40010b6498d4722ccd6ad59bc12c08a88092b99cbcdbf7ea2caa0eef736c9b4e,false,t104,signal_x_ewma,21,0,0.032268942567298294,0.5122535826245846,-0.11933196202633457,5.0755122578184935,1000,108,0,0.01761583808942625,0.33945168715658053,0.845524982907517,1.7399588782892043e-22,0.03014763014763015,true,,,,,,,full
selected,planted,2147,gross,4.095022394186936e-16,5bcab7a5617e8a1ece9533d8b0378b0f47378a65128d73393eee775fa0e782d4,false,t084,signal_x_ewma,1,0,0.1279805726609001,2.031628607450241,-0.3348356749877883,7.457152522852825,1000,108,0,0.001656522562532292,0.1040938314874479,0.9999541976984796,0.7673400683515059,0.08787878787878788,true,,,,,,,full
selected,planted,2147,net,7.114546350980278e-13,fffcf0206c9f04e96540ab346a96a85f0e9478069593b1cbc45290e36da9a23d,false,t105,signal_x_ewma,1,1,0.048765902161318424,0.7741346974713347,0.1451394970139132,6.659943258313531,1000,108,0,0.013425915734775628,0.2963454578679216,0.9387314321340827,2.2562328336125947e-15,0.2498057498057498,true,,,,,,,full
selected,planted,2148,gross,4.0681730070411275e-16,a1dc50c8228550954c620eadf51c0946cc34f24d25d2d7bff8ce2c19d033efd5,false,t084,signal_x_ewma,1,0,0.127950658311133,2.0311537318695456,-0.0871740127258585,4.426719928924149,1000,108,0,0.001573823099388609,0.1014621998474756,0.9999675379441033,0.7958458898971461,0.17482517482517482,true,,,,,,,full
selected,planted,2148,net,8.41408390457796e-14,c1b9dcf70afa387f424217b045ac2ea4d49706f832c98632350846641076a39f,false,t094,signal_x_ewma,5,1,0.04568293916332568,0.7251941771079171,0.03445536213074465,4.3256289696428425,1000,108,0,0.009530624926464087,0.24968186853951407,0.925599933811991,5.6942507892706234e-11,0.2202797202797203,true,,,,,,,full
selected,planted,2149,gross,4.1549934382984576e-16,84be91ea6ea5199b7611c863609640f0ab90956c59869ad2ad932ba14aa9c61b,false,t065,reversal,21,1,0.052566105276899366,0.8344610517234948,0.2723828088001592,6.065432623739431,1000,108,0,0.0005042658145539469,0.0574322829828229,0.9525913424801238,0.4385510278578453,0.8322455322455322,false,,,,,,,full
selected,planted,2149,net,1.6167677460458586e-13,8828ad2286ba0934441c0f95dd455542a4f5b483f0d1f12f9c466abd8b554e35,false,t035,momentum,21,1,0.019305882162711827,0.30647137825951987,-0.859813282129748,11.541417677309502,1000,108,0,0.018100786629834508,0.344092368824854,0.7273792070011589,1.2631227378959106e-24,0.2585081585081585,false,,,,,,,full
selected,planted,2150,gross,4.0879822786152764e-16,27ac12b9203a2f45f96f59a09a4c11bf08f935bbe8af3bc71e3dac6ce14a1f4c,false,t094,signal_x_ewma,5,1,0.1396870642723513,2.2174634006240233,0.6633054165568352,8.81880483775702,1000,108,0,0.0018939655303115929,0.11130440488451643,0.9999971950267824,0.8218893042282985,0.07746697746697746,true,,,,,,,full
selected,planted,2150,net,7.482250662986577e-13,8bdfb257ab7eb8e1ed6857b5edaf96dd1b7e4ae8d6b7f15cf863e0da948b871d,false,t100,signal_x_ewma,5,1,0.064575694089325,1.0251073637984254,0.5953036177664137,8.1437744766122,1000,108,0,0.030821007519347587,0.4490035061390365,0.9809337222436639,2.6440554518455395e-35,0.13434343434343435,true,,,,,,,full
selected,planted,2151,gross,4.86904475089863e-16,b0665f905315eac71d50c17f214e1c6490402f71240711bed9fbca60952c1304,false,t090,signal_x_ewma,1,0,0.09223422768503806,1.4641729729363164,-0.1002394680036846,5.300215925478598,1000,108,0,0.0012383400272711804,0.09000077974543051,0.9980664282882205,0.527884140331969,0.2121989121989122,true,,,,,,,full
selected,planted,2151,net,5.069857602263961e-13,9033a72b76478aca2908bc6f738a5e4a36737205f5c5a57976e502aca8b331a2,false,t083,low_vol,21,1,0.03283896664056848,0.5213024342597424,0.24886202022401957,5.607005783276587,1000,108,0,0.01152503562880169,0.2745664413749293,0.8511910676101626,8.811242659889073e-15,0.3770784770784771,false,,,,,,,full
selected,planted,2152,gross,4.1682134256710356e-16,1b53214413564b35c890bfe43717faf150b9b3899e740db33dd35a137a713cb4,false,t084,signal_x_ewma,1,0,0.10808471423263163,1.7157916463221607,0.5464464143399967,7.785959184144135,1000,108,0,0.0016048913381191616,0.10245876886513026,0.9997542087816104,0.5719788174917659,0.12455322455322455,true,,,,,,,full
selected,planted,2152,net,1.5782084425194294e-13,23877ec162727e100a42dc7a78ad276288573fdca9a9c08f0791896ef4f2827b,false,t086,signal_x_ewma,21,0,0.04318983234378522,0.6856173332893777,0.03143462596695756,4.065765708197663,1000,108,0,0.01066262529417307,0.2640939123319158,0.9138813626393106,1.4565361101815036e-12,0.20714840714840715,true,,,,,,,full
selected,planted,2153,gross,3.936115780900085e-16,f197afa2d2be5a86e90c545341ef64c5f37808f1b8eede55ead8a1685f863872,false,t086,signal_x_ewma,21,0,0.11168251599720692,1.7729049787356141,0.0664339937824119,4.156861493424349,1000,108,0,0.0017296562354773112,0.10636682966775414,0.999788796546176,0.5666333864581737,0.07995337995337995,true,,,,,,,full
selected,planted,2153,net,6.141325843299231e-12,957493a9dac45f2bc05d8513763c30b704ef2cb12611d513b753a1cdbc27f4c4,false,t086,signal_x_ewma,21,0,0.07436404766570545,1.1804926596456595,0.0627351944863908,4.029540630507904,1000,108,0,0.015523919536044862,0.31865960106076435,0.9906380358733786,5.668602639158565e-15,0.13216783216783218,true,,,,,,,full
selected,planted,2154,gross,4.0889546759214524e-16,fd9f881854c68bf50f45272278fbd83e3761afbb5598a2aba5a907934aa68b3c,false,t093,signal_x_ewma,1,1,0.12026546808055677,1.9091551190995786,0.263284672847644,4.498717091800205,1000,108,0,0.0019704624204647564,0.1135299364927248,0.9999379508945059,0.5850940554573145,0.1655011655011655,true,,,,,,,full
selected,planted,2154,net,3.90905121827582e-13,ac6ff33efeab1c447f2cd7b54e41442cc3779544b524212ce67f71db34267fa6,false,t099,signal_x_ewma,1,1,0.06962319130616017,1.1052338980726444,0.2261730613838268,4.289627417291196,1000,108,0,0.012286375830269503,0.28349030719224516,0.9865729675385568,5.238518367662876e-12,0.1811188811188811,true,,,,,,,full
selected,planted,2155,gross,3.9226306430250563e-16,459c160af7d0d3c6bf6005662d6243e17f2aa77f794d5c77a5f7bf3d3f854525,false,t087,signal_x_ewma,1,1,0.061552193920536534,0.9771107865849687,-0.38795977494595274,4.263472419969686,1000,108,0,0.0009385433911417375,0.07835261482254466,0.972555969741943,0.30014238969417406,0.39766899766899766,true,,,,,,,full
selected,planted,2155,net,6.398433456553273e-13,70a7c741b3a485bc1245b0289e778a0c21d64d0995944f2ef8caad7f02a1449e,false,t008,momentum,21,0,0.026483049702785137,0.420405380832795,0.0987520153823895,3.71827759692202,1000,108,0,0.010679813665899759,0.2643066890311146,0.7989692693620347,2.6373599400641168e-14,0.12742812742812742,false,,,,,,,full
selected,planted,2156,gross,4.3668761233149363e-16,491cbc7c2a4fa66af559ea2289efc365254ee244b0b9ecc4d85b9f4f12d3bec1,false,t091,signal_x_ewma,5,0,0.09555666358324111,1.5169150077379092,0.265848340033234,4.4021297012877145,1000,108,0,0.0017140147471750747,0.10588479343087039,0.9988452643234166,0.3709424729359777,0.2919191919191919,true,,,,,,,full
selected,planted,2156,net,1.142688021574978e-12,9d84e05ca95f8040bde2fb8b4f998192b6c3bdee9584f1e366195d556bbcb4ae,false,t106,signal_x_ewma,5,1,0.05070722200299523,0.8049521945692074,0.4429568511546232,7.00552359722476,1000,108,0,0.02678933050076431,0.4186077328175156,0.9471491004075607,4.074410264509609e-32,0.23480963480963482,true,,,,,,,full
selected,planted,2157,gross,4.362864222238612e-16,41b555f41826645904cb6235eb0f833fbed5bb8df3dcd9a06494584e7a6c7feb,false,t100,signal_x_ewma,5,1,0.10342967375834147,1.641895169694689,-0.3029367722026348,5.182997512698448,1000,108,0,0.0019876053279944336,0.11402271891484034,0.9993169934114486,0.37148792703604916,0.24265734265734265,true,,,,,,,full
selected,planted,2157,net,8.494726985092599e-12,97a459c02a13005344b03e50c834f955ee7e2694c916820cad404c67be4aa976,false,t100,signal_x_ewma,5,1,0.06924052268839122,1.0991592220896516,-0.306240936554876,5.170578873277896,1000,108,0,0.022944451777445047,0.3874049443962995,0.9846276554654445,1.5884558613699036e-23,0.20310800310800312,true,,,,,,,full
selected,planted,2158,gross,4.068990001304023e-16,46ab8b3cc3512e7b16f8f1cf00221bb6fdba9f5371015a8bc6080d3571add581,false,t090,signal_x_ewma,1,0,0.10484004846054877,1.6642841739994327,-0.08994411733765575,7.831450722918136,1000,108,0,0.001113322967374074,0.08533690755579176,0.9994582864548416,0.7283805367602489,0.36317016317016315,true,,,,,,,full
selected,planted,2158,net,1.4687083041210846e-13,4bcdabeaeb6e70dcc534fea2d21ff62d5385c83387cc9904db40f5cb80735b71,false,t099,signal_x_ewma,1,1,0.061397511138895994,0.9746552735510213,-0.030640549978699014,4.3803761826441,1000,108,0,0.014904954643719071,0.31224223432378706,0.9735472159302361,1.3032872768198363e-15,0.32999222999223,true,,,,,,,full
selected,planted,2159,gross,4.1614003782131063e-16,61974651896dd025eabe389e72135f78fc53dcf01d9b2ac7ff3368f983f66df0,false,t085,signal_x_ewma,5,0,0.10416478842245104,1.6535647532127933,-0.2537495747492347,5.618165938760918,1000,108,0,0.0015572933770333708,0.10092796922448197,0.9993810807060023,0.5399745307055418,0.20217560217560218,true,,,,,,,full
selected,planted,2159,net,3.4423577246775366e-13,d28a2e4d6c9ac9ddcb1a42a07ace7f82c0e70b6c385ed8f860ad8027cadefe03,false,t092,signal_x_ewma,21,0,0.06688417061044412,1.0617532924923017,0.22789219760729412,4.13529689857006,1000,108,0,0.01729717270390248,0.3363673838340103,0.9832700314743026,5.2662386465568156e-18,0.18212898212898213,true,,,,,,,full
selected,planted,2160,gross,5.114412549546867e-16,ea803a96b4eb8aa8753ba8dea0aaea8c74a3f1a593c8e49360b7a98baee28641,false,t093,signal_x_ewma,1,1,0.15949052456045415,2.5318335867492054,0.2174299286246885,5.577493711329808,1000,108,0,0.0026827376233769934,0.1324693534277776,0.9999997849226564,0.804124136546063,0.006293706293706294,true,,,,,,,full
selected,planted,2160,net,7.585421512556486e-13,cde6b032156b5668d57365255650d1d4bdcc6fa2e8f27c468f66f866914534a3,false,t099,signal_x_ewma,1,1,0.09254810820055132,1.4691556716489376,0.27395778882462624,6.186421951110955,1000,108,0,0.01703882261574818,0.33384594646104415,0.9983916327539473,7.854823856222488e-15,0.02944832944832945,true,,,,,,,full
selected,planted,2161,gross,4.3033771836671277e-16,690d987444ba20f1c435996e906b33e239ddddcac3610af9b37a82fe81ba778c,false,t087,signal_x_ewma,1,1,0.11414416936936876,1.8119825145563166,0.012154176768712886,4.764147046363134,1000,108,0,0.001331704033776316,0.09333191443170745,0.9998335760389034,0.7435293681998133,0.2174048174048174,true,,,,,,,full
selected,planted,2161,net,5.435904652524904e-13,8262eb7d31e58e6829e2894f3e0acfb04711dafff52c36964de1e116b672ae10,false,t099,signal_x_ewma,1,1,0.015258260246385633,0.24221737230863707,0.008417397816508758,4.420256523828328,1000,108,0,0.015562026975198434,0.3190504771617151,0.6851858932484218,3.935274184629438e-22,0.5003108003108003,true,,,,,,,full
selected,planted,2162,gross,4.1797018825587516e-16,852dede3571acbc64615c865a56f3f625f0886707d5f8b32ef1b9320e78034f4,false,t074,low_vol,21,0,0.07636019208535348,1.2121804699378078,0.19656139545095788,3.8932464810090432,1000,108,0,0.0007468411232341755,0.0698940857242382,0.9923803831013815,0.5814036943161979,0.5643356643356643,false,,,,,,,full
selected,planted,2162,net,6.453878849375408e-13,f583727f15b1704dff7554d4009e69f957b31582d6d5b6480e9436915b2c9b9f,false,t074,low_vol,21,0,0.06166277899773243,0.9788662702628201,0.1911664904048078,3.8064763701037987,1000,108,0,0.02912975650286032,0.43651054914681314,0.9748804011645705,5.763536336138059e-33,0.06487956487956488,false,,,,,,,full
selected,planted,2163,gross,3.8808223433776e-16,c616b1353cc00330f98d8c6e0a737324fde4bb940158ddb92e34565e856480d9,false,t087,signal_x_ewma,1,1,0.12749317863905063,2.0238914672163615,0.1202356122801037,4.4061801610097495,1000,108,0,0.0009431555071789165,0.07854489601412888,0.9999724269960363,0.9392199796979789,0.31336441336441334,true,,,,,,,full
selected,planted,2163,net,8.34625824059628e-12,fcde0c7a8396bdb9e4e448bde1f15cb540255eb2b8b483897a6a1f7a7d7e1956,false,t032,momentum,21,0,0.04444001742133741,0.7054634061374202,0.24561283307557594,4.060003051213094,1000,108,0,0.009824906837021358,0.2535073392586368,0.9209168306167994,1.5761477707832517e-11,0.5066822066822066,false,,,,,,,full
selected,planted,2164,gross,4.597668931433817e-16,c4e41c068fe94573824ac084517a33fe4784464516dccd412d957026934c9bac,false,t090,signal_x_ewma,1,0,0.11456916616774149,1.8187291295752739,0.08326210364232722,4.532843671775805,1000,108,0,0.001055948418282629,0.08310892571918946,0.9998512517438486,0.8397285953496811,0.12136752136752137,true,,,,,,,full
selected,planted,2164,net,1.1512774585445809e-11,a852d7d4215e2e914c2f560039d76a240397dfbd7cca110dc546abd1c32a93e6,false,t071,low_vol,21,1,0.03473117890359989,0.5513403727141096,0.1178254141768705,6.109316504107246,1000,108,0,0.018216944740598234,0.345194674537154,0.8641487052905944,4.378463927387456e-23,0.18974358974358974,false,,,,,,,full
selected,planted,2165,gross,3.697942596811661e-16,b0a78d2f8b31377319c8675360ae5b28eb8aa9e4e864d150e970475d60899dd4,false,t039,reversal,1,1,0.08720369382489859,1.3843157236014036,0.37636573648516525,6.789193721314899,1000,108,0,0.000999463526274678,0.08085554178826716,0.9973384981782285,0.5803819758513005,0.4686091686091686,false,,,,,,,full
selected,planted,2165,net,4.262333275554195e-12,60cd5c595a42f5632298a71511933788eb782cd6eb0526933de64079e9b3fb91,false,t032,momentum,21,0,0.04703327001800651,0.7466300148827737,0.017434425207434563,5.159563340413122,1000,108,0,0.014765113084083497,0.3107740198035083,0.931291590559287,4.046207675977325e-17,0.15524475524475526,false,,,,,,,full
selected,planted,2166,gross,3.886660822777199e-16,7250f2c3bd60cdcb9cf5245a3765a076255e025cd812db7097fc8b3fb680001f,false,t012,momentum,1,0,0.11780991451065843,1.8701744146378914,0.26924932075492397,7.621950302814039,1000,108,0,0.0017536226518522942,0.1071012130908513,0.9999079896981486,0.6330562898555231,0.2024087024087024,false,,,,,,,full
selected,planted,2166,net,1.7619182722455114e-12,b934da1cc24b812cc5527e70d86285a1e80ec5b61d26407f8c492f1ee8558f9b,false,t016,momentum,5,1,0.06720877711401914,1.0669062609867839,0.5002875359051913,7.615601842062067,1000,108,0,0.02434178912409198,0.3990272585680941,0.9843249433169613,1.1079268472562764e-26,0.1372960372960373,false,,,,,,,full
selected,planted,2167,gross,4.2197313019297516e-16,909db5ef136b633f9284f43b14d5c65ae000e9706adea5db8eb92563206de79f,false,t019,momentum,5,0,0.09082247946941781,1.4417621647820942,0.613629347125819,6.288249742469257,1000,108,0,0.0022813446089554913,0.12215795757876953,0.9983440960374078,0.1554362819896032,0.21266511266511268,false,,,,,,,full
selected,planted,2167,net,8.554161389869092e-13,038e2d10562181c7e78507b9024cfd839d334a21db0d94056aade31e82a739c8,false,t032,momentum,21,0,0.07087753196973459,1.1251459388036864,0.12831669395198705,4.262072238694921,1000,108,0,0.01670907296817547,0.3305997298667027,0.9876429574594617,9.390360521779873e-17,0.012432012432012432,false,,,,,,,full
selected,planted,2168,gross,4.575593917984274e-16,23521ffec2e3522dcfd216955c3ad6c46cbbac274b223101a41a71e23b074c1d,false,t087,signal_x_ewma,1,1,0.0960438884190325,1.5246494622263789,-0.15762898376169157,4.548876298931988,1000,108,0,0.0009882364279743814,0.08040012906259184,0.998653917415563,0.6875028617020496,0.2867132867132867,true,,,,,,,full
selected,planted,2168,net,2.254300874162789e-13,1a968175b1e96651dddd1f090643795bd61c4c6008c35c85e75d91a42d20ae60,false,t105,signal_x_ewma,1,1,0.016498967741777597,0.2619129932041228,-0.28645367091422647,5.194175624916365,1000,108,0,0.01277068323012492,0.2890236510386685,0.698531074063338,4.266963815666922e-18,0.4891219891219891,true,,,,,,,full
selected,planted,2169,gross,3.89354804877375e-16,be9c28d4eaaa10323be04a624a5780895ce76c3d2d97216e5ab7cc91b2a6dbb0,false,t088,signal_x_ewma,5,1,0.11187602338876901,1.7759768133451705,-0.17342196091564785,5.2057875094692605,1000,108,0,0.0018372227156677253,0.10962439758308215,0.9997491616163952,0.5279174696014871,0.13006993006993006,true,,,,,,,full
selected,planted,2169,net,3.128731178330286e-11,dc3b18dc81c9650ca0905d760381af96a93b93ac8ae69819208a1001816c1311,false,t105,signal_x_ewma,1,1,0.05994788063369343,0.9516431026928279,0.2668587716801565,5.297980307574765,1000,108,0,0.021616780457887726,0.3760294179851137,0.9716991291194298,4.52137476653827e-24,0.17925407925407924,true,,,,,,,full
selected,planted,2170,gross,4.1865782114275764e-16,ea384447e3c9700077d23f57c3940fd5c24791b426654cab03461a640f332e4d,false,t087,signal_x_ewma,1,1,0.11810479472356462,1.8748554928973127,0.2783846707010336,4.774649659864957,1000,108,0,0.001641577278748873,0.10362319596878687,0.9999184695582546,0.6780666439297923,0.048174048174048176,true,,,,,,,full
selected,planted,2170,net,3.2806712426536395e-13,64ed88179d292de0f9c88d951f52175a0efd8ad924214e2367cf07a0515cdf82,false,t101,signal_x_ewma,21,1,0.04304273756478429,0.6832822760630229,0.06946000868602697,4.657329288930419,1000,108,0,0.014305578425617605,0.30589968366112924,0.9132956693584459,4.646106208169709e-17,0.1445998445998446,true,,,,,,,full
selected,planted,2171,gross,4.380682616414287e-16,048c74dcb40fd054a18c44f723b1e4d36a3bc38dc34e86d20aba7f3e18f25f3c,false,t099,signal_x_ewma,1,1,0.11754501513504206,1.865969267415868,0.18668457813514622,4.688716084217708,1000,108,0,0.0017776432436646423,0.10783223824976117,0.9999051883025581,0.6211162178064142,0.1393939393939394,true,,,,,,,full
selected,planted,2171,net,1.4709950115324779e-13,28e28644fc891421f1e7b5763086ec7a1c5e004ab798d425b45517033be67420,false,t105,signal_x_ewma,1,1,0.07492387779953114,1.1893796875089162,0.19266135278794821,4.984224630718629,1000,108,0,0.01604479820980427,0.3239615336914187,0.9913120885404059,1.3251087263318463e-15,0.028749028749028748,true,,,,,,,full
selected,planted,2172,gross,4.099361414465655e-16,0f6e586a0cb743bfd7e993fc9d24cbf5b84a8df767c7edc60fc7d52c8d1d0135,false,t092,signal_x_ewma,21,0,0.06045051931357092,0.9596222443704937,-0.4439498965307431,8.506481368766789,1000,108,0,0.0005450246772315253,0.05970825786776798,0.9698954323201657,0.5092048143817075,0.7231546231546232,true,,,,,,,full
selected,planted,2172,net,3.3239053957769496e-12,eec93a6196bf99e11f43f2ee1479f9c6121901d1e4e359df71de9d1e1d4fd983,false,t092,signal_x_ewma,21,0,0.018628483525920527,0.2957180082710962,-0.4846005823662786,8.425768423554537,1000,108,0,0.019652486387744524,0.3585378985237584,0.7210498024799494,5.552150748073379e-27,0.3818958818958819,true,,,,,,,full
selected,planted,2173,gross,4.579745914506101e-16,3e19ac620a09060525881159663edc4dc17f69083d53e25764ecd81e625408d8,false,t093,signal_x_ewma,1,1,0.10309432119019402,1.636571612713619,0.22436815468526727,5.582388844637935,1000,108,0,0.002526426319396145,0.12855223601559868,0.9994744789907599,0.20923128719488732,0.2313131313131313,true,,,,,,,full
selected,planted,2173,net,1.20200766422532e-13,b9c475bfdc02a94bdc4876e1402409f0640e055fcf7b3241796159e844cb9feb,false,t083,low_vol,21,1,0.07303226674353001,1.1593512929202807,0.3139968277768326,5.560729367866456,1000,108,0,0.013758052035584159,0.29998862708987184,0.9900446264637169,2.334287957960729e-13,0.10271950271950273,false,,,,,,,full
selected,planted,2174,gross,4.203966195955177e-16,48b220842cf751b940162700d3dc56727aba575fd6b0078e8d6f267ddb0cde48,false,t093,signal_x_ewma,1,1,0.12770856125062377,2.0273105601780625,0.32976393019485833,5.687257701637589,1000,108,0,0.0016745487847359397,0.10465867176962015,0.9999778397503332,0.769458054591325,0.13442113442113443,true,,,,,,,full
selected,planted,2174,net,3.631658150568422e-13,2ed99f955f35ed351a0360f74fc516bb6178c3cbb75e503423feae9dff62590b,false,t100,signal_x_ewma,5,1,0.06846397137920605,1.0868318522233382,0.16229149599744558,8.280378380933518,1000,108,0,0.02241356652534159,0.38289685643996807,0.9848724564712451,1.2469034837182686e-23,0.11491841491841492,true,,,,,,,full
selected,planted,2175,gross,2.147217672068187e-15,d11455a6c803739d4d1a3acff48561163ed9e236fc924189dc718c09d5adcf38,false,t084,signal_x_ewma,1,0,0.13738331297659406,2.1808924825573244,0.025199771032371813,6.242202299266703,1000,108,0,0.0025630265384658135,0.1294800528821323,0.9999913361429754,0.5976165632016834,0.006682206682206682,true,,,,,,,full
selected,planted,2175,net,1.5612198321063947e-12,694a4fc2b6611d50dd3527036b0338b896559d8a80f72f8c68313e3b923239b3,false,t106,signal_x_ewma,5,1,0.0731337434253179,1.1609621853035772,-0.1291983928555219,4.868916928320568,1000,108,0,0.020536511908473894,0.3665132310990207,0.9891282453355524,1.6960755535459102e-20,0.046076146076146074,true,,,,,,,full
selected,planted,2176,gross,3.8552858952949583e-16,525596a4945c83ed98f88c4cc09d59231db15331bd80f8d36f0b8613a455a5a1,false,t087,signal_x_ewma,1,1,0.12997437067978715,2.063279169785052,0.12804903285360186,4.662072660178473,1000,108,0,0.001421455651555489,0.09642573853457506,0.9999802610770048,0.855653881817211,0.11064491064491065,true,,,,,,,full
selected,planted,2176,net,1.4072416896407414e-13,5333093a8ab6e7476f0df8efb9704a7b7613599879cfbf58b3cac0cfed0db616,false,t080,low_vol,21,0,0.07256725699892821,1.1519694920716526,-0.14592729844117552,4.328931482146844,1000,108,0,0.01737239084182334,0.3370979506893069,0.9885964534466894,5.2445045498459154e-17,0.2114996114996115,false,,,,,,,full
selected,planted,2177,gross,4.448132340854789e-16,f8ca85e271cbdd245ac9fa8bac8ac49dcf2630627e7a9346e94ac49311aff525,false,t094,signal_x_ewma,5,1,0.15640335463431926,2.4828262834719017,0.866710344552358,9.9518641457696,1000,108,0,0.0023241429157160854,0.12329848252574166,0.9999998739678282,0.862445111493783,0.012432012432012432,true,,,,,,,full
selected,planted,2177,net,2.3624865358739195e-13,c6eed449cf4b2daa0b165939668ccac5ba34d9f31431c31ed678cf3f3aeb0657,false,t094,signal_x_ewma,5,1,0.09827051232041586,1.5599960208643757,0.8908132596766104,10.067466291812696,1000,108,0,0.015213038559020314,0.3154527367971093,0.9993438998563194,6.169055076406272e-13,0.018803418803418803,true,,,,,,,full
selected,planted,2178,gross,5.599806826026678e-16,77cd8d905da44cabf6db4fc8c305d357f3228eada14651a0b83c43a01ff86236,false,t096,signal_x_ewma,1,0,0.16554590043952885,2.62795969877551,0.41738628522984633,5.147905947011795,1000,108,0,0.004225957740495773,0.16626042697513435,0.9999999540835708,0.490802062809582,0.01934731934731935,true,,,,,,,full
selected,planted,2178,net,7.354813943267838e-13,e7a32067c502a50a7c696576dd7fdc8c163da3b91a5fbc21fcbc6727a1d8f5a0,false,t099,signal_x_ewma,1,1,0.12086102166521455,1.9186092391640839,0.31921461665485296,5.171772876746996,1000,108,0,0.011265424321905594,0.27145640533514115,0.9999445548123964,7.307970067228634e-07,0.01320901320901321,true,,,,,,,full
selected,planted,2179,gross,5.983145083971363e-16,d6a36246df407dfc32c60818a9345a36531cfe5523d88edab6dcc957d2577753,false,t093,signal_x_ewma,1,1,0.09552853073634825,1.5164684126386045,0.14054468225942712,5.487461842441393,1000,108,0,0.0023003742689070117,0.12266638511503271,0.9987535063132096,0.19513833488125676,0.1536907536907537,true,,,,,,,full
selected,planted,2179,net,4.1609649561159593e-13,c6aa4113a16a94bdaf791b36a73befa23241598564090ce62c5b08cbdf694f3b,false,t101,signal_x_ewma,21,1,0.04755893282106566,0.7549746531850036,0.3817786891382857,5.850602837176585,1000,108,0,0.016820816369742548,0.3317033452594015,0.9351029391187173,7.085269638941123e-20,0.06371406371406371,true,,,,,,,full
selected,planted,2180,gross,3.897803874985989e-16,d7adc2f0fd1c5b8646176694e3a5b7dbcc62b1c50c07e86f38199980789bd8d7,false,t084,signal_x_ewma,1,0,0.12270901763611716,1.9479452657412297,0.1671753646999973,5.886387805808311,1000,108,0,0.0014833525041308697,0.09850278307682174,0.9999483222248531,0.7781314111728025,0.01857031857031857,true,,,,,,,full
selected,planted,2180,net,3.463682271176044e-13,cde68f1ff75ef90c746923ab8cb5e151c88ebd0a87fed48dc19ceb5d66ed030d,false,t035,momentum,21,1,0.021111970871205917,0.335142147669903,0.09318697556894326,7.0355120888306955,1000,108,0,0.012113883984819435,0.28149327357802584,0.7478430876656712,8.963264998639584e-17,0.3203574203574204,false,,,,,,,full
selected,planted,2181,gross,4.692374326490869e-16,5b5617fa72fdd14b2091f7aab6596e7b6045c426b6139f76a11a44c8ff0dedc3,false,t084,signal_x_ewma,1,0,0.10284312859256003,1.6325840538465,-0.13242169362867395,4.381412165529187,1000,108,0,0.0012258404247983772,0.08954540109798159,0.9993466447107763,0.6611627476884558,0.17987567987567987,true,,,,,,,full
selected,planted,2181,net,9.127663817845692e-13,9c42cf9ff2aa24b62bc4c799ac7e9a58ac8da0757dccf1868ac32b3e77d64667,false,t026,momentum,21,0,0.06618522696563167,1.0506579061045649,0.18568281895120664,4.954298696153501,1000,108,0,0.01558584965019161,0.3192945883323662,0.982148274778516,4.793049872343321e-16,0.12152292152292152,false,,,,,,,full
selected,planted,2182,gross,3.678732608844569e-16,68a69576fec8f491f7b1a51315930893e48b597b06434ed4e1e6c175ae20eabd,false,t087,signal_x_ewma,1,1,0.1060830801763882,1.684016690750695,-0.029215744388858912,4.780782245145931,1000,108,0,0.0017306774617720409,0.10639822566780062,0.9995660350064236,0.4960532978402559,0.18515928515928515,true,,,,,,,full
selected,planted,2182,net,4.387273720516136e-13,568c67d921598c53266c4ca6ada6e8abc5ee0afb74db0b499a21d6c8f8abfd83,false,t099,signal_x_ewma,1,1,0.04922544522073491,0.7814297173829855,0.180169996490969,4.531969242517392,1000,108,0,0.013306064491309316,0.2950197757790411,0.9407532567053941,3.21828221520728e-15,0.09945609945609946,true,,,,,,,full
selected,planted,2183,gross,4.3379488886571046e-16,6783966ae3f6450ed3a686f9cfddf966855c3f550021f47670d8092523809d18,false,t091,signal_x_ewma,5,0,0.13670708872693638,2.1701577553866915,0.3801675213778153,5.433135743447778,1000,108,0,0.001994983400581705,0.11423415139223465,0.9999943338982337,0.7647513596054543,0.1560994560994561,true,,,,,,,full
selected,planted,2183,net,5.879577923637495e-13,9d565b61a52c5b22726f311f26966ec75ce8d9a95c72234034fa19e998bc4bbb,false,t100,signal_x_ewma,5,1,0.05689252837065785,0.9031408891586846,-0.04016674772446943,4.946279572405822,1000,108,0,0.021366486884163514,0.3738461193348333,0.9635370678665197,8.377324881530424e-24,0.10839160839160839,true,,,,,,,full
selected,planted,2184,gross,6.815062973031691e-16,03f13fa7805bee74ee7bbb3cb7f943e611ef02764b45c8be54f3b03056925a5b,false,t007,momentum,5,0,0.07117079247154372,1.129801304946556,0.11735004791423302,4.8186874608763395,1000,108,0,0.0014343449284479665,0.09686192987493811,0.9878848503284838,0.2079800005609363,0.36884226884226884,false,,,,,,,full
selected,planted,2184,net,4.815088384364487e-13,dfe618863e110d9732eefeec40373e03ec529decffa98462f7391f3c96949355,false,t100,signal_x_ewma,5,1,0.016854626654133866,0.26755890340607325,-0.8317526424102663,7.770886543033579,1000,108,0,0.012279886062808675,0.28341542631572275,0.7015635786439259,3.0120819864000285e-17,0.40893550893550895,true,,,,,,,full
selected,planted,2185,gross,3.963226806452997e-16,bbe85fda9adf1788bc2465f5d57a9b0e81b2b2ccd2b341c36aba178e2af3dd36,false,t053,reversal,21,1,0.11837969782602571,1.8792194443598256,0.1131346253888098,5.81594684132381,1000,108,0,0.0008728856125830121,0.07556226789977058,0.9999061908485289,0.9116491606256596,0.07583527583527584,false,,,,,,,full
selected,planted,2185,net,3.901693860399962e-12,4cda1fb633341faffec0189aefc2d23e98d3aa9e319bedb4e9e98350f229b2d2,false,t053,reversal,21,1,0.08573113037902345,1.360939503596104,0.12668070120244831,5.73233595529379,1000,108,0,0.013437499521692459,0.29647327270659607,0.9966625065899761,1.2953195432741044e-11,0.06674436674436675,false,,,,,,,full
selected,planted,2186,gross,4.057872465744407e-16,faebf05f804b59470ebd3e92a00a377c9242698cf849e34c1f2fd90ebc748f49,false,t084,signal_x_ewma,1,0,0.13255344661898227,2.1042207310698156,0.2576965821066325,6.013036408798702,1000,108,0,0.0015294219865345901,0.10002072107863229,0.9999875261810737,0.8495624634651154,0.04522144522144522,true,,,,,,,full
selected,planted,2186,net,2.962621982387484e-12,3ffc692365a02b53bc3ec2a7b201b0a3d6e8a9023b06e16e90456775673708a8,false,t105,signal_x_ewma,1,1,0.05008163815127855,0.7950213587940459,0.2834686901273431,5.726591364441727,1000,108,0,0.013077755915654148,0.2924778154558783,0.9442957788549697,6.552313218106473e-15,0.23162393162393163,true,,,,,,,full
selected,planted,2187,gross,4.054375539447693e-16,519f415e3e7c4cb1c7114d5634a183c568d85cc46a942d66d808716a1ad48bfa,false,t084,signal_x_ewma,1,0,0.12238287016995428,1.9427678352240247,0.18169897200134583,4.36391676607746,1000,108,0,0.0012807426644374587,0.09152869180068163,0.9999492406232733,0.8364426454590858,0.007381507381507382,true,,,,,,,full
selected,planted,2187,net,9.730778139335733e-13,801a7e11953ead54c02368c4be65e25efb6746b64f83a7630302dbb6d42479f5,false,t099,signal_x_ewma,1,1,0.03375442657924487,0.5358349102576235,-0.2609990102231152,4.506839734768233,1000,108,0,0.014915089234802543,0.3123483704948636,0.8558096619074523,9.536707813348423e-19,0.11383061383061382,true,,,,,,,full
selected,planted,2188,gross,4.2644610464460773e-16,b74fd53e977ca1b97a1f4807ef261b3b3a3b38cb742e2c0de20ad3b80da373a7,false,t087,signal_x_ewma,1,1,0.13222265439007733,2.0989695672299242,0.04839768312678553,6.1792414486125455,1000,108,0,0.001489816528812951,0.09871717320357606,0.9999830562704287,0.8532585777673574,0.03550893550893551,true,,,,,,,full
selected,planted,2188,net,6.080403133898068e-13,89817f4364f9bbfdb8be8a8ec6dac789caabdd9269a6c382a5bf5cb2c01b3e12,false,t104,signal_x_ewma,21,0,0.08208807896372908,1.303107855246359,-0.029903302468075293,5.09801909464615,1000,108,0,0.012709888960807192,0.2883348882389338,0.9950956176021314,4.333469431176605e-11,0.055944055944055944,true,,,,,,,full
selected,planted,2189,gross,4.0610692226336605e-16,a391dfb3d1d1b6c1261ef7fbc173c819d242bea12c78ccdb2fd31bf7a5141aa3,false,t087,signal_x_ewma,1,1,0.13564215071127222,2.1532523884798156,0.27978155885608347,5.22651594922489,1000,108,0,0.001492663836572755,0.0988114613250595,0.9999924585047227,0.8800089577428563,0.05998445998445998,true,,,,,,,full
selected,planted,2189,net,1.7528136925652993e-13,62c1e97836125201e57951992900fbd3d30c95815c27db33c80003688fe63a93,false,t094,signal_x_ewma,5,1,0.06819775852595578,1.0826058541902832,0.24626680245235097,5.5433538839894725,1000,108,0,0.009547435765274472,0.24990197542666356,0.9849221561490866,3.814338342566985e-09,0.19627039627039627,true,,,,,,,full
selected,planted,2190,gross,4.484754786385024e-16,3b928c15d6545949329b84c95f34b81b04a07b843ea3f43570947bd5dad659d3,false,t099,signal_x_ewma,1,1,0.1238494336713384,1.9660488090633037,0.2562340834486099,4.311191423654146,1000,108,0,0.003107282669777424,0.1425662407265334,0.9999612990453107,0.27515552362555706,0.1216006216006216,true,,,,,,,full
selected,planted,2190,net,3.154364126670071e-13,0d22002c97d7d0f562562f6f5c1de12e14b4b46b3391ae97301d544968b6d7d4,false,t095,signal_x_ewma,21,1,0.07834767060014321,1.2437307132551134,0.295912781872978,4.65747127959899,1000,108,0,0.0289561039543025,0.43520750913423867,0.9937618641538297,2.6397640101756514e-30,0.06371406371406371,true,,,,,,,full
selected,planted,2191,gross,3.8638060745364404e-16,d58b31fa60dd5120ffab78c6f6eec427cb2d4a9f45f41af9e1d54ff8e45c78ea,false,t094,signal_x_ewma,5,1,0.1338715068566374,2.1251442886808447,0.26422790366573734,7.903740748087756,1000,108,0,0.0028281194850283166,0.13601136324470667,0.9999888587457909,0.47297837413857763,0.021678321678321677,true,,,,,,,full
selected,planted,2191,net,3.378576841725898e-13,546fe63805bfb3a32fbf398b17afc51de39748c958284f6ccbb3b96d9f61a0dc,false,t099,signal_x_ewma,1,1,0.07659924890603206,1.2159753793181836,0.07056282937653718,7.685660653985915,1000,108,0,0.020590848649680686,0.3669977821977734,0.9921487616851395,2.6316693793588443e-20,0.015306915306915306,true,,,,,,,full
selected,planted,2192,gross,4.1763955653391646e-16,7d56e465d7242b75ab2b385bcb25b0e2c9ced8bf530613c37f45ace5cea369fb,false,t093,signal_x_ewma,1,1,0.11164163210140114,1.7722559670100366,0.17930022306493715,5.56637908654645,1000,108,0,0.0011250251009644445,0.08578422315502678,0.9997991089375522,0.793792146368457,0.29797979797979796,true,,,,,,,full
selected,planted,2192,net,4.761457961652662e-13,af21130912b6e89c9861e298a995beab06619b70d3ec2d71e02174aed87eaf25,false,t020,momentum,21,0,0.022490067983569083,0.3570187611207581,-0.15786359129247873,4.5721301338456035,1000,108,0,0.013432223232294578,0.29641506126747047,0.7609694695936227,2.794370473222951e-18,0.5571872571872571,false,,,,,,,full
selected,planted,2193,gross,3.937515692648804e-16,eb2678eae577503da75d5b819f61698fff8cb7fca3096b943b14737ed67f694c,false,t084,signal_x_ewma,1,0,0.13517306308429883,2.1458058532554016,0.21239121033101882,4.073186737607573,1000,108,0,0.0014507858824546948,0.09741548049513492,0.9999916167078756,0.8853675185775662,0.07606837606837606,true,,,,,,,full
selected,planted,2193,net,1.542694972142552e-13,4446ba755fc44aecefc4fdf373c74a792526608a146423d2ff823c12e3a48594,false,t099,signal_x_ewma,1,1,0.07056685855295389,1.1202141512051236,-0.0029550473896469715,4.341982454957459,1000,108,0,0.011812411230080777,0.2779685076738348,0.986977747641014,3.0541665796976265e-11,0.09805749805749805,true,,,,,,,full
selected,planted,2194,gross,3.8138100824067877e-16,15e95c1b3f1b7373bb12436d7df5b887bd61b8d6c99363b852b87c5380974af8,false,t084,signal_x_ewma,1,0,0.13280055899448773,2.1081435184186588,0.29177143794450466,4.296709594376789,1000,108,0,0.0016258718554583915,0.10312630877805573,0.9999892721982386,0.8288111698600807,0.09704739704739705,true,,,,,,,full
selected,planted,2194,net,3.5829161029375664e-13,88429f22242e1cb0c64a4bc49c5d90173b7ce4088dcbca5a5e5c89973ff16e14,false,t089,signal_x_ewma,21,1,0.051874151881047534,0.8234766320978713,0.40421437906350133,4.7438144743216215,1000,108,0,0.014743638207858371,0.31054793748366827,0.951029817378735,7.763954023920702e-17,0.18275058275058276,true,,,,,,,full
selected,planted,2195,gross,4.1043160258926346e-16,7f184e561e3532d5ab1dea90fd9f4e7c4d17d8b04831fcc5e0ff493691e6e082,false,t099,signal_x_ewma,1,1,0.11196013981350855,1.7773121201913908,-0.051875262223774234,5.205072119425074,1000,108,0,0.0023139858509982434,0.1230287654776341,0.9997722087830818,0.3644567628176489,0.2704739704739705,true,,,,,,,full
selected,planted,2195,net,1.0354560794068888e-12,3c209f33f2c7f33209ed7af0db7635bdade241683e47fe77b2aa8812906b0e16,false,t105,signal_x_ewma,1,1,0.08229068394015594,1.3063241095384166,-0.13841085803358325,4.671783635987562,1000,108,0,0.011274533271005117,0.27156612969493754,0.9950364762999204,1.5105860114775339e-09,0.10823620823620823,true,,,,,,,full
selected,planted,2196,gross,4.2871879241275047e-16,4326396e4efe05a488e5e22935fec69c177d0e4411e19a50f5ea4d6b00a816f5,false,t093,signal_x_ewma,1,1,0.1273037043134302,2.0208836555438214,0.17706078579682294,5.882594470650076,1000,108,0,0.002605677037850238,0.13055292589888376,0.9999720217634396,0.4590449971501282,0.010878010878010878,true,,,,,,,full
selected,planted,2196,net,4.0140150940641327e-13,9212edd88dfd41d79e7853e81b4636049aaefb8e230ed5cb323851fafe745560,false,t105,signal_x_ewma,1,1,0.08392674294802002,1.3322957411286291,0.37378693217180736,5.062353710584095,1000,108,0,0.014727331566979227,0.31037615509843847,0.9963776836108096,2.151846759375616e-13,0.02362082362082362,true,,,,,,,full
selected,planted,2197,gross,4.060683077389672e-16,11c8c6266921da32f8dd4c12b381e9a016ba3b2ba369217d8dc436dc4dafee62,false,t087,signal_x_ewma,1,1,0.13024529881541694,2.0675800206053325,-0.1415999809164132,4.621885862265364,1000,108,0,0.0016724877622245604,0.10459424537217384,0.999974259114128,0.7873867953424802,0.07692307692307693,true,,,,,,,full
selected,planted,2197,net,2.0857942249241573e-13,3b9ba5632e578ca655c0272789f00f50ed60ef24ddd058377bd9f12970cbddc7,false,t093,signal_x_ewma,1,1,0.04192151528810775,0.6654834242119522,-0.3022789054624937,4.473148470959213,1000,108,0,0.009037031003610528,0.24313036535168128,0.9058633765912334,1.351428782838239e-10,0.29836829836829837,true,,,,,,,full
selected,planted,2198,gross,4.1851781291162165e-16,4b30db1b68e01142c0dedc153c50db50ae1847df7b5d1dc509bf5b9219b6d094,false,t087,signal_x_ewma,1,1,0.13952805700807866,2.2149392385565143,-0.06550461782383607,5.875429452517867,1000,108,0,0.0017525130725083344,0.10706732435836748,0.9999928538144406,0.8436393532559219,0.041181041181041184,true,,,,,,,full
selected,planted,2198,net,8.104561503618008e-13,2899f976397cf42fe35215b62f1b67b7a19ea26678983ca6fe7061b08084758d,false,t099,signal_x_ewma,1,1,0.059346679672568625,0.9420993333061725,0.13543372089732575,5.734958396125605,1000,108,0,0.015973795895763507,0.3232439328166957,0.9699055194715523,3.212027595738747e-17,0.08912198912198913,true,,,,,,,full
selected,planted,2199,gross,4.007504712629818e-16,7082d2ca354c169fb1e210abc72d6d82121a95daa67f68df5eba89efef21b9af,false,t090,signal_x_ewma,1,0,0.12020355856029707,1.9081723359332117,-0.5603648290895484,7.545889736561055,1000,108,0,0.0021526421802715526,0.11866215727038548,0.9998622801573172,0.5186010771111073,0.13931623931623932,true,,,,,,,full
selected,planted,2199,net,6.179775095875214e-12,d8728a10cf9eaba16efbd7ef38f24a2e3e0403313b9505c98c0fe2a5569c0842,false,t100,signal_x_ewma,5,1,0.06355163230538437,1.0088508869535928,-0.5345906198741956,8.031837027797712,1000,108,0,0.013033386528978947,0.2919812437572539,0.9755033795470481,7.413091494833887e-13,0.1501942501942502,true,,,,,,,full
