part,seed,subject_id,name,kind,named_guard,instant,g2_caught,g7,G1,G3,G4,G5,G6,mode
audit,4100,C1,peek_next_close,strategy,G2,43,true,passed,passed,caught,passed,passed,passed,full
audit,4100,C1,peek_next_close,strategy,G2,70,true,passed,passed,caught,passed,passed,passed,full
audit,4100,C1,peek_next_close,strategy,G2,132,true,passed,passed,caught,passed,passed,passed,full
audit,4100,C1,peek_next_close,strategy,G2,144,true,passed,passed,caught,passed,passed,passed,full
audit,4100,C1,peek_next_close,strategy,G2,197,true,passed,passed,caught,passed,passed,passed,full
audit,4100,C1,peek_next_close,strategy,G2,201,true,passed,passed,caught,passed,passed,passed,full
audit,4100,C1,peek_next_close,strategy,G2,254,true,passed,passed,caught,passed,passed,passed,full
audit,4100,C1,peek_next_close,strategy,G2,255,true,passed,passed,caught,passed,passed,passed,full
audit,4100,C1,peek_next_close,strategy,G2,278,true,passed,passed,caught,passed,passed,passed,full
audit,4100,C1,peek_next_close,strategy,G2,331,true,passed,passed,caught,passed,passed,passed,full
audit,4101,C1,peek_next_close,strategy,G2,23,true,passed,passed,caught,passed,passed,passed,full
audit,4101,C1,peek_next_close,strategy,G2,53,true,passed,passed,caught,passed,passed,passed,full
audit,4101,C1,peek_next_close,strategy,G2,65,true,passed,passed,caught,passed,passed,passed,full
audit,4101,C1,peek_next_close,strategy,G2,77,true,passed,passed,caught,passed,passed,passed,full
audit,4101,C1,peek_next_close,strategy,G2,96,true,passed,passed,caught,passed,passed,passed,full
audit,4101,C1,peek_next_close,strategy,G2,183,true,passed,passed,caught,passed,passed,passed,full
audit,4101,C1,peek_next_close,strategy,G2,203,true,passed,passed,caught,passed,passed,passed,full
audit,4101,C1,peek_next_close,strategy,G2,405,true,passed,passed,caught,passed,passed,passed,full
audit,4101,C1,peek_next_close,strategy,G2,433,true,passed,passed,caught,passed,passed,passed,full
audit,4101,C1,peek_next_close,strategy,G2,494,true,passed,passed,caught,passed,passed,passed,full
audit,4102,C1,peek_next_close,strategy,G2,96,true,passed,passed,caught,passed,passed,passed,full
audit,4102,C1,peek_next_close,strategy,G2,150,true,passed,passed,caught,passed,passed,passed,full
audit,4102,C1,peek_next_close,strategy,G2,160,true,passed,passed,caught,passed,passed,passed,full
audit,4102,C1,peek_next_close,strategy,G2,176,true,passed,passed,caught,passed,passed,passed,full
audit,4102,C1,peek_next_close,strategy,G2,185,true,passed,passed,caught,passed,passed,passed,full
audit,4102,C1,peek_next_close,strategy,G2,237,true,passed,passed,caught,passed,passed,passed,full
audit,4102,C1,peek_next_close,strategy,G2,243,true,passed,passed,caught,passed,passed,passed,full
audit,4102,C1,peek_next_close,strategy,G2,277,true,passed,passed,caught,passed,passed,passed,full
audit,4102,C1,peek_next_close,strategy,G2,357,true,passed,passed,caught,passed,passed,passed,full
audit,4102,C1,peek_next_close,strategy,G2,498,true,passed,passed,caught,passed,passed,passed,full
audit,4103,C1,peek_next_close,strategy,G2,151,true,passed,passed,caught,passed,passed,passed,full
audit,4103,C1,peek_next_close,strategy,G2,156,true,passed,passed,caught,passed,passed,passed,full
audit,4103,C1,peek_next_close,strategy,G2,185,true,passed,passed,caught,passed,passed,passed,full
audit,4103,C1,peek_next_close,strategy,G2,201,true,passed,passed,caught,passed,passed,passed,full
audit,4103,C1,peek_next_close,strategy,G2,309,true,passed,passed,caught,passed,passed,passed,full
audit,4103,C1,peek_next_close,strategy,G2,370,true,passed,passed,caught,passed,passed,passed,full
audit,4103,C1,peek_next_close,strategy,G2,392,true,passed,passed,caught,passed,passed,passed,full
audit,4103,C1,peek_next_close,strategy,G2,402,true,passed,passed,caught,passed,passed,passed,full
audit,4103,C1,peek_next_close,strategy,G2,474,true,passed,passed,caught,passed,passed,passed,full
audit,4103,C1,peek_next_close,strategy,G2,491,true,passed,passed,caught,passed,passed,passed,full
audit,4104,C1,peek_next_close,strategy,G2,55,true,passed,passed,caught,passed,passed,passed,full
audit,4104,C1,peek_next_close,strategy,G2,98,true,passed,passed,caught,passed,passed,passed,full
audit,4104,C1,peek_next_close,strategy,G2,100,true,passed,passed,caught,passed,passed,passed,full
audit,4104,C1,peek_next_close,strategy,G2,235,true,passed,passed,caught,passed,passed,passed,full
audit,4104,C1,peek_next_close,strategy,G2,273,true,passed,passed,caught,passed,passed,passed,full
audit,4104,C1,peek_next_close,strategy,G2,275,true,passed,passed,caught,passed,passed,passed,full
audit,4104,C1,peek_next_close,strategy,G2,299,true,passed,passed,caught,passed,passed,passed,full
audit,4104,C1,peek_next_close,strategy,G2,307,true,passed,passed,caught,passed,passed,passed,full
audit,4104,C1,peek_next_close,strategy,G2,400,true,passed,passed,caught,passed,passed,passed,full
audit,4104,C1,peek_next_close,strategy,G2,446,true,passed,passed,caught,passed,passed,passed,full
audit,4105,C1,peek_next_close,strategy,G2,38,true,passed,passed,caught,passed,passed,passed,full
audit,4105,C1,peek_next_close,strategy,G2,124,true,passed,passed,caught,passed,passed,passed,full
audit,4105,C1,peek_next_close,strategy,G2,133,true,passed,passed,caught,passed,passed,passed,full
audit,4105,C1,peek_next_close,strategy,G2,187,true,passed,passed,caught,passed,passed,passed,full
audit,4105,C1,peek_next_close,strategy,G2,288,true,passed,passed,caught,passed,passed,passed,full
audit,4105,C1,peek_next_close,strategy,G2,306,true,passed,passed,caught,passed,passed,passed,full
audit,4105,C1,peek_next_close,strategy,G2,350,true,passed,passed,caught,passed,passed,passed,full
audit,4105,C1,peek_next_close,strategy,G2,368,true,passed,passed,caught,passed,passed,passed,full
audit,4105,C1,peek_next_close,strategy,G2,408,true,passed,passed,caught,passed,passed,passed,full
audit,4105,C1,peek_next_close,strategy,G2,410,true,passed,passed,caught,passed,passed,passed,full
audit,4106,C1,peek_next_close,strategy,G2,80,true,passed,passed,caught,passed,passed,passed,full
audit,4106,C1,peek_next_close,strategy,G2,114,true,passed,passed,caught,passed,passed,passed,full
audit,4106,C1,peek_next_close,strategy,G2,123,true,passed,passed,caught,passed,passed,passed,full
audit,4106,C1,peek_next_close,strategy,G2,186,true,passed,passed,caught,passed,passed,passed,full
audit,4106,C1,peek_next_close,strategy,G2,266,true,passed,passed,caught,passed,passed,passed,full
audit,4106,C1,peek_next_close,strategy,G2,318,true,passed,passed,caught,passed,passed,passed,full
audit,4106,C1,peek_next_close,strategy,G2,322,true,passed,passed,caught,passed,passed,passed,full
audit,4106,C1,peek_next_close,strategy,G2,370,true,passed,passed,caught,passed,passed,passed,full
audit,4106,C1,peek_next_close,strategy,G2,405,true,passed,passed,caught,passed,passed,passed,full
audit,4106,C1,peek_next_close,strategy,G2,429,true,passed,passed,caught,passed,passed,passed,full
audit,4107,C1,peek_next_close,strategy,G2,27,true,passed,passed,caught,passed,passed,passed,full
audit,4107,C1,peek_next_close,strategy,G2,37,true,passed,passed,caught,passed,passed,passed,full
audit,4107,C1,peek_next_close,strategy,G2,130,true,passed,passed,caught,passed,passed,passed,full
audit,4107,C1,peek_next_close,strategy,G2,145,true,passed,passed,caught,passed,passed,passed,full
audit,4107,C1,peek_next_close,strategy,G2,164,true,passed,passed,caught,passed,passed,passed,full
audit,4107,C1,peek_next_close,strategy,G2,253,true,passed,passed,caught,passed,passed,passed,full
audit,4107,C1,peek_next_close,strategy,G2,340,true,passed,passed,caught,passed,passed,passed,full
audit,4107,C1,peek_next_close,strategy,G2,403,true,passed,passed,caught,passed,passed,passed,full
audit,4107,C1,peek_next_close,strategy,G2,408,true,passed,passed,caught,passed,passed,passed,full
audit,4107,C1,peek_next_close,strategy,G2,467,true,passed,passed,caught,passed,passed,passed,full
audit,4108,C1,peek_next_close,strategy,G2,59,true,passed,passed,caught,passed,passed,passed,full
audit,4108,C1,peek_next_close,strategy,G2,95,true,passed,passed,caught,passed,passed,passed,full
audit,4108,C1,peek_next_close,strategy,G2,116,true,passed,passed,caught,passed,passed,passed,full
audit,4108,C1,peek_next_close,strategy,G2,282,true,passed,passed,caught,passed,passed,passed,full
audit,4108,C1,peek_next_close,strategy,G2,307,true,passed,passed,caught,passed,passed,passed,full
audit,4108,C1,peek_next_close,strategy,G2,367,true,passed,passed,caught,passed,passed,passed,full
audit,4108,C1,peek_next_close,strategy,G2,391,true,passed,passed,caught,passed,passed,passed,full
audit,4108,C1,peek_next_close,strategy,G2,400,true,passed,passed,caught,passed,passed,passed,full
audit,4108,C1,peek_next_close,strategy,G2,424,true,passed,passed,caught,passed,passed,passed,full
audit,4108,C1,peek_next_close,strategy,G2,441,true,passed,passed,caught,passed,passed,passed,full
audit,4109,C1,peek_next_close,strategy,G2,54,true,passed,passed,caught,passed,passed,passed,full
audit,4109,C1,peek_next_close,strategy,G2,61,true,passed,passed,caught,passed,passed,passed,full
audit,4109,C1,peek_next_close,strategy,G2,84,true,passed,passed,caught,passed,passed,passed,full
audit,4109,C1,peek_next_close,strategy,G2,112,true,passed,passed,caught,passed,passed,passed,full
audit,4109,C1,peek_next_close,strategy,G2,113,true,passed,passed,caught,passed,passed,passed,full
audit,4109,C1,peek_next_close,strategy,G2,240,true,passed,passed,caught,passed,passed,passed,full
audit,4109,C1,peek_next_close,strategy,G2,254,true,passed,passed,caught,passed,passed,passed,full
audit,4109,C1,peek_next_close,strategy,G2,347,true,passed,passed,caught,passed,passed,passed,full
audit,4109,C1,peek_next_close,strategy,G2,429,true,passed,passed,caught,passed,passed,passed,full
audit,4109,C1,peek_next_close,strategy,G2,446,true,passed,passed,caught,passed,passed,passed,full
audit,4100,C1b,peek_by_path,strategy,G2,43,true,passed,passed,caught,passed,passed,passed,full
audit,4100,C1b,peek_by_path,strategy,G2,70,true,passed,passed,caught,passed,passed,passed,full
audit,4100,C1b,peek_by_path,strategy,G2,132,true,passed,passed,caught,passed,passed,passed,full
audit,4100,C1b,peek_by_path,strategy,G2,144,true,passed,passed,caught,passed,passed,passed,full
audit,4100,C1b,peek_by_path,strategy,G2,197,true,passed,passed,caught,passed,passed,passed,full
audit,4100,C1b,peek_by_path,strategy,G2,201,true,passed,passed,caught,passed,passed,passed,full
audit,4100,C1b,peek_by_path,strategy,G2,254,true,passed,passed,caught,passed,passed,passed,full
audit,4100,C1b,peek_by_path,strategy,G2,255,true,passed,passed,caught,passed,passed,passed,full
audit,4100,C1b,peek_by_path,strategy,G2,278,true,passed,passed,caught,passed,passed,passed,full
audit,4100,C1b,peek_by_path,strategy,G2,331,true,passed,passed,caught,passed,passed,passed,full
audit,4101,C1b,peek_by_path,strategy,G2,23,true,passed,passed,caught,passed,passed,passed,full
audit,4101,C1b,peek_by_path,strategy,G2,53,true,passed,passed,caught,passed,passed,passed,full
audit,4101,C1b,peek_by_path,strategy,G2,65,true,passed,passed,caught,passed,passed,passed,full
audit,4101,C1b,peek_by_path,strategy,G2,77,true,passed,passed,caught,passed,passed,passed,full
audit,4101,C1b,peek_by_path,strategy,G2,96,true,passed,passed,caught,passed,passed,passed,full
audit,4101,C1b,peek_by_path,strategy,G2,183,true,passed,passed,caught,passed,passed,passed,full
audit,4101,C1b,peek_by_path,strategy,G2,203,true,passed,passed,caught,passed,passed,passed,full
audit,4101,C1b,peek_by_path,strategy,G2,405,true,passed,passed,caught,passed,passed,passed,full
audit,4101,C1b,peek_by_path,strategy,G2,433,true,passed,passed,caught,passed,passed,passed,full
audit,4101,C1b,peek_by_path,strategy,G2,494,true,passed,passed,caught,passed,passed,passed,full
audit,4102,C1b,peek_by_path,strategy,G2,96,true,passed,passed,caught,passed,passed,passed,full
audit,4102,C1b,peek_by_path,strategy,G2,150,true,passed,passed,caught,passed,passed,passed,full
audit,4102,C1b,peek_by_path,strategy,G2,160,true,passed,passed,caught,passed,passed,passed,full
audit,4102,C1b,peek_by_path,strategy,G2,176,true,passed,passed,caught,passed,passed,passed,full
audit,4102,C1b,peek_by_path,strategy,G2,185,true,passed,passed,caught,passed,passed,passed,full
audit,4102,C1b,peek_by_path,strategy,G2,237,true,passed,passed,caught,passed,passed,passed,full
audit,4102,C1b,peek_by_path,strategy,G2,243,true,passed,passed,caught,passed,passed,passed,full
audit,4102,C1b,peek_by_path,strategy,G2,277,true,passed,passed,caught,passed,passed,passed,full
audit,4102,C1b,peek_by_path,strategy,G2,357,true,passed,passed,caught,passed,passed,passed,full
audit,4102,C1b,peek_by_path,strategy,G2,498,true,passed,passed,caught,passed,passed,passed,full
audit,4103,C1b,peek_by_path,strategy,G2,151,true,passed,passed,caught,passed,passed,passed,full
audit,4103,C1b,peek_by_path,strategy,G2,156,true,passed,passed,caught,passed,passed,passed,full
audit,4103,C1b,peek_by_path,strategy,G2,185,true,passed,passed,caught,passed,passed,passed,full
audit,4103,C1b,peek_by_path,strategy,G2,201,true,passed,passed,caught,passed,passed,passed,full
audit,4103,C1b,peek_by_path,strategy,G2,309,true,passed,passed,caught,passed,passed,passed,full
audit,4103,C1b,peek_by_path,strategy,G2,370,true,passed,passed,caught,passed,passed,passed,full
audit,4103,C1b,peek_by_path,strategy,G2,392,true,passed,passed,caught,passed,passed,passed,full
audit,4103,C1b,peek_by_path,strategy,G2,402,true,passed,passed,caught,passed,passed,passed,full
audit,4103,C1b,peek_by_path,strategy,G2,474,true,passed,passed,caught,passed,passed,passed,full
audit,4103,C1b,peek_by_path,strategy,G2,491,true,passed,passed,caught,passed,passed,passed,full
audit,4104,C1b,peek_by_path,strategy,G2,55,true,passed,passed,caught,passed,passed,passed,full
audit,4104,C1b,peek_by_path,strategy,G2,98,true,passed,passed,caught,passed,passed,passed,full
audit,4104,C1b,peek_by_path,strategy,G2,100,true,passed,passed,caught,passed,passed,passed,full
audit,4104,C1b,peek_by_path,strategy,G2,235,true,passed,passed,caught,passed,passed,passed,full
audit,4104,C1b,peek_by_path,strategy,G2,273,true,passed,passed,caught,passed,passed,passed,full
audit,4104,C1b,peek_by_path,strategy,G2,275,true,passed,passed,caught,passed,passed,passed,full
audit,4104,C1b,peek_by_path,strategy,G2,299,true,passed,passed,caught,passed,passed,passed,full
audit,4104,C1b,peek_by_path,strategy,G2,307,true,passed,passed,caught,passed,passed,passed,full
audit,4104,C1b,peek_by_path,strategy,G2,400,true,passed,passed,caught,passed,passed,passed,full
audit,4104,C1b,peek_by_path,strategy,G2,446,true,passed,passed,caught,passed,passed,passed,full
audit,4105,C1b,peek_by_path,strategy,G2,38,true,passed,passed,caught,passed,passed,passed,full
audit,4105,C1b,peek_by_path,strategy,G2,124,true,passed,passed,caught,passed,passed,passed,full
audit,4105,C1b,peek_by_path,strategy,G2,133,true,passed,passed,caught,passed,passed,passed,full
audit,4105,C1b,peek_by_path,strategy,G2,187,true,passed,passed,caught,passed,passed,passed,full
audit,4105,C1b,peek_by_path,strategy,G2,288,true,passed,passed,caught,passed,passed,passed,full
audit,4105,C1b,peek_by_path,strategy,G2,306,true,passed,passed,caught,passed,passed,passed,full
audit,4105,C1b,peek_by_path,strategy,G2,350,true,passed,passed,caught,passed,passed,passed,full
audit,4105,C1b,peek_by_path,strategy,G2,368,true,passed,passed,caught,passed,passed,passed,full
audit,4105,C1b,peek_by_path,strategy,G2,408,true,passed,passed,caught,passed,passed,passed,full
audit,4105,C1b,peek_by_path,strategy,G2,410,true,passed,passed,caught,passed,passed,passed,full
audit,4106,C1b,peek_by_path,strategy,G2,80,true,passed,passed,caught,passed,passed,passed,full
audit,4106,C1b,peek_by_path,strategy,G2,114,true,passed,passed,caught,passed,passed,passed,full
audit,4106,C1b,peek_by_path,strategy,G2,123,true,passed,passed,caught,passed,passed,passed,full
audit,4106,C1b,peek_by_path,strategy,G2,186,true,passed,passed,caught,passed,passed,passed,full
audit,4106,C1b,peek_by_path,strategy,G2,266,true,passed,passed,caught,passed,passed,passed,full
audit,4106,C1b,peek_by_path,strategy,G2,318,true,passed,passed,caught,passed,passed,passed,full
audit,4106,C1b,peek_by_path,strategy,G2,322,true,passed,passed,caught,passed,passed,passed,full
audit,4106,C1b,peek_by_path,strategy,G2,370,true,passed,passed,caught,passed,passed,passed,full
audit,4106,C1b,peek_by_path,strategy,G2,405,true,passed,passed,caught,passed,passed,passed,full
audit,4106,C1b,peek_by_path,strategy,G2,429,true,passed,passed,caught,passed,passed,passed,full
audit,4107,C1b,peek_by_path,strategy,G2,27,true,passed,passed,caught,passed,passed,passed,full
audit,4107,C1b,peek_by_path,strategy,G2,37,true,passed,passed,caught,passed,passed,passed,full
audit,4107,C1b,peek_by_path,strategy,G2,130,true,passed,passed,caught,passed,passed,passed,full
audit,4107,C1b,peek_by_path,strategy,G2,145,true,passed,passed,caught,passed,passed,passed,full
audit,4107,C1b,peek_by_path,strategy,G2,164,true,passed,passed,caught,passed,passed,passed,full
audit,4107,C1b,peek_by_path,strategy,G2,253,true,passed,passed,caught,passed,passed,passed,full
audit,4107,C1b,peek_by_path,strategy,G2,340,true,passed,passed,caught,passed,passed,passed,full
audit,4107,C1b,peek_by_path,strategy,G2,403,true,passed,passed,caught,passed,passed,passed,full
audit,4107,C1b,peek_by_path,strategy,G2,408,true,passed,passed,caught,passed,passed,passed,full
audit,4107,C1b,peek_by_path,strategy,G2,467,true,passed,passed,caught,passed,passed,passed,full
audit,4108,C1b,peek_by_path,strategy,G2,59,true,passed,passed,caught,passed,passed,passed,full
audit,4108,C1b,peek_by_path,strategy,G2,95,true,passed,passed,caught,passed,passed,passed,full
audit,4108,C1b,peek_by_path,strategy,G2,116,true,passed,passed,caught,passed,passed,passed,full
audit,4108,C1b,peek_by_path,strategy,G2,282,true,passed,passed,caught,passed,passed,passed,full
audit,4108,C1b,peek_by_path,strategy,G2,307,true,passed,passed,caught,passed,passed,passed,full
audit,4108,C1b,peek_by_path,strategy,G2,367,true,passed,passed,caught,passed,passed,passed,full
audit,4108,C1b,peek_by_path,strategy,G2,391,true,passed,passed,caught,passed,passed,passed,full
audit,4108,C1b,peek_by_path,strategy,G2,400,true,passed,passed,caught,passed,passed,passed,full
audit,4108,C1b,peek_by_path,strategy,G2,424,true,passed,passed,caught,passed,passed,passed,full
audit,4108,C1b,peek_by_path,strategy,G2,441,true,passed,passed,caught,passed,passed,passed,full
audit,4109,C1b,peek_by_path,strategy,G2,54,true,passed,passed,caught,passed,passed,passed,full
audit,4109,C1b,peek_by_path,strategy,G2,61,true,passed,passed,caught,passed,passed,passed,full
audit,4109,C1b,peek_by_path,strategy,G2,84,true,passed,passed,caught,passed,passed,passed,full
audit,4109,C1b,peek_by_path,strategy,G2,112,true,passed,passed,caught,passed,passed,passed,full
audit,4109,C1b,peek_by_path,strategy,G2,113,true,passed,passed,caught,passed,passed,passed,full
audit,4109,C1b,peek_by_path,strategy,G2,240,true,passed,passed,caught,passed,passed,passed,full
audit,4109,C1b,peek_by_path,strategy,G2,254,true,passed,passed,caught,passed,passed,passed,full
audit,4109,C1b,peek_by_path,strategy,G2,347,true,passed,passed,caught,passed,passed,passed,full
audit,4109,C1b,peek_by_path,strategy,G2,429,true,passed,passed,caught,passed,passed,passed,full
audit,4109,C1b,peek_by_path,strategy,G2,446,true,passed,passed,caught,passed,passed,passed,full
audit,4100,C1g,peek_global_handle,strategy,G2,43,true,passed,passed,caught,passed,passed,passed,full
audit,4100,C1g,peek_global_handle,strategy,G2,70,true,passed,passed,caught,passed,passed,passed,full
audit,4100,C1g,peek_global_handle,strategy,G2,132,true,passed,passed,caught,passed,passed,passed,full
audit,4100,C1g,peek_global_handle,strategy,G2,144,true,passed,passed,caught,passed,passed,passed,full
audit,4100,C1g,peek_global_handle,strategy,G2,197,true,passed,passed,caught,passed,passed,passed,full
audit,4100,C1g,peek_global_handle,strategy,G2,201,true,passed,passed,caught,passed,passed,passed,full
audit,4100,C1g,peek_global_handle,strategy,G2,254,true,passed,passed,caught,passed,passed,passed,full
audit,4100,C1g,peek_global_handle,strategy,G2,255,true,passed,passed,caught,passed,passed,passed,full
audit,4100,C1g,peek_global_handle,strategy,G2,278,true,passed,passed,caught,passed,passed,passed,full
audit,4100,C1g,peek_global_handle,strategy,G2,331,true,passed,passed,caught,passed,passed,passed,full
audit,4101,C1g,peek_global_handle,strategy,G2,23,true,passed,passed,caught,passed,passed,passed,full
audit,4101,C1g,peek_global_handle,strategy,G2,53,true,passed,passed,caught,passed,passed,passed,full
audit,4101,C1g,peek_global_handle,strategy,G2,65,true,passed,passed,caught,passed,passed,passed,full
audit,4101,C1g,peek_global_handle,strategy,G2,77,true,passed,passed,caught,passed,passed,passed,full
audit,4101,C1g,peek_global_handle,strategy,G2,96,true,passed,passed,caught,passed,passed,passed,full
audit,4101,C1g,peek_global_handle,strategy,G2,183,true,passed,passed,caught,passed,passed,passed,full
audit,4101,C1g,peek_global_handle,strategy,G2,203,true,passed,passed,caught,passed,passed,passed,full
audit,4101,C1g,peek_global_handle,strategy,G2,405,true,passed,passed,caught,passed,passed,passed,full
audit,4101,C1g,peek_global_handle,strategy,G2,433,true,passed,passed,caught,passed,passed,passed,full
audit,4101,C1g,peek_global_handle,strategy,G2,494,true,passed,passed,caught,passed,passed,passed,full
audit,4102,C1g,peek_global_handle,strategy,G2,96,true,passed,passed,caught,passed,passed,passed,full
audit,4102,C1g,peek_global_handle,strategy,G2,150,true,passed,passed,caught,passed,passed,passed,full
audit,4102,C1g,peek_global_handle,strategy,G2,160,true,passed,passed,caught,passed,passed,passed,full
audit,4102,C1g,peek_global_handle,strategy,G2,176,true,passed,passed,caught,passed,passed,passed,full
audit,4102,C1g,peek_global_handle,strategy,G2,185,true,passed,passed,caught,passed,passed,passed,full
audit,4102,C1g,peek_global_handle,strategy,G2,237,true,passed,passed,caught,passed,passed,passed,full
audit,4102,C1g,peek_global_handle,strategy,G2,243,true,passed,passed,caught,passed,passed,passed,full
audit,4102,C1g,peek_global_handle,strategy,G2,277,true,passed,passed,caught,passed,passed,passed,full
audit,4102,C1g,peek_global_handle,strategy,G2,357,true,passed,passed,caught,passed,passed,passed,full
audit,4102,C1g,peek_global_handle,strategy,G2,498,true,passed,passed,caught,passed,passed,passed,full
audit,4103,C1g,peek_global_handle,strategy,G2,151,true,passed,passed,caught,passed,passed,passed,full
audit,4103,C1g,peek_global_handle,strategy,G2,156,true,passed,passed,caught,passed,passed,passed,full
audit,4103,C1g,peek_global_handle,strategy,G2,185,true,passed,passed,caught,passed,passed,passed,full
audit,4103,C1g,peek_global_handle,strategy,G2,201,true,passed,passed,caught,passed,passed,passed,full
audit,4103,C1g,peek_global_handle,strategy,G2,309,true,passed,passed,caught,passed,passed,passed,full
audit,4103,C1g,peek_global_handle,strategy,G2,370,true,passed,passed,caught,passed,passed,passed,full
audit,4103,C1g,peek_global_handle,strategy,G2,392,true,passed,passed,caught,passed,passed,passed,full
audit,4103,C1g,peek_global_handle,strategy,G2,402,true,passed,passed,caught,passed,passed,passed,full
audit,4103,C1g,peek_global_handle,strategy,G2,474,true,passed,passed,caught,passed,passed,passed,full
audit,4103,C1g,peek_global_handle,strategy,G2,491,true,passed,passed,caught,passed,passed,passed,full
audit,4104,C1g,peek_global_handle,strategy,G2,55,true,passed,passed,caught,passed,passed,passed,full
audit,4104,C1g,peek_global_handle,strategy,G2,98,true,passed,passed,caught,passed,passed,passed,full
audit,4104,C1g,peek_global_handle,strategy,G2,100,true,passed,passed,caught,passed,passed,passed,full
audit,4104,C1g,peek_global_handle,strategy,G2,235,true,passed,passed,caught,passed,passed,passed,full
audit,4104,C1g,peek_global_handle,strategy,G2,273,true,passed,passed,caught,passed,passed,passed,full
audit,4104,C1g,peek_global_handle,strategy,G2,275,true,passed,passed,caught,passed,passed,passed,full
audit,4104,C1g,peek_global_handle,strategy,G2,299,true,passed,passed,caught,passed,passed,passed,full
audit,4104,C1g,peek_global_handle,strategy,G2,307,true,passed,passed,caught,passed,passed,passed,full
audit,4104,C1g,peek_global_handle,strategy,G2,400,true,passed,passed,caught,passed,passed,passed,full
audit,4104,C1g,peek_global_handle,strategy,G2,446,true,passed,passed,caught,passed,passed,passed,full
audit,4105,C1g,peek_global_handle,strategy,G2,38,true,passed,passed,caught,passed,passed,passed,full
audit,4105,C1g,peek_global_handle,strategy,G2,124,true,passed,passed,caught,passed,passed,passed,full
audit,4105,C1g,peek_global_handle,strategy,G2,133,true,passed,passed,caught,passed,passed,passed,full
audit,4105,C1g,peek_global_handle,strategy,G2,187,true,passed,passed,caught,passed,passed,passed,full
audit,4105,C1g,peek_global_handle,strategy,G2,288,true,passed,passed,caught,passed,passed,passed,full
audit,4105,C1g,peek_global_handle,strategy,G2,306,true,passed,passed,caught,passed,passed,passed,full
audit,4105,C1g,peek_global_handle,strategy,G2,350,true,passed,passed,caught,passed,passed,passed,full
audit,4105,C1g,peek_global_handle,strategy,G2,368,true,passed,passed,caught,passed,passed,passed,full
audit,4105,C1g,peek_global_handle,strategy,G2,408,true,passed,passed,caught,passed,passed,passed,full
audit,4105,C1g,peek_global_handle,strategy,G2,410,true,passed,passed,caught,passed,passed,passed,full
audit,4106,C1g,peek_global_handle,strategy,G2,80,true,passed,passed,caught,passed,passed,passed,full
audit,4106,C1g,peek_global_handle,strategy,G2,114,true,passed,passed,caught,passed,passed,passed,full
audit,4106,C1g,peek_global_handle,strategy,G2,123,true,passed,passed,caught,passed,passed,passed,full
audit,4106,C1g,peek_global_handle,strategy,G2,186,true,passed,passed,caught,passed,passed,passed,full
audit,4106,C1g,peek_global_handle,strategy,G2,266,true,passed,passed,caught,passed,passed,passed,full
audit,4106,C1g,peek_global_handle,strategy,G2,318,true,passed,passed,caught,passed,passed,passed,full
audit,4106,C1g,peek_global_handle,strategy,G2,322,true,passed,passed,caught,passed,passed,passed,full
audit,4106,C1g,peek_global_handle,strategy,G2,370,true,passed,passed,caught,passed,passed,passed,full
audit,4106,C1g,peek_global_handle,strategy,G2,405,true,passed,passed,caught,passed,passed,passed,full
audit,4106,C1g,peek_global_handle,strategy,G2,429,true,passed,passed,caught,passed,passed,passed,full
audit,4107,C1g,peek_global_handle,strategy,G2,27,true,passed,passed,caught,passed,passed,passed,full
audit,4107,C1g,peek_global_handle,strategy,G2,37,true,passed,passed,caught,passed,passed,passed,full
audit,4107,C1g,peek_global_handle,strategy,G2,130,true,passed,passed,caught,passed,passed,passed,full
audit,4107,C1g,peek_global_handle,strategy,G2,145,true,passed,passed,caught,passed,passed,passed,full
audit,4107,C1g,peek_global_handle,strategy,G2,164,true,passed,passed,caught,passed,passed,passed,full
audit,4107,C1g,peek_global_handle,strategy,G2,253,true,passed,passed,caught,passed,passed,passed,full
audit,4107,C1g,peek_global_handle,strategy,G2,340,true,passed,passed,caught,passed,passed,passed,full
audit,4107,C1g,peek_global_handle,strategy,G2,403,true,passed,passed,caught,passed,passed,passed,full
audit,4107,C1g,peek_global_handle,strategy,G2,408,true,passed,passed,caught,passed,passed,passed,full
audit,4107,C1g,peek_global_handle,strategy,G2,467,true,passed,passed,caught,passed,passed,passed,full
audit,4108,C1g,peek_global_handle,strategy,G2,59,true,passed,passed,caught,passed,passed,passed,full
audit,4108,C1g,peek_global_handle,strategy,G2,95,true,passed,passed,caught,passed,passed,passed,full
audit,4108,C1g,peek_global_handle,strategy,G2,116,true,passed,passed,caught,passed,passed,passed,full
audit,4108,C1g,peek_global_handle,strategy,G2,282,true,passed,passed,caught,passed,passed,passed,full
audit,4108,C1g,peek_global_handle,strategy,G2,307,true,passed,passed,caught,passed,passed,passed,full
audit,4108,C1g,peek_global_handle,strategy,G2,367,true,passed,passed,caught,passed,passed,passed,full
audit,4108,C1g,peek_global_handle,strategy,G2,391,true,passed,passed,caught,passed,passed,passed,full
audit,4108,C1g,peek_global_handle,strategy,G2,400,true,passed,passed,caught,passed,passed,passed,full
audit,4108,C1g,peek_global_handle,strategy,G2,424,true,passed,passed,caught,passed,passed,passed,full
audit,4108,C1g,peek_global_handle,strategy,G2,441,true,passed,passed,caught,passed,passed,passed,full
audit,4109,C1g,peek_global_handle,strategy,G2,54,true,passed,passed,caught,passed,passed,passed,full
audit,4109,C1g,peek_global_handle,strategy,G2,61,true,passed,passed,caught,passed,passed,passed,full
audit,4109,C1g,peek_global_handle,strategy,G2,84,true,passed,passed,caught,passed,passed,passed,full
audit,4109,C1g,peek_global_handle,strategy,G2,112,true,passed,passed,caught,passed,passed,passed,full
audit,4109,C1g,peek_global_handle,strategy,G2,113,true,passed,passed,caught,passed,passed,passed,full
audit,4109,C1g,peek_global_handle,strategy,G2,240,true,passed,passed,caught,passed,passed,passed,full
audit,4109,C1g,peek_global_handle,strategy,G2,254,true,passed,passed,caught,passed,passed,passed,full
audit,4109,C1g,peek_global_handle,strategy,G2,347,true,passed,passed,caught,passed,passed,passed,full
audit,4109,C1g,peek_global_handle,strategy,G2,429,true,passed,passed,caught,passed,passed,passed,full
audit,4109,C1g,peek_global_handle,strategy,G2,446,true,passed,passed,caught,passed,passed,passed,full
audit,4100,C1s,package_state_handle,strategy,G2,43,true,passed,passed,caught,passed,passed,passed,full
audit,4100,C1s,package_state_handle,strategy,G2,70,true,passed,passed,caught,passed,passed,passed,full
audit,4100,C1s,package_state_handle,strategy,G2,132,true,passed,passed,caught,passed,passed,passed,full
audit,4100,C1s,package_state_handle,strategy,G2,144,true,passed,passed,caught,passed,passed,passed,full
audit,4100,C1s,package_state_handle,strategy,G2,197,true,passed,passed,caught,passed,passed,passed,full
audit,4100,C1s,package_state_handle,strategy,G2,201,true,passed,passed,caught,passed,passed,passed,full
audit,4100,C1s,package_state_handle,strategy,G2,254,true,passed,passed,caught,passed,passed,passed,full
audit,4100,C1s,package_state_handle,strategy,G2,255,true,passed,passed,caught,passed,passed,passed,full
audit,4100,C1s,package_state_handle,strategy,G2,278,true,passed,passed,caught,passed,passed,passed,full
audit,4100,C1s,package_state_handle,strategy,G2,331,true,passed,passed,caught,passed,passed,passed,full
audit,4101,C1s,package_state_handle,strategy,G2,23,true,passed,passed,caught,passed,passed,passed,full
audit,4101,C1s,package_state_handle,strategy,G2,53,true,passed,passed,caught,passed,passed,passed,full
audit,4101,C1s,package_state_handle,strategy,G2,65,true,passed,passed,caught,passed,passed,passed,full
audit,4101,C1s,package_state_handle,strategy,G2,77,true,passed,passed,caught,passed,passed,passed,full
audit,4101,C1s,package_state_handle,strategy,G2,96,true,passed,passed,caught,passed,passed,passed,full
audit,4101,C1s,package_state_handle,strategy,G2,183,true,passed,passed,caught,passed,passed,passed,full
audit,4101,C1s,package_state_handle,strategy,G2,203,true,passed,passed,caught,passed,passed,passed,full
audit,4101,C1s,package_state_handle,strategy,G2,405,true,passed,passed,caught,passed,passed,passed,full
audit,4101,C1s,package_state_handle,strategy,G2,433,true,passed,passed,caught,passed,passed,passed,full
audit,4101,C1s,package_state_handle,strategy,G2,494,true,passed,passed,caught,passed,passed,passed,full
audit,4102,C1s,package_state_handle,strategy,G2,96,true,passed,passed,caught,passed,passed,passed,full
audit,4102,C1s,package_state_handle,strategy,G2,150,true,passed,passed,caught,passed,passed,passed,full
audit,4102,C1s,package_state_handle,strategy,G2,160,true,passed,passed,caught,passed,passed,passed,full
audit,4102,C1s,package_state_handle,strategy,G2,176,true,passed,passed,caught,passed,passed,passed,full
audit,4102,C1s,package_state_handle,strategy,G2,185,true,passed,passed,caught,passed,passed,passed,full
audit,4102,C1s,package_state_handle,strategy,G2,237,true,passed,passed,caught,passed,passed,passed,full
audit,4102,C1s,package_state_handle,strategy,G2,243,true,passed,passed,caught,passed,passed,passed,full
audit,4102,C1s,package_state_handle,strategy,G2,277,true,passed,passed,caught,passed,passed,passed,full
audit,4102,C1s,package_state_handle,strategy,G2,357,true,passed,passed,caught,passed,passed,passed,full
audit,4102,C1s,package_state_handle,strategy,G2,498,true,passed,passed,caught,passed,passed,passed,full
audit,4103,C1s,package_state_handle,strategy,G2,151,true,passed,passed,caught,passed,passed,passed,full
audit,4103,C1s,package_state_handle,strategy,G2,156,true,passed,passed,caught,passed,passed,passed,full
audit,4103,C1s,package_state_handle,strategy,G2,185,true,passed,passed,caught,passed,passed,passed,full
audit,4103,C1s,package_state_handle,strategy,G2,201,true,passed,passed,caught,passed,passed,passed,full
audit,4103,C1s,package_state_handle,strategy,G2,309,true,passed,passed,caught,passed,passed,passed,full
audit,4103,C1s,package_state_handle,strategy,G2,370,true,passed,passed,caught,passed,passed,passed,full
audit,4103,C1s,package_state_handle,strategy,G2,392,true,passed,passed,caught,passed,passed,passed,full
audit,4103,C1s,package_state_handle,strategy,G2,402,true,passed,passed,caught,passed,passed,passed,full
audit,4103,C1s,package_state_handle,strategy,G2,474,true,passed,passed,caught,passed,passed,passed,full
audit,4103,C1s,package_state_handle,strategy,G2,491,true,passed,passed,caught,passed,passed,passed,full
audit,4104,C1s,package_state_handle,strategy,G2,55,true,passed,passed,caught,passed,passed,passed,full
audit,4104,C1s,package_state_handle,strategy,G2,98,true,passed,passed,caught,passed,passed,passed,full
audit,4104,C1s,package_state_handle,strategy,G2,100,true,passed,passed,caught,passed,passed,passed,full
audit,4104,C1s,package_state_handle,strategy,G2,235,true,passed,passed,caught,passed,passed,passed,full
audit,4104,C1s,package_state_handle,strategy,G2,273,true,passed,passed,caught,passed,passed,passed,full
audit,4104,C1s,package_state_handle,strategy,G2,275,true,passed,passed,caught,passed,passed,passed,full
audit,4104,C1s,package_state_handle,strategy,G2,299,true,passed,passed,caught,passed,passed,passed,full
audit,4104,C1s,package_state_handle,strategy,G2,307,true,passed,passed,caught,passed,passed,passed,full
audit,4104,C1s,package_state_handle,strategy,G2,400,true,passed,passed,caught,passed,passed,passed,full
audit,4104,C1s,package_state_handle,strategy,G2,446,true,passed,passed,caught,passed,passed,passed,full
audit,4105,C1s,package_state_handle,strategy,G2,38,true,passed,passed,caught,passed,passed,passed,full
audit,4105,C1s,package_state_handle,strategy,G2,124,true,passed,passed,caught,passed,passed,passed,full
audit,4105,C1s,package_state_handle,strategy,G2,133,true,passed,passed,caught,passed,passed,passed,full
audit,4105,C1s,package_state_handle,strategy,G2,187,true,passed,passed,caught,passed,passed,passed,full
audit,4105,C1s,package_state_handle,strategy,G2,288,true,passed,passed,caught,passed,passed,passed,full
audit,4105,C1s,package_state_handle,strategy,G2,306,true,passed,passed,caught,passed,passed,passed,full
audit,4105,C1s,package_state_handle,strategy,G2,350,true,passed,passed,caught,passed,passed,passed,full
audit,4105,C1s,package_state_handle,strategy,G2,368,true,passed,passed,caught,passed,passed,passed,full
audit,4105,C1s,package_state_handle,strategy,G2,408,true,passed,passed,caught,passed,passed,passed,full
audit,4105,C1s,package_state_handle,strategy,G2,410,true,passed,passed,caught,passed,passed,passed,full
audit,4106,C1s,package_state_handle,strategy,G2,80,true,passed,passed,caught,passed,passed,passed,full
audit,4106,C1s,package_state_handle,strategy,G2,114,true,passed,passed,caught,passed,passed,passed,full
audit,4106,C1s,package_state_handle,strategy,G2,123,true,passed,passed,caught,passed,passed,passed,full
audit,4106,C1s,package_state_handle,strategy,G2,186,true,passed,passed,caught,passed,passed,passed,full
audit,4106,C1s,package_state_handle,strategy,G2,266,true,passed,passed,caught,passed,passed,passed,full
audit,4106,C1s,package_state_handle,strategy,G2,318,true,passed,passed,caught,passed,passed,passed,full
audit,4106,C1s,package_state_handle,strategy,G2,322,true,passed,passed,caught,passed,passed,passed,full
audit,4106,C1s,package_state_handle,strategy,G2,370,true,passed,passed,caught,passed,passed,passed,full
audit,4106,C1s,package_state_handle,strategy,G2,405,true,passed,passed,caught,passed,passed,passed,full
audit,4106,C1s,package_state_handle,strategy,G2,429,true,passed,passed,caught,passed,passed,passed,full
audit,4107,C1s,package_state_handle,strategy,G2,27,true,passed,passed,caught,passed,passed,passed,full
audit,4107,C1s,package_state_handle,strategy,G2,37,true,passed,passed,caught,passed,passed,passed,full
audit,4107,C1s,package_state_handle,strategy,G2,130,true,passed,passed,caught,passed,passed,passed,full
audit,4107,C1s,package_state_handle,strategy,G2,145,true,passed,passed,caught,passed,passed,passed,full
audit,4107,C1s,package_state_handle,strategy,G2,164,true,passed,passed,caught,passed,passed,passed,full
audit,4107,C1s,package_state_handle,strategy,G2,253,true,passed,passed,caught,passed,passed,passed,full
audit,4107,C1s,package_state_handle,strategy,G2,340,true,passed,passed,caught,passed,passed,passed,full
audit,4107,C1s,package_state_handle,strategy,G2,403,true,passed,passed,caught,passed,passed,passed,full
audit,4107,C1s,package_state_handle,strategy,G2,408,true,passed,passed,caught,passed,passed,passed,full
audit,4107,C1s,package_state_handle,strategy,G2,467,true,passed,passed,caught,passed,passed,passed,full
audit,4108,C1s,package_state_handle,strategy,G2,59,true,passed,passed,caught,passed,passed,passed,full
audit,4108,C1s,package_state_handle,strategy,G2,95,true,passed,passed,caught,passed,passed,passed,full
audit,4108,C1s,package_state_handle,strategy,G2,116,true,passed,passed,caught,passed,passed,passed,full
audit,4108,C1s,package_state_handle,strategy,G2,282,true,passed,passed,caught,passed,passed,passed,full
audit,4108,C1s,package_state_handle,strategy,G2,307,true,passed,passed,caught,passed,passed,passed,full
audit,4108,C1s,package_state_handle,strategy,G2,367,true,passed,passed,caught,passed,passed,passed,full
audit,4108,C1s,package_state_handle,strategy,G2,391,true,passed,passed,caught,passed,passed,passed,full
audit,4108,C1s,package_state_handle,strategy,G2,400,true,passed,passed,caught,passed,passed,passed,full
audit,4108,C1s,package_state_handle,strategy,G2,424,true,passed,passed,caught,passed,passed,passed,full
audit,4108,C1s,package_state_handle,strategy,G2,441,true,passed,passed,caught,passed,passed,passed,full
audit,4109,C1s,package_state_handle,strategy,G2,54,true,passed,passed,caught,passed,passed,passed,full
audit,4109,C1s,package_state_handle,strategy,G2,61,true,passed,passed,caught,passed,passed,passed,full
audit,4109,C1s,package_state_handle,strategy,G2,84,true,passed,passed,caught,passed,passed,passed,full
audit,4109,C1s,package_state_handle,strategy,G2,112,true,passed,passed,caught,passed,passed,passed,full
audit,4109,C1s,package_state_handle,strategy,G2,113,true,passed,passed,caught,passed,passed,passed,full
audit,4109,C1s,package_state_handle,strategy,G2,240,true,passed,passed,caught,passed,passed,passed,full
audit,4109,C1s,package_state_handle,strategy,G2,254,true,passed,passed,caught,passed,passed,passed,full
audit,4109,C1s,package_state_handle,strategy,G2,347,true,passed,passed,caught,passed,passed,passed,full
audit,4109,C1s,package_state_handle,strategy,G2,429,true,passed,passed,caught,passed,passed,passed,full
audit,4109,C1s,package_state_handle,strategy,G2,446,true,passed,passed,caught,passed,passed,passed,full
audit,4100,C2,full_sample_mean,strategy,G2,43,true,passed,passed,caught,passed,passed,passed,full
audit,4100,C2,full_sample_mean,strategy,G2,70,true,passed,passed,caught,passed,passed,passed,full
audit,4100,C2,full_sample_mean,strategy,G2,132,true,passed,passed,caught,passed,passed,passed,full
audit,4100,C2,full_sample_mean,strategy,G2,144,true,passed,passed,caught,passed,passed,passed,full
audit,4100,C2,full_sample_mean,strategy,G2,197,true,passed,passed,caught,passed,passed,passed,full
audit,4100,C2,full_sample_mean,strategy,G2,201,true,passed,passed,caught,passed,passed,passed,full
audit,4100,C2,full_sample_mean,strategy,G2,254,true,passed,passed,caught,passed,passed,passed,full
audit,4100,C2,full_sample_mean,strategy,G2,255,true,passed,passed,caught,passed,passed,passed,full
audit,4100,C2,full_sample_mean,strategy,G2,278,true,passed,passed,caught,passed,passed,passed,full
audit,4100,C2,full_sample_mean,strategy,G2,331,true,passed,passed,caught,passed,passed,passed,full
audit,4101,C2,full_sample_mean,strategy,G2,23,true,passed,passed,caught,passed,passed,passed,full
audit,4101,C2,full_sample_mean,strategy,G2,53,true,passed,passed,caught,passed,passed,passed,full
audit,4101,C2,full_sample_mean,strategy,G2,65,true,passed,passed,caught,passed,passed,passed,full
audit,4101,C2,full_sample_mean,strategy,G2,77,true,passed,passed,caught,passed,passed,passed,full
audit,4101,C2,full_sample_mean,strategy,G2,96,true,passed,passed,caught,passed,passed,passed,full
audit,4101,C2,full_sample_mean,strategy,G2,183,true,passed,passed,caught,passed,passed,passed,full
audit,4101,C2,full_sample_mean,strategy,G2,203,true,passed,passed,caught,passed,passed,passed,full
audit,4101,C2,full_sample_mean,strategy,G2,405,true,passed,passed,caught,passed,passed,passed,full
audit,4101,C2,full_sample_mean,strategy,G2,433,true,passed,passed,caught,passed,passed,passed,full
audit,4101,C2,full_sample_mean,strategy,G2,494,true,passed,passed,caught,passed,passed,passed,full
audit,4102,C2,full_sample_mean,strategy,G2,96,true,passed,passed,caught,passed,passed,passed,full
audit,4102,C2,full_sample_mean,strategy,G2,150,true,passed,passed,caught,passed,passed,passed,full
audit,4102,C2,full_sample_mean,strategy,G2,160,true,passed,passed,caught,passed,passed,passed,full
audit,4102,C2,full_sample_mean,strategy,G2,176,true,passed,passed,caught,passed,passed,passed,full
audit,4102,C2,full_sample_mean,strategy,G2,185,true,passed,passed,caught,passed,passed,passed,full
audit,4102,C2,full_sample_mean,strategy,G2,237,true,passed,passed,caught,passed,passed,passed,full
audit,4102,C2,full_sample_mean,strategy,G2,243,true,passed,passed,caught,passed,passed,passed,full
audit,4102,C2,full_sample_mean,strategy,G2,277,true,passed,passed,caught,passed,passed,passed,full
audit,4102,C2,full_sample_mean,strategy,G2,357,true,passed,passed,caught,passed,passed,passed,full
audit,4102,C2,full_sample_mean,strategy,G2,498,true,passed,passed,caught,passed,passed,passed,full
audit,4103,C2,full_sample_mean,strategy,G2,151,true,passed,passed,caught,passed,passed,passed,full
audit,4103,C2,full_sample_mean,strategy,G2,156,true,passed,passed,caught,passed,passed,passed,full
audit,4103,C2,full_sample_mean,strategy,G2,185,true,passed,passed,caught,passed,passed,passed,full
audit,4103,C2,full_sample_mean,strategy,G2,201,true,passed,passed,caught,passed,passed,passed,full
audit,4103,C2,full_sample_mean,strategy,G2,309,true,passed,passed,caught,passed,passed,passed,full
audit,4103,C2,full_sample_mean,strategy,G2,370,true,passed,passed,caught,passed,passed,passed,full
audit,4103,C2,full_sample_mean,strategy,G2,392,true,passed,passed,caught,passed,passed,passed,full
audit,4103,C2,full_sample_mean,strategy,G2,402,true,passed,passed,caught,passed,passed,passed,full
audit,4103,C2,full_sample_mean,strategy,G2,474,true,passed,passed,caught,passed,passed,passed,full
audit,4103,C2,full_sample_mean,strategy,G2,491,true,passed,passed,caught,passed,passed,passed,full
audit,4104,C2,full_sample_mean,strategy,G2,55,true,passed,passed,caught,passed,passed,passed,full
audit,4104,C2,full_sample_mean,strategy,G2,98,true,passed,passed,caught,passed,passed,passed,full
audit,4104,C2,full_sample_mean,strategy,G2,100,true,passed,passed,caught,passed,passed,passed,full
audit,4104,C2,full_sample_mean,strategy,G2,235,true,passed,passed,caught,passed,passed,passed,full
audit,4104,C2,full_sample_mean,strategy,G2,273,true,passed,passed,caught,passed,passed,passed,full
audit,4104,C2,full_sample_mean,strategy,G2,275,true,passed,passed,caught,passed,passed,passed,full
audit,4104,C2,full_sample_mean,strategy,G2,299,true,passed,passed,caught,passed,passed,passed,full
audit,4104,C2,full_sample_mean,strategy,G2,307,true,passed,passed,caught,passed,passed,passed,full
audit,4104,C2,full_sample_mean,strategy,G2,400,true,passed,passed,caught,passed,passed,passed,full
audit,4104,C2,full_sample_mean,strategy,G2,446,true,passed,passed,caught,passed,passed,passed,full
audit,4105,C2,full_sample_mean,strategy,G2,38,true,passed,passed,caught,passed,passed,passed,full
audit,4105,C2,full_sample_mean,strategy,G2,124,true,passed,passed,caught,passed,passed,passed,full
audit,4105,C2,full_sample_mean,strategy,G2,133,true,passed,passed,caught,passed,passed,passed,full
audit,4105,C2,full_sample_mean,strategy,G2,187,true,passed,passed,caught,passed,passed,passed,full
audit,4105,C2,full_sample_mean,strategy,G2,288,true,passed,passed,caught,passed,passed,passed,full
audit,4105,C2,full_sample_mean,strategy,G2,306,true,passed,passed,caught,passed,passed,passed,full
audit,4105,C2,full_sample_mean,strategy,G2,350,true,passed,passed,caught,passed,passed,passed,full
audit,4105,C2,full_sample_mean,strategy,G2,368,true,passed,passed,caught,passed,passed,passed,full
audit,4105,C2,full_sample_mean,strategy,G2,408,true,passed,passed,caught,passed,passed,passed,full
audit,4105,C2,full_sample_mean,strategy,G2,410,true,passed,passed,caught,passed,passed,passed,full
audit,4106,C2,full_sample_mean,strategy,G2,80,true,passed,passed,caught,passed,passed,passed,full
audit,4106,C2,full_sample_mean,strategy,G2,114,true,passed,passed,caught,passed,passed,passed,full
audit,4106,C2,full_sample_mean,strategy,G2,123,true,passed,passed,caught,passed,passed,passed,full
audit,4106,C2,full_sample_mean,strategy,G2,186,true,passed,passed,caught,passed,passed,passed,full
audit,4106,C2,full_sample_mean,strategy,G2,266,true,passed,passed,caught,passed,passed,passed,full
audit,4106,C2,full_sample_mean,strategy,G2,318,true,passed,passed,caught,passed,passed,passed,full
audit,4106,C2,full_sample_mean,strategy,G2,322,true,passed,passed,caught,passed,passed,passed,full
audit,4106,C2,full_sample_mean,strategy,G2,370,true,passed,passed,caught,passed,passed,passed,full
audit,4106,C2,full_sample_mean,strategy,G2,405,true,passed,passed,caught,passed,passed,passed,full
audit,4106,C2,full_sample_mean,strategy,G2,429,true,passed,passed,caught,passed,passed,passed,full
audit,4107,C2,full_sample_mean,strategy,G2,27,true,passed,passed,caught,passed,passed,passed,full
audit,4107,C2,full_sample_mean,strategy,G2,37,true,passed,passed,caught,passed,passed,passed,full
audit,4107,C2,full_sample_mean,strategy,G2,130,true,passed,passed,caught,passed,passed,passed,full
audit,4107,C2,full_sample_mean,strategy,G2,145,true,passed,passed,caught,passed,passed,passed,full
audit,4107,C2,full_sample_mean,strategy,G2,164,true,passed,passed,caught,passed,passed,passed,full
audit,4107,C2,full_sample_mean,strategy,G2,253,true,passed,passed,caught,passed,passed,passed,full
audit,4107,C2,full_sample_mean,strategy,G2,340,true,passed,passed,caught,passed,passed,passed,full
audit,4107,C2,full_sample_mean,strategy,G2,403,true,passed,passed,caught,passed,passed,passed,full
audit,4107,C2,full_sample_mean,strategy,G2,408,true,passed,passed,caught,passed,passed,passed,full
audit,4107,C2,full_sample_mean,strategy,G2,467,false,passed,passed,caught,passed,passed,passed,full
audit,4108,C2,full_sample_mean,strategy,G2,59,true,passed,passed,caught,passed,passed,passed,full
audit,4108,C2,full_sample_mean,strategy,G2,95,true,passed,passed,caught,passed,passed,passed,full
audit,4108,C2,full_sample_mean,strategy,G2,116,true,passed,passed,caught,passed,passed,passed,full
audit,4108,C2,full_sample_mean,strategy,G2,282,true,passed,passed,caught,passed,passed,passed,full
audit,4108,C2,full_sample_mean,strategy,G2,307,true,passed,passed,caught,passed,passed,passed,full
audit,4108,C2,full_sample_mean,strategy,G2,367,true,passed,passed,caught,passed,passed,passed,full
audit,4108,C2,full_sample_mean,strategy,G2,391,true,passed,passed,caught,passed,passed,passed,full
audit,4108,C2,full_sample_mean,strategy,G2,400,true,passed,passed,caught,passed,passed,passed,full
audit,4108,C2,full_sample_mean,strategy,G2,424,true,passed,passed,caught,passed,passed,passed,full
audit,4108,C2,full_sample_mean,strategy,G2,441,true,passed,passed,caught,passed,passed,passed,full
audit,4109,C2,full_sample_mean,strategy,G2,54,true,passed,passed,caught,passed,passed,passed,full
audit,4109,C2,full_sample_mean,strategy,G2,61,true,passed,passed,caught,passed,passed,passed,full
audit,4109,C2,full_sample_mean,strategy,G2,84,true,passed,passed,caught,passed,passed,passed,full
audit,4109,C2,full_sample_mean,strategy,G2,112,true,passed,passed,caught,passed,passed,passed,full
audit,4109,C2,full_sample_mean,strategy,G2,113,true,passed,passed,caught,passed,passed,passed,full
audit,4109,C2,full_sample_mean,strategy,G2,240,true,passed,passed,caught,passed,passed,passed,full
audit,4109,C2,full_sample_mean,strategy,G2,254,true,passed,passed,caught,passed,passed,passed,full
audit,4109,C2,full_sample_mean,strategy,G2,347,true,passed,passed,caught,passed,passed,passed,full
audit,4109,C2,full_sample_mean,strategy,G2,429,true,passed,passed,caught,passed,passed,passed,full
audit,4109,C2,full_sample_mean,strategy,G2,446,true,passed,passed,caught,passed,passed,passed,full
audit,4100,C3,latest_vintage,strategy,G2,43,true,passed,passed,caught,passed,passed,passed,full
audit,4100,C3,latest_vintage,strategy,G2,70,true,passed,passed,caught,passed,passed,passed,full
audit,4100,C3,latest_vintage,strategy,G2,132,true,passed,passed,caught,passed,passed,passed,full
audit,4100,C3,latest_vintage,strategy,G2,144,true,passed,passed,caught,passed,passed,passed,full
audit,4100,C3,latest_vintage,strategy,G2,197,true,passed,passed,caught,passed,passed,passed,full
audit,4100,C3,latest_vintage,strategy,G2,201,true,passed,passed,caught,passed,passed,passed,full
audit,4100,C3,latest_vintage,strategy,G2,254,true,passed,passed,caught,passed,passed,passed,full
audit,4100,C3,latest_vintage,strategy,G2,255,true,passed,passed,caught,passed,passed,passed,full
audit,4100,C3,latest_vintage,strategy,G2,278,true,passed,passed,caught,passed,passed,passed,full
audit,4100,C3,latest_vintage,strategy,G2,331,true,passed,passed,caught,passed,passed,passed,full
audit,4101,C3,latest_vintage,strategy,G2,23,false,passed,passed,caught,passed,passed,passed,full
audit,4101,C3,latest_vintage,strategy,G2,53,true,passed,passed,caught,passed,passed,passed,full
audit,4101,C3,latest_vintage,strategy,G2,65,true,passed,passed,caught,passed,passed,passed,full
audit,4101,C3,latest_vintage,strategy,G2,77,true,passed,passed,caught,passed,passed,passed,full
audit,4101,C3,latest_vintage,strategy,G2,96,true,passed,passed,caught,passed,passed,passed,full
audit,4101,C3,latest_vintage,strategy,G2,183,true,passed,passed,caught,passed,passed,passed,full
audit,4101,C3,latest_vintage,strategy,G2,203,true,passed,passed,caught,passed,passed,passed,full
audit,4101,C3,latest_vintage,strategy,G2,405,true,passed,passed,caught,passed,passed,passed,full
audit,4101,C3,latest_vintage,strategy,G2,433,true,passed,passed,caught,passed,passed,passed,full
audit,4101,C3,latest_vintage,strategy,G2,494,true,passed,passed,caught,passed,passed,passed,full
audit,4102,C3,latest_vintage,strategy,G2,96,true,passed,passed,caught,passed,passed,passed,full
audit,4102,C3,latest_vintage,strategy,G2,150,true,passed,passed,caught,passed,passed,passed,full
audit,4102,C3,latest_vintage,strategy,G2,160,true,passed,passed,caught,passed,passed,passed,full
audit,4102,C3,latest_vintage,strategy,G2,176,true,passed,passed,caught,passed,passed,passed,full
audit,4102,C3,latest_vintage,strategy,G2,185,true,passed,passed,caught,passed,passed,passed,full
audit,4102,C3,latest_vintage,strategy,G2,237,true,passed,passed,caught,passed,passed,passed,full
audit,4102,C3,latest_vintage,strategy,G2,243,true,passed,passed,caught,passed,passed,passed,full
audit,4102,C3,latest_vintage,strategy,G2,277,true,passed,passed,caught,passed,passed,passed,full
audit,4102,C3,latest_vintage,strategy,G2,357,true,passed,passed,caught,passed,passed,passed,full
audit,4102,C3,latest_vintage,strategy,G2,498,true,passed,passed,caught,passed,passed,passed,full
audit,4103,C3,latest_vintage,strategy,G2,151,true,passed,passed,caught,passed,passed,passed,full
audit,4103,C3,latest_vintage,strategy,G2,156,true,passed,passed,caught,passed,passed,passed,full
audit,4103,C3,latest_vintage,strategy,G2,185,true,passed,passed,caught,passed,passed,passed,full
audit,4103,C3,latest_vintage,strategy,G2,201,true,passed,passed,caught,passed,passed,passed,full
audit,4103,C3,latest_vintage,strategy,G2,309,true,passed,passed,caught,passed,passed,passed,full
audit,4103,C3,latest_vintage,strategy,G2,370,true,passed,passed,caught,passed,passed,passed,full
audit,4103,C3,latest_vintage,strategy,G2,392,true,passed,passed,caught,passed,passed,passed,full
audit,4103,C3,latest_vintage,strategy,G2,402,true,passed,passed,caught,passed,passed,passed,full
audit,4103,C3,latest_vintage,strategy,G2,474,true,passed,passed,caught,passed,passed,passed,full
audit,4103,C3,latest_vintage,strategy,G2,491,true,passed,passed,caught,passed,passed,passed,full
audit,4104,C3,latest_vintage,strategy,G2,55,true,passed,passed,caught,passed,passed,passed,full
audit,4104,C3,latest_vintage,strategy,G2,98,true,passed,passed,caught,passed,passed,passed,full
audit,4104,C3,latest_vintage,strategy,G2,100,true,passed,passed,caught,passed,passed,passed,full
audit,4104,C3,latest_vintage,strategy,G2,235,true,passed,passed,caught,passed,passed,passed,full
audit,4104,C3,latest_vintage,strategy,G2,273,true,passed,passed,caught,passed,passed,passed,full
audit,4104,C3,latest_vintage,strategy,G2,275,true,passed,passed,caught,passed,passed,passed,full
audit,4104,C3,latest_vintage,strategy,G2,299,true,passed,passed,caught,passed,passed,passed,full
audit,4104,C3,latest_vintage,strategy,G2,307,true,passed,passed,caught,passed,passed,passed,full
audit,4104,C3,latest_vintage,strategy,G2,400,true,passed,passed,caught,passed,passed,passed,full
audit,4104,C3,latest_vintage,strategy,G2,446,true,passed,passed,caught,passed,passed,passed,full
audit,4105,C3,latest_vintage,strategy,G2,38,true,passed,passed,caught,passed,passed,passed,full
audit,4105,C3,latest_vintage,strategy,G2,124,true,passed,passed,caught,passed,passed,passed,full
audit,4105,C3,latest_vintage,strategy,G2,133,true,passed,passed,caught,passed,passed,passed,full
audit,4105,C3,latest_vintage,strategy,G2,187,true,passed,passed,caught,passed,passed,passed,full
audit,4105,C3,latest_vintage,strategy,G2,288,true,passed,passed,caught,passed,passed,passed,full
audit,4105,C3,latest_vintage,strategy,G2,306,true,passed,passed,caught,passed,passed,passed,full
audit,4105,C3,latest_vintage,strategy,G2,350,true,passed,passed,caught,passed,passed,passed,full
audit,4105,C3,latest_vintage,strategy,G2,368,true,passed,passed,caught,passed,passed,passed,full
audit,4105,C3,latest_vintage,strategy,G2,408,true,passed,passed,caught,passed,passed,passed,full
audit,4105,C3,latest_vintage,strategy,G2,410,true,passed,passed,caught,passed,passed,passed,full
audit,4106,C3,latest_vintage,strategy,G2,80,true,passed,passed,caught,passed,passed,passed,full
audit,4106,C3,latest_vintage,strategy,G2,114,true,passed,passed,caught,passed,passed,passed,full
audit,4106,C3,latest_vintage,strategy,G2,123,true,passed,passed,caught,passed,passed,passed,full
audit,4106,C3,latest_vintage,strategy,G2,186,true,passed,passed,caught,passed,passed,passed,full
audit,4106,C3,latest_vintage,strategy,G2,266,true,passed,passed,caught,passed,passed,passed,full
audit,4106,C3,latest_vintage,strategy,G2,318,true,passed,passed,caught,passed,passed,passed,full
audit,4106,C3,latest_vintage,strategy,G2,322,true,passed,passed,caught,passed,passed,passed,full
audit,4106,C3,latest_vintage,strategy,G2,370,true,passed,passed,caught,passed,passed,passed,full
audit,4106,C3,latest_vintage,strategy,G2,405,true,passed,passed,caught,passed,passed,passed,full
audit,4106,C3,latest_vintage,strategy,G2,429,true,passed,passed,caught,passed,passed,passed,full
audit,4107,C3,latest_vintage,strategy,G2,27,true,passed,passed,caught,passed,passed,passed,full
audit,4107,C3,latest_vintage,strategy,G2,37,true,passed,passed,caught,passed,passed,passed,full
audit,4107,C3,latest_vintage,strategy,G2,130,true,passed,passed,caught,passed,passed,passed,full
audit,4107,C3,latest_vintage,strategy,G2,145,true,passed,passed,caught,passed,passed,passed,full
audit,4107,C3,latest_vintage,strategy,G2,164,true,passed,passed,caught,passed,passed,passed,full
audit,4107,C3,latest_vintage,strategy,G2,253,true,passed,passed,caught,passed,passed,passed,full
audit,4107,C3,latest_vintage,strategy,G2,340,true,passed,passed,caught,passed,passed,passed,full
audit,4107,C3,latest_vintage,strategy,G2,403,true,passed,passed,caught,passed,passed,passed,full
audit,4107,C3,latest_vintage,strategy,G2,408,true,passed,passed,caught,passed,passed,passed,full
audit,4107,C3,latest_vintage,strategy,G2,467,true,passed,passed,caught,passed,passed,passed,full
audit,4108,C3,latest_vintage,strategy,G2,59,true,passed,passed,caught,passed,passed,passed,full
audit,4108,C3,latest_vintage,strategy,G2,95,true,passed,passed,caught,passed,passed,passed,full
audit,4108,C3,latest_vintage,strategy,G2,116,true,passed,passed,caught,passed,passed,passed,full
audit,4108,C3,latest_vintage,strategy,G2,282,true,passed,passed,caught,passed,passed,passed,full
audit,4108,C3,latest_vintage,strategy,G2,307,true,passed,passed,caught,passed,passed,passed,full
audit,4108,C3,latest_vintage,strategy,G2,367,true,passed,passed,caught,passed,passed,passed,full
audit,4108,C3,latest_vintage,strategy,G2,391,true,passed,passed,caught,passed,passed,passed,full
audit,4108,C3,latest_vintage,strategy,G2,400,true,passed,passed,caught,passed,passed,passed,full
audit,4108,C3,latest_vintage,strategy,G2,424,true,passed,passed,caught,passed,passed,passed,full
audit,4108,C3,latest_vintage,strategy,G2,441,true,passed,passed,caught,passed,passed,passed,full
audit,4109,C3,latest_vintage,strategy,G2,54,true,passed,passed,caught,passed,passed,passed,full
audit,4109,C3,latest_vintage,strategy,G2,61,true,passed,passed,caught,passed,passed,passed,full
audit,4109,C3,latest_vintage,strategy,G2,84,true,passed,passed,caught,passed,passed,passed,full
audit,4109,C3,latest_vintage,strategy,G2,112,true,passed,passed,caught,passed,passed,passed,full
audit,4109,C3,latest_vintage,strategy,G2,113,true,passed,passed,caught,passed,passed,passed,full
audit,4109,C3,latest_vintage,strategy,G2,240,true,passed,passed,caught,passed,passed,passed,full
audit,4109,C3,latest_vintage,strategy,G2,254,true,passed,passed,caught,passed,passed,passed,full
audit,4109,C3,latest_vintage,strategy,G2,347,true,passed,passed,caught,passed,passed,passed,full
audit,4109,C3,latest_vintage,strategy,G2,429,true,passed,passed,caught,passed,passed,passed,full
audit,4109,C3,latest_vintage,strategy,G2,446,true,passed,passed,caught,passed,passed,passed,full
audit,4100,C4,survivors_only,strategy,G2,43,true,passed,passed,caught,passed,passed,passed,full
audit,4100,C4,survivors_only,strategy,G2,70,true,passed,passed,caught,passed,passed,passed,full
audit,4100,C4,survivors_only,strategy,G2,132,true,passed,passed,caught,passed,passed,passed,full
audit,4100,C4,survivors_only,strategy,G2,144,true,passed,passed,caught,passed,passed,passed,full
audit,4100,C4,survivors_only,strategy,G2,197,true,passed,passed,caught,passed,passed,passed,full
audit,4100,C4,survivors_only,strategy,G2,201,true,passed,passed,caught,passed,passed,passed,full
audit,4100,C4,survivors_only,strategy,G2,254,true,passed,passed,caught,passed,passed,passed,full
audit,4100,C4,survivors_only,strategy,G2,255,true,passed,passed,caught,passed,passed,passed,full
audit,4100,C4,survivors_only,strategy,G2,278,true,passed,passed,caught,passed,passed,passed,full
audit,4100,C4,survivors_only,strategy,G2,331,true,passed,passed,caught,passed,passed,passed,full
audit,4101,C4,survivors_only,strategy,G2,23,true,passed,passed,caught,passed,passed,passed,full
audit,4101,C4,survivors_only,strategy,G2,53,true,passed,passed,caught,passed,passed,passed,full
audit,4101,C4,survivors_only,strategy,G2,65,true,passed,passed,caught,passed,passed,passed,full
audit,4101,C4,survivors_only,strategy,G2,77,true,passed,passed,caught,passed,passed,passed,full
audit,4101,C4,survivors_only,strategy,G2,96,true,passed,passed,caught,passed,passed,passed,full
audit,4101,C4,survivors_only,strategy,G2,183,true,passed,passed,caught,passed,passed,passed,full
audit,4101,C4,survivors_only,strategy,G2,203,true,passed,passed,caught,passed,passed,passed,full
audit,4101,C4,survivors_only,strategy,G2,405,true,passed,passed,caught,passed,passed,passed,full
audit,4101,C4,survivors_only,strategy,G2,433,true,passed,passed,caught,passed,passed,passed,full
audit,4101,C4,survivors_only,strategy,G2,494,true,passed,passed,caught,passed,passed,passed,full
audit,4102,C4,survivors_only,strategy,G2,96,true,passed,passed,caught,passed,passed,passed,full
audit,4102,C4,survivors_only,strategy,G2,150,true,passed,passed,caught,passed,passed,passed,full
audit,4102,C4,survivors_only,strategy,G2,160,true,passed,passed,caught,passed,passed,passed,full
audit,4102,C4,survivors_only,strategy,G2,176,true,passed,passed,caught,passed,passed,passed,full
audit,4102,C4,survivors_only,strategy,G2,185,true,passed,passed,caught,passed,passed,passed,full
audit,4102,C4,survivors_only,strategy,G2,237,true,passed,passed,caught,passed,passed,passed,full
audit,4102,C4,survivors_only,strategy,G2,243,true,passed,passed,caught,passed,passed,passed,full
audit,4102,C4,survivors_only,strategy,G2,277,true,passed,passed,caught,passed,passed,passed,full
audit,4102,C4,survivors_only,strategy,G2,357,true,passed,passed,caught,passed,passed,passed,full
audit,4102,C4,survivors_only,strategy,G2,498,true,passed,passed,caught,passed,passed,passed,full
audit,4103,C4,survivors_only,strategy,G2,151,true,passed,passed,caught,passed,passed,passed,full
audit,4103,C4,survivors_only,strategy,G2,156,true,passed,passed,caught,passed,passed,passed,full
audit,4103,C4,survivors_only,strategy,G2,185,true,passed,passed,caught,passed,passed,passed,full
audit,4103,C4,survivors_only,strategy,G2,201,true,passed,passed,caught,passed,passed,passed,full
audit,4103,C4,survivors_only,strategy,G2,309,true,passed,passed,caught,passed,passed,passed,full
audit,4103,C4,survivors_only,strategy,G2,370,true,passed,passed,caught,passed,passed,passed,full
audit,4103,C4,survivors_only,strategy,G2,392,true,passed,passed,caught,passed,passed,passed,full
audit,4103,C4,survivors_only,strategy,G2,402,true,passed,passed,caught,passed,passed,passed,full
audit,4103,C4,survivors_only,strategy,G2,474,true,passed,passed,caught,passed,passed,passed,full
audit,4103,C4,survivors_only,strategy,G2,491,true,passed,passed,caught,passed,passed,passed,full
audit,4104,C4,survivors_only,strategy,G2,55,true,passed,passed,caught,passed,passed,passed,full
audit,4104,C4,survivors_only,strategy,G2,98,true,passed,passed,caught,passed,passed,passed,full
audit,4104,C4,survivors_only,strategy,G2,100,true,passed,passed,caught,passed,passed,passed,full
audit,4104,C4,survivors_only,strategy,G2,235,true,passed,passed,caught,passed,passed,passed,full
audit,4104,C4,survivors_only,strategy,G2,273,true,passed,passed,caught,passed,passed,passed,full
audit,4104,C4,survivors_only,strategy,G2,275,true,passed,passed,caught,passed,passed,passed,full
audit,4104,C4,survivors_only,strategy,G2,299,true,passed,passed,caught,passed,passed,passed,full
audit,4104,C4,survivors_only,strategy,G2,307,true,passed,passed,caught,passed,passed,passed,full
audit,4104,C4,survivors_only,strategy,G2,400,true,passed,passed,caught,passed,passed,passed,full
audit,4104,C4,survivors_only,strategy,G2,446,true,passed,passed,caught,passed,passed,passed,full
audit,4105,C4,survivors_only,strategy,G2,38,true,passed,passed,caught,passed,passed,passed,full
audit,4105,C4,survivors_only,strategy,G2,124,true,passed,passed,caught,passed,passed,passed,full
audit,4105,C4,survivors_only,strategy,G2,133,true,passed,passed,caught,passed,passed,passed,full
audit,4105,C4,survivors_only,strategy,G2,187,true,passed,passed,caught,passed,passed,passed,full
audit,4105,C4,survivors_only,strategy,G2,288,true,passed,passed,caught,passed,passed,passed,full
audit,4105,C4,survivors_only,strategy,G2,306,true,passed,passed,caught,passed,passed,passed,full
audit,4105,C4,survivors_only,strategy,G2,350,true,passed,passed,caught,passed,passed,passed,full
audit,4105,C4,survivors_only,strategy,G2,368,true,passed,passed,caught,passed,passed,passed,full
audit,4105,C4,survivors_only,strategy,G2,408,true,passed,passed,caught,passed,passed,passed,full
audit,4105,C4,survivors_only,strategy,G2,410,true,passed,passed,caught,passed,passed,passed,full
audit,4106,C4,survivors_only,strategy,G2,80,true,passed,passed,caught,passed,passed,passed,full
audit,4106,C4,survivors_only,strategy,G2,114,true,passed,passed,caught,passed,passed,passed,full
audit,4106,C4,survivors_only,strategy,G2,123,true,passed,passed,caught,passed,passed,passed,full
audit,4106,C4,survivors_only,strategy,G2,186,true,passed,passed,caught,passed,passed,passed,full
audit,4106,C4,survivors_only,strategy,G2,266,true,passed,passed,caught,passed,passed,passed,full
audit,4106,C4,survivors_only,strategy,G2,318,true,passed,passed,caught,passed,passed,passed,full
audit,4106,C4,survivors_only,strategy,G2,322,true,passed,passed,caught,passed,passed,passed,full
audit,4106,C4,survivors_only,strategy,G2,370,true,passed,passed,caught,passed,passed,passed,full
audit,4106,C4,survivors_only,strategy,G2,405,true,passed,passed,caught,passed,passed,passed,full
audit,4106,C4,survivors_only,strategy,G2,429,true,passed,passed,caught,passed,passed,passed,full
audit,4107,C4,survivors_only,strategy,G2,27,true,passed,passed,caught,passed,passed,passed,full
audit,4107,C4,survivors_only,strategy,G2,37,true,passed,passed,caught,passed,passed,passed,full
audit,4107,C4,survivors_only,strategy,G2,130,true,passed,passed,caught,passed,passed,passed,full
audit,4107,C4,survivors_only,strategy,G2,145,true,passed,passed,caught,passed,passed,passed,full
audit,4107,C4,survivors_only,strategy,G2,164,true,passed,passed,caught,passed,passed,passed,full
audit,4107,C4,survivors_only,strategy,G2,253,true,passed,passed,caught,passed,passed,passed,full
audit,4107,C4,survivors_only,strategy,G2,340,true,passed,passed,caught,passed,passed,passed,full
audit,4107,C4,survivors_only,strategy,G2,403,true,passed,passed,caught,passed,passed,passed,full
audit,4107,C4,survivors_only,strategy,G2,408,true,passed,passed,caught,passed,passed,passed,full
audit,4107,C4,survivors_only,strategy,G2,467,true,passed,passed,caught,passed,passed,passed,full
audit,4108,C4,survivors_only,strategy,G2,59,true,passed,passed,caught,passed,passed,passed,full
audit,4108,C4,survivors_only,strategy,G2,95,true,passed,passed,caught,passed,passed,passed,full
audit,4108,C4,survivors_only,strategy,G2,116,true,passed,passed,caught,passed,passed,passed,full
audit,4108,C4,survivors_only,strategy,G2,282,true,passed,passed,caught,passed,passed,passed,full
audit,4108,C4,survivors_only,strategy,G2,307,true,passed,passed,caught,passed,passed,passed,full
audit,4108,C4,survivors_only,strategy,G2,367,true,passed,passed,caught,passed,passed,passed,full
audit,4108,C4,survivors_only,strategy,G2,391,true,passed,passed,caught,passed,passed,passed,full
audit,4108,C4,survivors_only,strategy,G2,400,true,passed,passed,caught,passed,passed,passed,full
audit,4108,C4,survivors_only,strategy,G2,424,true,passed,passed,caught,passed,passed,passed,full
audit,4108,C4,survivors_only,strategy,G2,441,true,passed,passed,caught,passed,passed,passed,full
audit,4109,C4,survivors_only,strategy,G2,54,true,passed,passed,caught,passed,passed,passed,full
audit,4109,C4,survivors_only,strategy,G2,61,true,passed,passed,caught,passed,passed,passed,full
audit,4109,C4,survivors_only,strategy,G2,84,true,passed,passed,caught,passed,passed,passed,full
audit,4109,C4,survivors_only,strategy,G2,112,true,passed,passed,caught,passed,passed,passed,full
audit,4109,C4,survivors_only,strategy,G2,113,true,passed,passed,caught,passed,passed,passed,full
audit,4109,C4,survivors_only,strategy,G2,240,true,passed,passed,caught,passed,passed,passed,full
audit,4109,C4,survivors_only,strategy,G2,254,true,passed,passed,caught,passed,passed,passed,full
audit,4109,C4,survivors_only,strategy,G2,347,true,passed,passed,caught,passed,passed,passed,full
audit,4109,C4,survivors_only,strategy,G2,429,true,passed,passed,caught,passed,passed,passed,full
audit,4109,C4,survivors_only,strategy,G2,446,true,passed,passed,caught,passed,passed,passed,full
audit,4100,C5,vendor_adjusted_close,strategy,G2,43,true,passed,passed,caught,passed,passed,passed,full
audit,4100,C5,vendor_adjusted_close,strategy,G2,70,true,passed,passed,caught,passed,passed,passed,full
audit,4100,C5,vendor_adjusted_close,strategy,G2,132,true,passed,passed,caught,passed,passed,passed,full
audit,4100,C5,vendor_adjusted_close,strategy,G2,144,true,passed,passed,caught,passed,passed,passed,full
audit,4100,C5,vendor_adjusted_close,strategy,G2,197,true,passed,passed,caught,passed,passed,passed,full
audit,4100,C5,vendor_adjusted_close,strategy,G2,201,true,passed,passed,caught,passed,passed,passed,full
audit,4100,C5,vendor_adjusted_close,strategy,G2,254,true,passed,passed,caught,passed,passed,passed,full
audit,4100,C5,vendor_adjusted_close,strategy,G2,255,true,passed,passed,caught,passed,passed,passed,full
audit,4100,C5,vendor_adjusted_close,strategy,G2,278,true,passed,passed,caught,passed,passed,passed,full
audit,4100,C5,vendor_adjusted_close,strategy,G2,331,true,passed,passed,caught,passed,passed,passed,full
audit,4101,C5,vendor_adjusted_close,strategy,G2,23,true,passed,passed,caught,passed,passed,passed,full
audit,4101,C5,vendor_adjusted_close,strategy,G2,53,true,passed,passed,caught,passed,passed,passed,full
audit,4101,C5,vendor_adjusted_close,strategy,G2,65,true,passed,passed,caught,passed,passed,passed,full
audit,4101,C5,vendor_adjusted_close,strategy,G2,77,true,passed,passed,caught,passed,passed,passed,full
audit,4101,C5,vendor_adjusted_close,strategy,G2,96,true,passed,passed,caught,passed,passed,passed,full
audit,4101,C5,vendor_adjusted_close,strategy,G2,183,true,passed,passed,caught,passed,passed,passed,full
audit,4101,C5,vendor_adjusted_close,strategy,G2,203,true,passed,passed,caught,passed,passed,passed,full
audit,4101,C5,vendor_adjusted_close,strategy,G2,405,true,passed,passed,caught,passed,passed,passed,full
audit,4101,C5,vendor_adjusted_close,strategy,G2,433,true,passed,passed,caught,passed,passed,passed,full
audit,4101,C5,vendor_adjusted_close,strategy,G2,494,true,passed,passed,caught,passed,passed,passed,full
audit,4102,C5,vendor_adjusted_close,strategy,G2,96,true,passed,passed,caught,passed,passed,passed,full
audit,4102,C5,vendor_adjusted_close,strategy,G2,150,true,passed,passed,caught,passed,passed,passed,full
audit,4102,C5,vendor_adjusted_close,strategy,G2,160,true,passed,passed,caught,passed,passed,passed,full
audit,4102,C5,vendor_adjusted_close,strategy,G2,176,true,passed,passed,caught,passed,passed,passed,full
audit,4102,C5,vendor_adjusted_close,strategy,G2,185,true,passed,passed,caught,passed,passed,passed,full
audit,4102,C5,vendor_adjusted_close,strategy,G2,237,true,passed,passed,caught,passed,passed,passed,full
audit,4102,C5,vendor_adjusted_close,strategy,G2,243,true,passed,passed,caught,passed,passed,passed,full
audit,4102,C5,vendor_adjusted_close,strategy,G2,277,true,passed,passed,caught,passed,passed,passed,full
audit,4102,C5,vendor_adjusted_close,strategy,G2,357,true,passed,passed,caught,passed,passed,passed,full
audit,4102,C5,vendor_adjusted_close,strategy,G2,498,false,passed,passed,caught,passed,passed,passed,full
audit,4103,C5,vendor_adjusted_close,strategy,G2,151,true,passed,passed,caught,passed,passed,passed,full
audit,4103,C5,vendor_adjusted_close,strategy,G2,156,true,passed,passed,caught,passed,passed,passed,full
audit,4103,C5,vendor_adjusted_close,strategy,G2,185,true,passed,passed,caught,passed,passed,passed,full
audit,4103,C5,vendor_adjusted_close,strategy,G2,201,true,passed,passed,caught,passed,passed,passed,full
audit,4103,C5,vendor_adjusted_close,strategy,G2,309,true,passed,passed,caught,passed,passed,passed,full
audit,4103,C5,vendor_adjusted_close,strategy,G2,370,true,passed,passed,caught,passed,passed,passed,full
audit,4103,C5,vendor_adjusted_close,strategy,G2,392,true,passed,passed,caught,passed,passed,passed,full
audit,4103,C5,vendor_adjusted_close,strategy,G2,402,true,passed,passed,caught,passed,passed,passed,full
audit,4103,C5,vendor_adjusted_close,strategy,G2,474,true,passed,passed,caught,passed,passed,passed,full
audit,4103,C5,vendor_adjusted_close,strategy,G2,491,true,passed,passed,caught,passed,passed,passed,full
audit,4104,C5,vendor_adjusted_close,strategy,G2,55,true,passed,passed,caught,passed,passed,passed,full
audit,4104,C5,vendor_adjusted_close,strategy,G2,98,true,passed,passed,caught,passed,passed,passed,full
audit,4104,C5,vendor_adjusted_close,strategy,G2,100,true,passed,passed,caught,passed,passed,passed,full
audit,4104,C5,vendor_adjusted_close,strategy,G2,235,true,passed,passed,caught,passed,passed,passed,full
audit,4104,C5,vendor_adjusted_close,strategy,G2,273,true,passed,passed,caught,passed,passed,passed,full
audit,4104,C5,vendor_adjusted_close,strategy,G2,275,true,passed,passed,caught,passed,passed,passed,full
audit,4104,C5,vendor_adjusted_close,strategy,G2,299,true,passed,passed,caught,passed,passed,passed,full
audit,4104,C5,vendor_adjusted_close,strategy,G2,307,true,passed,passed,caught,passed,passed,passed,full
audit,4104,C5,vendor_adjusted_close,strategy,G2,400,true,passed,passed,caught,passed,passed,passed,full
audit,4104,C5,vendor_adjusted_close,strategy,G2,446,true,passed,passed,caught,passed,passed,passed,full
audit,4105,C5,vendor_adjusted_close,strategy,G2,38,true,passed,passed,caught,passed,passed,passed,full
audit,4105,C5,vendor_adjusted_close,strategy,G2,124,true,passed,passed,caught,passed,passed,passed,full
audit,4105,C5,vendor_adjusted_close,strategy,G2,133,true,passed,passed,caught,passed,passed,passed,full
audit,4105,C5,vendor_adjusted_close,strategy,G2,187,true,passed,passed,caught,passed,passed,passed,full
audit,4105,C5,vendor_adjusted_close,strategy,G2,288,true,passed,passed,caught,passed,passed,passed,full
audit,4105,C5,vendor_adjusted_close,strategy,G2,306,true,passed,passed,caught,passed,passed,passed,full
audit,4105,C5,vendor_adjusted_close,strategy,G2,350,true,passed,passed,caught,passed,passed,passed,full
audit,4105,C5,vendor_adjusted_close,strategy,G2,368,true,passed,passed,caught,passed,passed,passed,full
audit,4105,C5,vendor_adjusted_close,strategy,G2,408,true,passed,passed,caught,passed,passed,passed,full
audit,4105,C5,vendor_adjusted_close,strategy,G2,410,true,passed,passed,caught,passed,passed,passed,full
audit,4106,C5,vendor_adjusted_close,strategy,G2,80,true,passed,passed,caught,passed,passed,passed,full
audit,4106,C5,vendor_adjusted_close,strategy,G2,114,true,passed,passed,caught,passed,passed,passed,full
audit,4106,C5,vendor_adjusted_close,strategy,G2,123,true,passed,passed,caught,passed,passed,passed,full
audit,4106,C5,vendor_adjusted_close,strategy,G2,186,true,passed,passed,caught,passed,passed,passed,full
audit,4106,C5,vendor_adjusted_close,strategy,G2,266,true,passed,passed,caught,passed,passed,passed,full
audit,4106,C5,vendor_adjusted_close,strategy,G2,318,true,passed,passed,caught,passed,passed,passed,full
audit,4106,C5,vendor_adjusted_close,strategy,G2,322,true,passed,passed,caught,passed,passed,passed,full
audit,4106,C5,vendor_adjusted_close,strategy,G2,370,true,passed,passed,caught,passed,passed,passed,full
audit,4106,C5,vendor_adjusted_close,strategy,G2,405,true,passed,passed,caught,passed,passed,passed,full
audit,4106,C5,vendor_adjusted_close,strategy,G2,429,true,passed,passed,caught,passed,passed,passed,full
audit,4107,C5,vendor_adjusted_close,strategy,G2,27,true,passed,passed,caught,passed,passed,passed,full
audit,4107,C5,vendor_adjusted_close,strategy,G2,37,true,passed,passed,caught,passed,passed,passed,full
audit,4107,C5,vendor_adjusted_close,strategy,G2,130,true,passed,passed,caught,passed,passed,passed,full
audit,4107,C5,vendor_adjusted_close,strategy,G2,145,true,passed,passed,caught,passed,passed,passed,full
audit,4107,C5,vendor_adjusted_close,strategy,G2,164,true,passed,passed,caught,passed,passed,passed,full
audit,4107,C5,vendor_adjusted_close,strategy,G2,253,true,passed,passed,caught,passed,passed,passed,full
audit,4107,C5,vendor_adjusted_close,strategy,G2,340,true,passed,passed,caught,passed,passed,passed,full
audit,4107,C5,vendor_adjusted_close,strategy,G2,403,true,passed,passed,caught,passed,passed,passed,full
audit,4107,C5,vendor_adjusted_close,strategy,G2,408,true,passed,passed,caught,passed,passed,passed,full
audit,4107,C5,vendor_adjusted_close,strategy,G2,467,true,passed,passed,caught,passed,passed,passed,full
audit,4108,C5,vendor_adjusted_close,strategy,G2,59,true,passed,passed,caught,passed,passed,passed,full
audit,4108,C5,vendor_adjusted_close,strategy,G2,95,true,passed,passed,caught,passed,passed,passed,full
audit,4108,C5,vendor_adjusted_close,strategy,G2,116,true,passed,passed,caught,passed,passed,passed,full
audit,4108,C5,vendor_adjusted_close,strategy,G2,282,true,passed,passed,caught,passed,passed,passed,full
audit,4108,C5,vendor_adjusted_close,strategy,G2,307,true,passed,passed,caught,passed,passed,passed,full
audit,4108,C5,vendor_adjusted_close,strategy,G2,367,true,passed,passed,caught,passed,passed,passed,full
audit,4108,C5,vendor_adjusted_close,strategy,G2,391,true,passed,passed,caught,passed,passed,passed,full
audit,4108,C5,vendor_adjusted_close,strategy,G2,400,true,passed,passed,caught,passed,passed,passed,full
audit,4108,C5,vendor_adjusted_close,strategy,G2,424,true,passed,passed,caught,passed,passed,passed,full
audit,4108,C5,vendor_adjusted_close,strategy,G2,441,true,passed,passed,caught,passed,passed,passed,full
audit,4109,C5,vendor_adjusted_close,strategy,G2,54,true,passed,passed,caught,passed,passed,passed,full
audit,4109,C5,vendor_adjusted_close,strategy,G2,61,true,passed,passed,caught,passed,passed,passed,full
audit,4109,C5,vendor_adjusted_close,strategy,G2,84,true,passed,passed,caught,passed,passed,passed,full
audit,4109,C5,vendor_adjusted_close,strategy,G2,112,true,passed,passed,caught,passed,passed,passed,full
audit,4109,C5,vendor_adjusted_close,strategy,G2,113,true,passed,passed,caught,passed,passed,passed,full
audit,4109,C5,vendor_adjusted_close,strategy,G2,240,true,passed,passed,caught,passed,passed,passed,full
audit,4109,C5,vendor_adjusted_close,strategy,G2,254,true,passed,passed,caught,passed,passed,passed,full
audit,4109,C5,vendor_adjusted_close,strategy,G2,347,true,passed,passed,caught,passed,passed,passed,full
audit,4109,C5,vendor_adjusted_close,strategy,G2,429,true,passed,passed,caught,passed,passed,passed,full
audit,4109,C5,vendor_adjusted_close,strategy,G2,446,true,passed,passed,caught,passed,passed,passed,full
audit,4100,C6,early_release_feature,feature,G4,43,false,passed,passed,passed,caught,passed,passed,full
audit,4100,C6,early_release_feature,feature,G4,70,false,passed,passed,passed,caught,passed,passed,full
audit,4100,C6,early_release_feature,feature,G4,132,false,passed,passed,passed,caught,passed,passed,full
audit,4100,C6,early_release_feature,feature,G4,144,false,passed,passed,passed,caught,passed,passed,full
audit,4100,C6,early_release_feature,feature,G4,197,false,passed,passed,passed,caught,passed,passed,full
audit,4100,C6,early_release_feature,feature,G4,201,false,passed,passed,passed,caught,passed,passed,full
audit,4100,C6,early_release_feature,feature,G4,254,false,passed,passed,passed,caught,passed,passed,full
audit,4100,C6,early_release_feature,feature,G4,255,false,passed,passed,passed,caught,passed,passed,full
audit,4100,C6,early_release_feature,feature,G4,278,false,passed,passed,passed,caught,passed,passed,full
audit,4100,C6,early_release_feature,feature,G4,331,false,passed,passed,passed,caught,passed,passed,full
audit,4101,C6,early_release_feature,feature,G4,23,false,passed,passed,passed,caught,passed,passed,full
audit,4101,C6,early_release_feature,feature,G4,53,false,passed,passed,passed,caught,passed,passed,full
audit,4101,C6,early_release_feature,feature,G4,65,false,passed,passed,passed,caught,passed,passed,full
audit,4101,C6,early_release_feature,feature,G4,77,false,passed,passed,passed,caught,passed,passed,full
audit,4101,C6,early_release_feature,feature,G4,96,false,passed,passed,passed,caught,passed,passed,full
audit,4101,C6,early_release_feature,feature,G4,183,false,passed,passed,passed,caught,passed,passed,full
audit,4101,C6,early_release_feature,feature,G4,203,false,passed,passed,passed,caught,passed,passed,full
audit,4101,C6,early_release_feature,feature,G4,405,false,passed,passed,passed,caught,passed,passed,full
audit,4101,C6,early_release_feature,feature,G4,433,false,passed,passed,passed,caught,passed,passed,full
audit,4101,C6,early_release_feature,feature,G4,494,false,passed,passed,passed,caught,passed,passed,full
audit,4102,C6,early_release_feature,feature,G4,96,false,passed,passed,passed,caught,passed,passed,full
audit,4102,C6,early_release_feature,feature,G4,150,false,passed,passed,passed,caught,passed,passed,full
audit,4102,C6,early_release_feature,feature,G4,160,false,passed,passed,passed,caught,passed,passed,full
audit,4102,C6,early_release_feature,feature,G4,176,false,passed,passed,passed,caught,passed,passed,full
audit,4102,C6,early_release_feature,feature,G4,185,false,passed,passed,passed,caught,passed,passed,full
audit,4102,C6,early_release_feature,feature,G4,237,false,passed,passed,passed,caught,passed,passed,full
audit,4102,C6,early_release_feature,feature,G4,243,false,passed,passed,passed,caught,passed,passed,full
audit,4102,C6,early_release_feature,feature,G4,277,false,passed,passed,passed,caught,passed,passed,full
audit,4102,C6,early_release_feature,feature,G4,357,false,passed,passed,passed,caught,passed,passed,full
audit,4102,C6,early_release_feature,feature,G4,498,false,passed,passed,passed,caught,passed,passed,full
audit,4103,C6,early_release_feature,feature,G4,151,false,passed,passed,passed,caught,passed,passed,full
audit,4103,C6,early_release_feature,feature,G4,156,false,passed,passed,passed,caught,passed,passed,full
audit,4103,C6,early_release_feature,feature,G4,185,false,passed,passed,passed,caught,passed,passed,full
audit,4103,C6,early_release_feature,feature,G4,201,false,passed,passed,passed,caught,passed,passed,full
audit,4103,C6,early_release_feature,feature,G4,309,false,passed,passed,passed,caught,passed,passed,full
audit,4103,C6,early_release_feature,feature,G4,370,false,passed,passed,passed,caught,passed,passed,full
audit,4103,C6,early_release_feature,feature,G4,392,false,passed,passed,passed,caught,passed,passed,full
audit,4103,C6,early_release_feature,feature,G4,402,false,passed,passed,passed,caught,passed,passed,full
audit,4103,C6,early_release_feature,feature,G4,474,false,passed,passed,passed,caught,passed,passed,full
audit,4103,C6,early_release_feature,feature,G4,491,false,passed,passed,passed,caught,passed,passed,full
audit,4104,C6,early_release_feature,feature,G4,55,false,passed,passed,passed,caught,passed,passed,full
audit,4104,C6,early_release_feature,feature,G4,98,false,passed,passed,passed,caught,passed,passed,full
audit,4104,C6,early_release_feature,feature,G4,100,false,passed,passed,passed,caught,passed,passed,full
audit,4104,C6,early_release_feature,feature,G4,235,false,passed,passed,passed,caught,passed,passed,full
audit,4104,C6,early_release_feature,feature,G4,273,false,passed,passed,passed,caught,passed,passed,full
audit,4104,C6,early_release_feature,feature,G4,275,false,passed,passed,passed,caught,passed,passed,full
audit,4104,C6,early_release_feature,feature,G4,299,false,passed,passed,passed,caught,passed,passed,full
audit,4104,C6,early_release_feature,feature,G4,307,false,passed,passed,passed,caught,passed,passed,full
audit,4104,C6,early_release_feature,feature,G4,400,false,passed,passed,passed,caught,passed,passed,full
audit,4104,C6,early_release_feature,feature,G4,446,false,passed,passed,passed,caught,passed,passed,full
audit,4105,C6,early_release_feature,feature,G4,38,false,passed,passed,passed,caught,passed,passed,full
audit,4105,C6,early_release_feature,feature,G4,124,false,passed,passed,passed,caught,passed,passed,full
audit,4105,C6,early_release_feature,feature,G4,133,false,passed,passed,passed,caught,passed,passed,full
audit,4105,C6,early_release_feature,feature,G4,187,false,passed,passed,passed,caught,passed,passed,full
audit,4105,C6,early_release_feature,feature,G4,288,false,passed,passed,passed,caught,passed,passed,full
audit,4105,C6,early_release_feature,feature,G4,306,false,passed,passed,passed,caught,passed,passed,full
audit,4105,C6,early_release_feature,feature,G4,350,false,passed,passed,passed,caught,passed,passed,full
audit,4105,C6,early_release_feature,feature,G4,368,false,passed,passed,passed,caught,passed,passed,full
audit,4105,C6,early_release_feature,feature,G4,408,false,passed,passed,passed,caught,passed,passed,full
audit,4105,C6,early_release_feature,feature,G4,410,false,passed,passed,passed,caught,passed,passed,full
audit,4106,C6,early_release_feature,feature,G4,80,false,passed,passed,passed,caught,passed,passed,full
audit,4106,C6,early_release_feature,feature,G4,114,false,passed,passed,passed,caught,passed,passed,full
audit,4106,C6,early_release_feature,feature,G4,123,false,passed,passed,passed,caught,passed,passed,full
audit,4106,C6,early_release_feature,feature,G4,186,false,passed,passed,passed,caught,passed,passed,full
audit,4106,C6,early_release_feature,feature,G4,266,false,passed,passed,passed,caught,passed,passed,full
audit,4106,C6,early_release_feature,feature,G4,318,false,passed,passed,passed,caught,passed,passed,full
audit,4106,C6,early_release_feature,feature,G4,322,false,passed,passed,passed,caught,passed,passed,full
audit,4106,C6,early_release_feature,feature,G4,370,false,passed,passed,passed,caught,passed,passed,full
audit,4106,C6,early_release_feature,feature,G4,405,false,passed,passed,passed,caught,passed,passed,full
audit,4106,C6,early_release_feature,feature,G4,429,false,passed,passed,passed,caught,passed,passed,full
audit,4107,C6,early_release_feature,feature,G4,27,false,passed,passed,passed,caught,passed,passed,full
audit,4107,C6,early_release_feature,feature,G4,37,false,passed,passed,passed,caught,passed,passed,full
audit,4107,C6,early_release_feature,feature,G4,130,false,passed,passed,passed,caught,passed,passed,full
audit,4107,C6,early_release_feature,feature,G4,145,false,passed,passed,passed,caught,passed,passed,full
audit,4107,C6,early_release_feature,feature,G4,164,false,passed,passed,passed,caught,passed,passed,full
audit,4107,C6,early_release_feature,feature,G4,253,false,passed,passed,passed,caught,passed,passed,full
audit,4107,C6,early_release_feature,feature,G4,340,false,passed,passed,passed,caught,passed,passed,full
audit,4107,C6,early_release_feature,feature,G4,403,false,passed,passed,passed,caught,passed,passed,full
audit,4107,C6,early_release_feature,feature,G4,408,false,passed,passed,passed,caught,passed,passed,full
audit,4107,C6,early_release_feature,feature,G4,467,false,passed,passed,passed,caught,passed,passed,full
audit,4108,C6,early_release_feature,feature,G4,59,false,passed,passed,passed,caught,passed,passed,full
audit,4108,C6,early_release_feature,feature,G4,95,false,passed,passed,passed,caught,passed,passed,full
audit,4108,C6,early_release_feature,feature,G4,116,false,passed,passed,passed,caught,passed,passed,full
audit,4108,C6,early_release_feature,feature,G4,282,false,passed,passed,passed,caught,passed,passed,full
audit,4108,C6,early_release_feature,feature,G4,307,false,passed,passed,passed,caught,passed,passed,full
audit,4108,C6,early_release_feature,feature,G4,367,false,passed,passed,passed,caught,passed,passed,full
audit,4108,C6,early_release_feature,feature,G4,391,false,passed,passed,passed,caught,passed,passed,full
audit,4108,C6,early_release_feature,feature,G4,400,false,passed,passed,passed,caught,passed,passed,full
audit,4108,C6,early_release_feature,feature,G4,424,false,passed,passed,passed,caught,passed,passed,full
audit,4108,C6,early_release_feature,feature,G4,441,false,passed,passed,passed,caught,passed,passed,full
audit,4109,C6,early_release_feature,feature,G4,54,false,passed,passed,passed,caught,passed,passed,full
audit,4109,C6,early_release_feature,feature,G4,61,false,passed,passed,passed,caught,passed,passed,full
audit,4109,C6,early_release_feature,feature,G4,84,false,passed,passed,passed,caught,passed,passed,full
audit,4109,C6,early_release_feature,feature,G4,112,false,passed,passed,passed,caught,passed,passed,full
audit,4109,C6,early_release_feature,feature,G4,113,false,passed,passed,passed,caught,passed,passed,full
audit,4109,C6,early_release_feature,feature,G4,240,false,passed,passed,passed,caught,passed,passed,full
audit,4109,C6,early_release_feature,feature,G4,254,false,passed,passed,passed,caught,passed,passed,full
audit,4109,C6,early_release_feature,feature,G4,347,false,passed,passed,passed,caught,passed,passed,full
audit,4109,C6,early_release_feature,feature,G4,429,false,passed,passed,passed,caught,passed,passed,full
audit,4109,C6,early_release_feature,feature,G4,446,false,passed,passed,passed,caught,passed,passed,full
audit,4100,C7,same_bar_fill,run,G5,43,false,passed,passed,passed,passed,caught,passed,full
audit,4100,C7,same_bar_fill,run,G5,70,false,passed,passed,passed,passed,caught,passed,full
audit,4100,C7,same_bar_fill,run,G5,132,false,passed,passed,passed,passed,caught,passed,full
audit,4100,C7,same_bar_fill,run,G5,144,false,passed,passed,passed,passed,caught,passed,full
audit,4100,C7,same_bar_fill,run,G5,197,false,passed,passed,passed,passed,caught,passed,full
audit,4100,C7,same_bar_fill,run,G5,201,false,passed,passed,passed,passed,caught,passed,full
audit,4100,C7,same_bar_fill,run,G5,254,false,passed,passed,passed,passed,caught,passed,full
audit,4100,C7,same_bar_fill,run,G5,255,false,passed,passed,passed,passed,caught,passed,full
audit,4100,C7,same_bar_fill,run,G5,278,false,passed,passed,passed,passed,caught,passed,full
audit,4100,C7,same_bar_fill,run,G5,331,false,passed,passed,passed,passed,caught,passed,full
audit,4101,C7,same_bar_fill,run,G5,23,false,passed,passed,passed,passed,caught,passed,full
audit,4101,C7,same_bar_fill,run,G5,53,false,passed,passed,passed,passed,caught,passed,full
audit,4101,C7,same_bar_fill,run,G5,65,false,passed,passed,passed,passed,caught,passed,full
audit,4101,C7,same_bar_fill,run,G5,77,false,passed,passed,passed,passed,caught,passed,full
audit,4101,C7,same_bar_fill,run,G5,96,false,passed,passed,passed,passed,caught,passed,full
audit,4101,C7,same_bar_fill,run,G5,183,false,passed,passed,passed,passed,caught,passed,full
audit,4101,C7,same_bar_fill,run,G5,203,false,passed,passed,passed,passed,caught,passed,full
audit,4101,C7,same_bar_fill,run,G5,405,false,passed,passed,passed,passed,caught,passed,full
audit,4101,C7,same_bar_fill,run,G5,433,false,passed,passed,passed,passed,caught,passed,full
audit,4101,C7,same_bar_fill,run,G5,494,false,passed,passed,passed,passed,caught,passed,full
audit,4102,C7,same_bar_fill,run,G5,96,false,passed,passed,passed,passed,caught,passed,full
audit,4102,C7,same_bar_fill,run,G5,150,false,passed,passed,passed,passed,caught,passed,full
audit,4102,C7,same_bar_fill,run,G5,160,false,passed,passed,passed,passed,caught,passed,full
audit,4102,C7,same_bar_fill,run,G5,176,false,passed,passed,passed,passed,caught,passed,full
audit,4102,C7,same_bar_fill,run,G5,185,false,passed,passed,passed,passed,caught,passed,full
audit,4102,C7,same_bar_fill,run,G5,237,false,passed,passed,passed,passed,caught,passed,full
audit,4102,C7,same_bar_fill,run,G5,243,false,passed,passed,passed,passed,caught,passed,full
audit,4102,C7,same_bar_fill,run,G5,277,false,passed,passed,passed,passed,caught,passed,full
audit,4102,C7,same_bar_fill,run,G5,357,false,passed,passed,passed,passed,caught,passed,full
audit,4102,C7,same_bar_fill,run,G5,498,false,passed,passed,passed,passed,caught,passed,full
audit,4103,C7,same_bar_fill,run,G5,151,false,passed,passed,passed,passed,caught,passed,full
audit,4103,C7,same_bar_fill,run,G5,156,false,passed,passed,passed,passed,caught,passed,full
audit,4103,C7,same_bar_fill,run,G5,185,false,passed,passed,passed,passed,caught,passed,full
audit,4103,C7,same_bar_fill,run,G5,201,false,passed,passed,passed,passed,caught,passed,full
audit,4103,C7,same_bar_fill,run,G5,309,false,passed,passed,passed,passed,caught,passed,full
audit,4103,C7,same_bar_fill,run,G5,370,false,passed,passed,passed,passed,caught,passed,full
audit,4103,C7,same_bar_fill,run,G5,392,false,passed,passed,passed,passed,caught,passed,full
audit,4103,C7,same_bar_fill,run,G5,402,false,passed,passed,passed,passed,caught,passed,full
audit,4103,C7,same_bar_fill,run,G5,474,false,passed,passed,passed,passed,caught,passed,full
audit,4103,C7,same_bar_fill,run,G5,491,false,passed,passed,passed,passed,caught,passed,full
audit,4104,C7,same_bar_fill,run,G5,55,false,passed,passed,passed,passed,caught,passed,full
audit,4104,C7,same_bar_fill,run,G5,98,false,passed,passed,passed,passed,caught,passed,full
audit,4104,C7,same_bar_fill,run,G5,100,false,passed,passed,passed,passed,caught,passed,full
audit,4104,C7,same_bar_fill,run,G5,235,false,passed,passed,passed,passed,caught,passed,full
audit,4104,C7,same_bar_fill,run,G5,273,false,passed,passed,passed,passed,caught,passed,full
audit,4104,C7,same_bar_fill,run,G5,275,false,passed,passed,passed,passed,caught,passed,full
audit,4104,C7,same_bar_fill,run,G5,299,false,passed,passed,passed,passed,caught,passed,full
audit,4104,C7,same_bar_fill,run,G5,307,false,passed,passed,passed,passed,caught,passed,full
audit,4104,C7,same_bar_fill,run,G5,400,false,passed,passed,passed,passed,caught,passed,full
audit,4104,C7,same_bar_fill,run,G5,446,false,passed,passed,passed,passed,caught,passed,full
audit,4105,C7,same_bar_fill,run,G5,38,false,passed,passed,passed,passed,caught,passed,full
audit,4105,C7,same_bar_fill,run,G5,124,false,passed,passed,passed,passed,caught,passed,full
audit,4105,C7,same_bar_fill,run,G5,133,false,passed,passed,passed,passed,caught,passed,full
audit,4105,C7,same_bar_fill,run,G5,187,false,passed,passed,passed,passed,caught,passed,full
audit,4105,C7,same_bar_fill,run,G5,288,false,passed,passed,passed,passed,caught,passed,full
audit,4105,C7,same_bar_fill,run,G5,306,false,passed,passed,passed,passed,caught,passed,full
audit,4105,C7,same_bar_fill,run,G5,350,false,passed,passed,passed,passed,caught,passed,full
audit,4105,C7,same_bar_fill,run,G5,368,false,passed,passed,passed,passed,caught,passed,full
audit,4105,C7,same_bar_fill,run,G5,408,false,passed,passed,passed,passed,caught,passed,full
audit,4105,C7,same_bar_fill,run,G5,410,false,passed,passed,passed,passed,caught,passed,full
audit,4106,C7,same_bar_fill,run,G5,80,false,passed,passed,passed,passed,caught,passed,full
audit,4106,C7,same_bar_fill,run,G5,114,false,passed,passed,passed,passed,caught,passed,full
audit,4106,C7,same_bar_fill,run,G5,123,false,passed,passed,passed,passed,caught,passed,full
audit,4106,C7,same_bar_fill,run,G5,186,false,passed,passed,passed,passed,caught,passed,full
audit,4106,C7,same_bar_fill,run,G5,266,false,passed,passed,passed,passed,caught,passed,full
audit,4106,C7,same_bar_fill,run,G5,318,false,passed,passed,passed,passed,caught,passed,full
audit,4106,C7,same_bar_fill,run,G5,322,false,passed,passed,passed,passed,caught,passed,full
audit,4106,C7,same_bar_fill,run,G5,370,false,passed,passed,passed,passed,caught,passed,full
audit,4106,C7,same_bar_fill,run,G5,405,false,passed,passed,passed,passed,caught,passed,full
audit,4106,C7,same_bar_fill,run,G5,429,false,passed,passed,passed,passed,caught,passed,full
audit,4107,C7,same_bar_fill,run,G5,27,false,passed,passed,passed,passed,caught,passed,full
audit,4107,C7,same_bar_fill,run,G5,37,false,passed,passed,passed,passed,caught,passed,full
audit,4107,C7,same_bar_fill,run,G5,130,false,passed,passed,passed,passed,caught,passed,full
audit,4107,C7,same_bar_fill,run,G5,145,false,passed,passed,passed,passed,caught,passed,full
audit,4107,C7,same_bar_fill,run,G5,164,false,passed,passed,passed,passed,caught,passed,full
audit,4107,C7,same_bar_fill,run,G5,253,false,passed,passed,passed,passed,caught,passed,full
audit,4107,C7,same_bar_fill,run,G5,340,false,passed,passed,passed,passed,caught,passed,full
audit,4107,C7,same_bar_fill,run,G5,403,false,passed,passed,passed,passed,caught,passed,full
audit,4107,C7,same_bar_fill,run,G5,408,false,passed,passed,passed,passed,caught,passed,full
audit,4107,C7,same_bar_fill,run,G5,467,false,passed,passed,passed,passed,caught,passed,full
audit,4108,C7,same_bar_fill,run,G5,59,false,passed,passed,passed,passed,caught,passed,full
audit,4108,C7,same_bar_fill,run,G5,95,false,passed,passed,passed,passed,caught,passed,full
audit,4108,C7,same_bar_fill,run,G5,116,false,passed,passed,passed,passed,caught,passed,full
audit,4108,C7,same_bar_fill,run,G5,282,false,passed,passed,passed,passed,caught,passed,full
audit,4108,C7,same_bar_fill,run,G5,307,false,passed,passed,passed,passed,caught,passed,full
audit,4108,C7,same_bar_fill,run,G5,367,false,passed,passed,passed,passed,caught,passed,full
audit,4108,C7,same_bar_fill,run,G5,391,false,passed,passed,passed,passed,caught,passed,full
audit,4108,C7,same_bar_fill,run,G5,400,false,passed,passed,passed,passed,caught,passed,full
audit,4108,C7,same_bar_fill,run,G5,424,false,passed,passed,passed,passed,caught,passed,full
audit,4108,C7,same_bar_fill,run,G5,441,false,passed,passed,passed,passed,caught,passed,full
audit,4109,C7,same_bar_fill,run,G5,54,false,passed,passed,passed,passed,caught,passed,full
audit,4109,C7,same_bar_fill,run,G5,61,false,passed,passed,passed,passed,caught,passed,full
audit,4109,C7,same_bar_fill,run,G5,84,false,passed,passed,passed,passed,caught,passed,full
audit,4109,C7,same_bar_fill,run,G5,112,false,passed,passed,passed,passed,caught,passed,full
audit,4109,C7,same_bar_fill,run,G5,113,false,passed,passed,passed,passed,caught,passed,full
audit,4109,C7,same_bar_fill,run,G5,240,false,passed,passed,passed,passed,caught,passed,full
audit,4109,C7,same_bar_fill,run,G5,254,false,passed,passed,passed,passed,caught,passed,full
audit,4109,C7,same_bar_fill,run,G5,347,false,passed,passed,passed,passed,caught,passed,full
audit,4109,C7,same_bar_fill,run,G5,429,false,passed,passed,passed,passed,caught,passed,full
audit,4109,C7,same_bar_fill,run,G5,446,false,passed,passed,passed,passed,caught,passed,full
audit,4100,C8,overlapping_label_cv,cv,G6,43,false,passed,passed,caught,passed,passed,caught,full
audit,4100,C8,overlapping_label_cv,cv,G6,70,false,passed,passed,caught,passed,passed,caught,full
audit,4100,C8,overlapping_label_cv,cv,G6,132,false,passed,passed,caught,passed,passed,caught,full
audit,4100,C8,overlapping_label_cv,cv,G6,144,false,passed,passed,caught,passed,passed,caught,full
audit,4100,C8,overlapping_label_cv,cv,G6,197,false,passed,passed,caught,passed,passed,caught,full
audit,4100,C8,overlapping_label_cv,cv,G6,201,false,passed,passed,caught,passed,passed,caught,full
audit,4100,C8,overlapping_label_cv,cv,G6,254,false,passed,passed,caught,passed,passed,caught,full
audit,4100,C8,overlapping_label_cv,cv,G6,255,false,passed,passed,caught,passed,passed,caught,full
audit,4100,C8,overlapping_label_cv,cv,G6,278,false,passed,passed,caught,passed,passed,caught,full
audit,4100,C8,overlapping_label_cv,cv,G6,331,false,passed,passed,caught,passed,passed,caught,full
audit,4101,C8,overlapping_label_cv,cv,G6,23,false,passed,passed,caught,passed,passed,caught,full
audit,4101,C8,overlapping_label_cv,cv,G6,53,false,passed,passed,caught,passed,passed,caught,full
audit,4101,C8,overlapping_label_cv,cv,G6,65,false,passed,passed,caught,passed,passed,caught,full
audit,4101,C8,overlapping_label_cv,cv,G6,77,false,passed,passed,caught,passed,passed,caught,full
audit,4101,C8,overlapping_label_cv,cv,G6,96,false,passed,passed,caught,passed,passed,caught,full
audit,4101,C8,overlapping_label_cv,cv,G6,183,false,passed,passed,caught,passed,passed,caught,full
audit,4101,C8,overlapping_label_cv,cv,G6,203,false,passed,passed,caught,passed,passed,caught,full
audit,4101,C8,overlapping_label_cv,cv,G6,405,false,passed,passed,caught,passed,passed,caught,full
audit,4101,C8,overlapping_label_cv,cv,G6,433,false,passed,passed,caught,passed,passed,caught,full
audit,4101,C8,overlapping_label_cv,cv,G6,494,false,passed,passed,caught,passed,passed,caught,full
audit,4102,C8,overlapping_label_cv,cv,G6,96,false,passed,passed,caught,passed,passed,caught,full
audit,4102,C8,overlapping_label_cv,cv,G6,150,false,passed,passed,caught,passed,passed,caught,full
audit,4102,C8,overlapping_label_cv,cv,G6,160,false,passed,passed,caught,passed,passed,caught,full
audit,4102,C8,overlapping_label_cv,cv,G6,176,false,passed,passed,caught,passed,passed,caught,full
audit,4102,C8,overlapping_label_cv,cv,G6,185,false,passed,passed,caught,passed,passed,caught,full
audit,4102,C8,overlapping_label_cv,cv,G6,237,false,passed,passed,caught,passed,passed,caught,full
audit,4102,C8,overlapping_label_cv,cv,G6,243,false,passed,passed,caught,passed,passed,caught,full
audit,4102,C8,overlapping_label_cv,cv,G6,277,false,passed,passed,caught,passed,passed,caught,full
audit,4102,C8,overlapping_label_cv,cv,G6,357,false,passed,passed,caught,passed,passed,caught,full
audit,4102,C8,overlapping_label_cv,cv,G6,498,false,passed,passed,caught,passed,passed,caught,full
audit,4103,C8,overlapping_label_cv,cv,G6,151,false,passed,passed,caught,passed,passed,caught,full
audit,4103,C8,overlapping_label_cv,cv,G6,156,false,passed,passed,caught,passed,passed,caught,full
audit,4103,C8,overlapping_label_cv,cv,G6,185,false,passed,passed,caught,passed,passed,caught,full
audit,4103,C8,overlapping_label_cv,cv,G6,201,false,passed,passed,caught,passed,passed,caught,full
audit,4103,C8,overlapping_label_cv,cv,G6,309,false,passed,passed,caught,passed,passed,caught,full
audit,4103,C8,overlapping_label_cv,cv,G6,370,false,passed,passed,caught,passed,passed,caught,full
audit,4103,C8,overlapping_label_cv,cv,G6,392,false,passed,passed,caught,passed,passed,caught,full
audit,4103,C8,overlapping_label_cv,cv,G6,402,false,passed,passed,caught,passed,passed,caught,full
audit,4103,C8,overlapping_label_cv,cv,G6,474,false,passed,passed,caught,passed,passed,caught,full
audit,4103,C8,overlapping_label_cv,cv,G6,491,false,passed,passed,caught,passed,passed,caught,full
audit,4104,C8,overlapping_label_cv,cv,G6,55,false,passed,passed,caught,passed,passed,caught,full
audit,4104,C8,overlapping_label_cv,cv,G6,98,false,passed,passed,caught,passed,passed,caught,full
audit,4104,C8,overlapping_label_cv,cv,G6,100,false,passed,passed,caught,passed,passed,caught,full
audit,4104,C8,overlapping_label_cv,cv,G6,235,false,passed,passed,caught,passed,passed,caught,full
audit,4104,C8,overlapping_label_cv,cv,G6,273,false,passed,passed,caught,passed,passed,caught,full
audit,4104,C8,overlapping_label_cv,cv,G6,275,false,passed,passed,caught,passed,passed,caught,full
audit,4104,C8,overlapping_label_cv,cv,G6,299,false,passed,passed,caught,passed,passed,caught,full
audit,4104,C8,overlapping_label_cv,cv,G6,307,false,passed,passed,caught,passed,passed,caught,full
audit,4104,C8,overlapping_label_cv,cv,G6,400,false,passed,passed,caught,passed,passed,caught,full
audit,4104,C8,overlapping_label_cv,cv,G6,446,false,passed,passed,caught,passed,passed,caught,full
audit,4105,C8,overlapping_label_cv,cv,G6,38,false,passed,passed,caught,passed,passed,caught,full
audit,4105,C8,overlapping_label_cv,cv,G6,124,false,passed,passed,caught,passed,passed,caught,full
audit,4105,C8,overlapping_label_cv,cv,G6,133,false,passed,passed,caught,passed,passed,caught,full
audit,4105,C8,overlapping_label_cv,cv,G6,187,false,passed,passed,caught,passed,passed,caught,full
audit,4105,C8,overlapping_label_cv,cv,G6,288,false,passed,passed,caught,passed,passed,caught,full
audit,4105,C8,overlapping_label_cv,cv,G6,306,false,passed,passed,caught,passed,passed,caught,full
audit,4105,C8,overlapping_label_cv,cv,G6,350,false,passed,passed,caught,passed,passed,caught,full
audit,4105,C8,overlapping_label_cv,cv,G6,368,false,passed,passed,caught,passed,passed,caught,full
audit,4105,C8,overlapping_label_cv,cv,G6,408,false,passed,passed,caught,passed,passed,caught,full
audit,4105,C8,overlapping_label_cv,cv,G6,410,false,passed,passed,caught,passed,passed,caught,full
audit,4106,C8,overlapping_label_cv,cv,G6,80,false,passed,passed,caught,passed,passed,caught,full
audit,4106,C8,overlapping_label_cv,cv,G6,114,false,passed,passed,caught,passed,passed,caught,full
audit,4106,C8,overlapping_label_cv,cv,G6,123,false,passed,passed,caught,passed,passed,caught,full
audit,4106,C8,overlapping_label_cv,cv,G6,186,false,passed,passed,caught,passed,passed,caught,full
audit,4106,C8,overlapping_label_cv,cv,G6,266,false,passed,passed,caught,passed,passed,caught,full
audit,4106,C8,overlapping_label_cv,cv,G6,318,false,passed,passed,caught,passed,passed,caught,full
audit,4106,C8,overlapping_label_cv,cv,G6,322,false,passed,passed,caught,passed,passed,caught,full
audit,4106,C8,overlapping_label_cv,cv,G6,370,false,passed,passed,caught,passed,passed,caught,full
audit,4106,C8,overlapping_label_cv,cv,G6,405,false,passed,passed,caught,passed,passed,caught,full
audit,4106,C8,overlapping_label_cv,cv,G6,429,false,passed,passed,caught,passed,passed,caught,full
audit,4107,C8,overlapping_label_cv,cv,G6,27,false,passed,passed,caught,passed,passed,caught,full
audit,4107,C8,overlapping_label_cv,cv,G6,37,false,passed,passed,caught,passed,passed,caught,full
audit,4107,C8,overlapping_label_cv,cv,G6,130,false,passed,passed,caught,passed,passed,caught,full
audit,4107,C8,overlapping_label_cv,cv,G6,145,false,passed,passed,caught,passed,passed,caught,full
audit,4107,C8,overlapping_label_cv,cv,G6,164,false,passed,passed,caught,passed,passed,caught,full
audit,4107,C8,overlapping_label_cv,cv,G6,253,false,passed,passed,caught,passed,passed,caught,full
audit,4107,C8,overlapping_label_cv,cv,G6,340,false,passed,passed,caught,passed,passed,caught,full
audit,4107,C8,overlapping_label_cv,cv,G6,403,false,passed,passed,caught,passed,passed,caught,full
audit,4107,C8,overlapping_label_cv,cv,G6,408,false,passed,passed,caught,passed,passed,caught,full
audit,4107,C8,overlapping_label_cv,cv,G6,467,false,passed,passed,caught,passed,passed,caught,full
audit,4108,C8,overlapping_label_cv,cv,G6,59,false,passed,passed,caught,passed,passed,caught,full
audit,4108,C8,overlapping_label_cv,cv,G6,95,false,passed,passed,caught,passed,passed,caught,full
audit,4108,C8,overlapping_label_cv,cv,G6,116,false,passed,passed,caught,passed,passed,caught,full
audit,4108,C8,overlapping_label_cv,cv,G6,282,false,passed,passed,caught,passed,passed,caught,full
audit,4108,C8,overlapping_label_cv,cv,G6,307,false,passed,passed,caught,passed,passed,caught,full
audit,4108,C8,overlapping_label_cv,cv,G6,367,false,passed,passed,caught,passed,passed,caught,full
audit,4108,C8,overlapping_label_cv,cv,G6,391,false,passed,passed,caught,passed,passed,caught,full
audit,4108,C8,overlapping_label_cv,cv,G6,400,false,passed,passed,caught,passed,passed,caught,full
audit,4108,C8,overlapping_label_cv,cv,G6,424,false,passed,passed,caught,passed,passed,caught,full
audit,4108,C8,overlapping_label_cv,cv,G6,441,false,passed,passed,caught,passed,passed,caught,full
audit,4109,C8,overlapping_label_cv,cv,G6,54,false,passed,passed,caught,passed,passed,caught,full
audit,4109,C8,overlapping_label_cv,cv,G6,61,false,passed,passed,caught,passed,passed,caught,full
audit,4109,C8,overlapping_label_cv,cv,G6,84,false,passed,passed,caught,passed,passed,caught,full
audit,4109,C8,overlapping_label_cv,cv,G6,112,false,passed,passed,caught,passed,passed,caught,full
audit,4109,C8,overlapping_label_cv,cv,G6,113,false,passed,passed,caught,passed,passed,caught,full
audit,4109,C8,overlapping_label_cv,cv,G6,240,false,passed,passed,caught,passed,passed,caught,full
audit,4109,C8,overlapping_label_cv,cv,G6,254,false,passed,passed,caught,passed,passed,caught,full
audit,4109,C8,overlapping_label_cv,cv,G6,347,false,passed,passed,caught,passed,passed,caught,full
audit,4109,C8,overlapping_label_cv,cv,G6,429,false,passed,passed,caught,passed,passed,caught,full
audit,4109,C8,overlapping_label_cv,cv,G6,446,false,passed,passed,caught,passed,passed,caught,full
audit,4100,F_low_vol,feature_low_vol,feature,-,43,false,passed,passed,passed,passed,passed,passed,full
audit,4100,F_low_vol,feature_low_vol,feature,-,70,false,passed,passed,passed,passed,passed,passed,full
audit,4100,F_low_vol,feature_low_vol,feature,-,132,false,passed,passed,passed,passed,passed,passed,full
audit,4100,F_low_vol,feature_low_vol,feature,-,144,false,passed,passed,passed,passed,passed,passed,full
audit,4100,F_low_vol,feature_low_vol,feature,-,197,false,passed,passed,passed,passed,passed,passed,full
audit,4100,F_low_vol,feature_low_vol,feature,-,201,false,passed,passed,passed,passed,passed,passed,full
audit,4100,F_low_vol,feature_low_vol,feature,-,254,false,passed,passed,passed,passed,passed,passed,full
audit,4100,F_low_vol,feature_low_vol,feature,-,255,false,passed,passed,passed,passed,passed,passed,full
audit,4100,F_low_vol,feature_low_vol,feature,-,278,false,passed,passed,passed,passed,passed,passed,full
audit,4100,F_low_vol,feature_low_vol,feature,-,331,false,passed,passed,passed,passed,passed,passed,full
audit,4101,F_low_vol,feature_low_vol,feature,-,23,false,passed,passed,passed,passed,passed,passed,full
audit,4101,F_low_vol,feature_low_vol,feature,-,53,false,passed,passed,passed,passed,passed,passed,full
audit,4101,F_low_vol,feature_low_vol,feature,-,65,false,passed,passed,passed,passed,passed,passed,full
audit,4101,F_low_vol,feature_low_vol,feature,-,77,false,passed,passed,passed,passed,passed,passed,full
audit,4101,F_low_vol,feature_low_vol,feature,-,96,false,passed,passed,passed,passed,passed,passed,full
audit,4101,F_low_vol,feature_low_vol,feature,-,183,false,passed,passed,passed,passed,passed,passed,full
audit,4101,F_low_vol,feature_low_vol,feature,-,203,false,passed,passed,passed,passed,passed,passed,full
audit,4101,F_low_vol,feature_low_vol,feature,-,405,false,passed,passed,passed,passed,passed,passed,full
audit,4101,F_low_vol,feature_low_vol,feature,-,433,false,passed,passed,passed,passed,passed,passed,full
audit,4101,F_low_vol,feature_low_vol,feature,-,494,false,passed,passed,passed,passed,passed,passed,full
audit,4102,F_low_vol,feature_low_vol,feature,-,96,false,passed,passed,passed,passed,passed,passed,full
audit,4102,F_low_vol,feature_low_vol,feature,-,150,false,passed,passed,passed,passed,passed,passed,full
audit,4102,F_low_vol,feature_low_vol,feature,-,160,false,passed,passed,passed,passed,passed,passed,full
audit,4102,F_low_vol,feature_low_vol,feature,-,176,false,passed,passed,passed,passed,passed,passed,full
audit,4102,F_low_vol,feature_low_vol,feature,-,185,false,passed,passed,passed,passed,passed,passed,full
audit,4102,F_low_vol,feature_low_vol,feature,-,237,false,passed,passed,passed,passed,passed,passed,full
audit,4102,F_low_vol,feature_low_vol,feature,-,243,false,passed,passed,passed,passed,passed,passed,full
audit,4102,F_low_vol,feature_low_vol,feature,-,277,false,passed,passed,passed,passed,passed,passed,full
audit,4102,F_low_vol,feature_low_vol,feature,-,357,false,passed,passed,passed,passed,passed,passed,full
audit,4102,F_low_vol,feature_low_vol,feature,-,498,false,passed,passed,passed,passed,passed,passed,full
audit,4103,F_low_vol,feature_low_vol,feature,-,151,false,passed,passed,passed,passed,passed,passed,full
audit,4103,F_low_vol,feature_low_vol,feature,-,156,false,passed,passed,passed,passed,passed,passed,full
audit,4103,F_low_vol,feature_low_vol,feature,-,185,false,passed,passed,passed,passed,passed,passed,full
audit,4103,F_low_vol,feature_low_vol,feature,-,201,false,passed,passed,passed,passed,passed,passed,full
audit,4103,F_low_vol,feature_low_vol,feature,-,309,false,passed,passed,passed,passed,passed,passed,full
audit,4103,F_low_vol,feature_low_vol,feature,-,370,false,passed,passed,passed,passed,passed,passed,full
audit,4103,F_low_vol,feature_low_vol,feature,-,392,false,passed,passed,passed,passed,passed,passed,full
audit,4103,F_low_vol,feature_low_vol,feature,-,402,false,passed,passed,passed,passed,passed,passed,full
audit,4103,F_low_vol,feature_low_vol,feature,-,474,false,passed,passed,passed,passed,passed,passed,full
audit,4103,F_low_vol,feature_low_vol,feature,-,491,false,passed,passed,passed,passed,passed,passed,full
audit,4104,F_low_vol,feature_low_vol,feature,-,55,false,passed,passed,passed,passed,passed,passed,full
audit,4104,F_low_vol,feature_low_vol,feature,-,98,false,passed,passed,passed,passed,passed,passed,full
audit,4104,F_low_vol,feature_low_vol,feature,-,100,false,passed,passed,passed,passed,passed,passed,full
audit,4104,F_low_vol,feature_low_vol,feature,-,235,false,passed,passed,passed,passed,passed,passed,full
audit,4104,F_low_vol,feature_low_vol,feature,-,273,false,passed,passed,passed,passed,passed,passed,full
audit,4104,F_low_vol,feature_low_vol,feature,-,275,false,passed,passed,passed,passed,passed,passed,full
audit,4104,F_low_vol,feature_low_vol,feature,-,299,false,passed,passed,passed,passed,passed,passed,full
audit,4104,F_low_vol,feature_low_vol,feature,-,307,false,passed,passed,passed,passed,passed,passed,full
audit,4104,F_low_vol,feature_low_vol,feature,-,400,false,passed,passed,passed,passed,passed,passed,full
audit,4104,F_low_vol,feature_low_vol,feature,-,446,false,passed,passed,passed,passed,passed,passed,full
audit,4105,F_low_vol,feature_low_vol,feature,-,38,false,passed,passed,passed,passed,passed,passed,full
audit,4105,F_low_vol,feature_low_vol,feature,-,124,false,passed,passed,passed,passed,passed,passed,full
audit,4105,F_low_vol,feature_low_vol,feature,-,133,false,passed,passed,passed,passed,passed,passed,full
audit,4105,F_low_vol,feature_low_vol,feature,-,187,false,passed,passed,passed,passed,passed,passed,full
audit,4105,F_low_vol,feature_low_vol,feature,-,288,false,passed,passed,passed,passed,passed,passed,full
audit,4105,F_low_vol,feature_low_vol,feature,-,306,false,passed,passed,passed,passed,passed,passed,full
audit,4105,F_low_vol,feature_low_vol,feature,-,350,false,passed,passed,passed,passed,passed,passed,full
audit,4105,F_low_vol,feature_low_vol,feature,-,368,false,passed,passed,passed,passed,passed,passed,full
audit,4105,F_low_vol,feature_low_vol,feature,-,408,false,passed,passed,passed,passed,passed,passed,full
audit,4105,F_low_vol,feature_low_vol,feature,-,410,false,passed,passed,passed,passed,passed,passed,full
audit,4106,F_low_vol,feature_low_vol,feature,-,80,false,passed,passed,passed,passed,passed,passed,full
audit,4106,F_low_vol,feature_low_vol,feature,-,114,false,passed,passed,passed,passed,passed,passed,full
audit,4106,F_low_vol,feature_low_vol,feature,-,123,false,passed,passed,passed,passed,passed,passed,full
audit,4106,F_low_vol,feature_low_vol,feature,-,186,false,passed,passed,passed,passed,passed,passed,full
audit,4106,F_low_vol,feature_low_vol,feature,-,266,false,passed,passed,passed,passed,passed,passed,full
audit,4106,F_low_vol,feature_low_vol,feature,-,318,false,passed,passed,passed,passed,passed,passed,full
audit,4106,F_low_vol,feature_low_vol,feature,-,322,false,passed,passed,passed,passed,passed,passed,full
audit,4106,F_low_vol,feature_low_vol,feature,-,370,false,passed,passed,passed,passed,passed,passed,full
audit,4106,F_low_vol,feature_low_vol,feature,-,405,false,passed,passed,passed,passed,passed,passed,full
audit,4106,F_low_vol,feature_low_vol,feature,-,429,false,passed,passed,passed,passed,passed,passed,full
audit,4107,F_low_vol,feature_low_vol,feature,-,27,false,passed,passed,passed,passed,passed,passed,full
audit,4107,F_low_vol,feature_low_vol,feature,-,37,false,passed,passed,passed,passed,passed,passed,full
audit,4107,F_low_vol,feature_low_vol,feature,-,130,false,passed,passed,passed,passed,passed,passed,full
audit,4107,F_low_vol,feature_low_vol,feature,-,145,false,passed,passed,passed,passed,passed,passed,full
audit,4107,F_low_vol,feature_low_vol,feature,-,164,false,passed,passed,passed,passed,passed,passed,full
audit,4107,F_low_vol,feature_low_vol,feature,-,253,false,passed,passed,passed,passed,passed,passed,full
audit,4107,F_low_vol,feature_low_vol,feature,-,340,false,passed,passed,passed,passed,passed,passed,full
audit,4107,F_low_vol,feature_low_vol,feature,-,403,false,passed,passed,passed,passed,passed,passed,full
audit,4107,F_low_vol,feature_low_vol,feature,-,408,false,passed,passed,passed,passed,passed,passed,full
audit,4107,F_low_vol,feature_low_vol,feature,-,467,false,passed,passed,passed,passed,passed,passed,full
audit,4108,F_low_vol,feature_low_vol,feature,-,59,false,passed,passed,passed,passed,passed,passed,full
audit,4108,F_low_vol,feature_low_vol,feature,-,95,false,passed,passed,passed,passed,passed,passed,full
audit,4108,F_low_vol,feature_low_vol,feature,-,116,false,passed,passed,passed,passed,passed,passed,full
audit,4108,F_low_vol,feature_low_vol,feature,-,282,false,passed,passed,passed,passed,passed,passed,full
audit,4108,F_low_vol,feature_low_vol,feature,-,307,false,passed,passed,passed,passed,passed,passed,full
audit,4108,F_low_vol,feature_low_vol,feature,-,367,false,passed,passed,passed,passed,passed,passed,full
audit,4108,F_low_vol,feature_low_vol,feature,-,391,false,passed,passed,passed,passed,passed,passed,full
audit,4108,F_low_vol,feature_low_vol,feature,-,400,false,passed,passed,passed,passed,passed,passed,full
audit,4108,F_low_vol,feature_low_vol,feature,-,424,false,passed,passed,passed,passed,passed,passed,full
audit,4108,F_low_vol,feature_low_vol,feature,-,441,false,passed,passed,passed,passed,passed,passed,full
audit,4109,F_low_vol,feature_low_vol,feature,-,54,false,passed,passed,passed,passed,passed,passed,full
audit,4109,F_low_vol,feature_low_vol,feature,-,61,false,passed,passed,passed,passed,passed,passed,full
audit,4109,F_low_vol,feature_low_vol,feature,-,84,false,passed,passed,passed,passed,passed,passed,full
audit,4109,F_low_vol,feature_low_vol,feature,-,112,false,passed,passed,passed,passed,passed,passed,full
audit,4109,F_low_vol,feature_low_vol,feature,-,113,false,passed,passed,passed,passed,passed,passed,full
audit,4109,F_low_vol,feature_low_vol,feature,-,240,false,passed,passed,passed,passed,passed,passed,full
audit,4109,F_low_vol,feature_low_vol,feature,-,254,false,passed,passed,passed,passed,passed,passed,full
audit,4109,F_low_vol,feature_low_vol,feature,-,347,false,passed,passed,passed,passed,passed,passed,full
audit,4109,F_low_vol,feature_low_vol,feature,-,429,false,passed,passed,passed,passed,passed,passed,full
audit,4109,F_low_vol,feature_low_vol,feature,-,446,false,passed,passed,passed,passed,passed,passed,full
audit,4100,F_momentum,feature_momentum,feature,-,43,false,passed,passed,passed,passed,passed,passed,full
audit,4100,F_momentum,feature_momentum,feature,-,70,false,passed,passed,passed,passed,passed,passed,full
audit,4100,F_momentum,feature_momentum,feature,-,132,false,passed,passed,passed,passed,passed,passed,full
audit,4100,F_momentum,feature_momentum,feature,-,144,false,passed,passed,passed,passed,passed,passed,full
audit,4100,F_momentum,feature_momentum,feature,-,197,false,passed,passed,passed,passed,passed,passed,full
audit,4100,F_momentum,feature_momentum,feature,-,201,false,passed,passed,passed,passed,passed,passed,full
audit,4100,F_momentum,feature_momentum,feature,-,254,false,passed,passed,passed,passed,passed,passed,full
audit,4100,F_momentum,feature_momentum,feature,-,255,false,passed,passed,passed,passed,passed,passed,full
audit,4100,F_momentum,feature_momentum,feature,-,278,false,passed,passed,passed,passed,passed,passed,full
audit,4100,F_momentum,feature_momentum,feature,-,331,false,passed,passed,passed,passed,passed,passed,full
audit,4101,F_momentum,feature_momentum,feature,-,23,false,passed,passed,passed,passed,passed,passed,full
audit,4101,F_momentum,feature_momentum,feature,-,53,false,passed,passed,passed,passed,passed,passed,full
audit,4101,F_momentum,feature_momentum,feature,-,65,false,passed,passed,passed,passed,passed,passed,full
audit,4101,F_momentum,feature_momentum,feature,-,77,false,passed,passed,passed,passed,passed,passed,full
audit,4101,F_momentum,feature_momentum,feature,-,96,false,passed,passed,passed,passed,passed,passed,full
audit,4101,F_momentum,feature_momentum,feature,-,183,false,passed,passed,passed,passed,passed,passed,full
audit,4101,F_momentum,feature_momentum,feature,-,203,false,passed,passed,passed,passed,passed,passed,full
audit,4101,F_momentum,feature_momentum,feature,-,405,false,passed,passed,passed,passed,passed,passed,full
audit,4101,F_momentum,feature_momentum,feature,-,433,false,passed,passed,passed,passed,passed,passed,full
audit,4101,F_momentum,feature_momentum,feature,-,494,false,passed,passed,passed,passed,passed,passed,full
audit,4102,F_momentum,feature_momentum,feature,-,96,false,passed,passed,passed,passed,passed,passed,full
audit,4102,F_momentum,feature_momentum,feature,-,150,false,passed,passed,passed,passed,passed,passed,full
audit,4102,F_momentum,feature_momentum,feature,-,160,false,passed,passed,passed,passed,passed,passed,full
audit,4102,F_momentum,feature_momentum,feature,-,176,false,passed,passed,passed,passed,passed,passed,full
audit,4102,F_momentum,feature_momentum,feature,-,185,false,passed,passed,passed,passed,passed,passed,full
audit,4102,F_momentum,feature_momentum,feature,-,237,false,passed,passed,passed,passed,passed,passed,full
audit,4102,F_momentum,feature_momentum,feature,-,243,false,passed,passed,passed,passed,passed,passed,full
audit,4102,F_momentum,feature_momentum,feature,-,277,false,passed,passed,passed,passed,passed,passed,full
audit,4102,F_momentum,feature_momentum,feature,-,357,false,passed,passed,passed,passed,passed,passed,full
audit,4102,F_momentum,feature_momentum,feature,-,498,false,passed,passed,passed,passed,passed,passed,full
audit,4103,F_momentum,feature_momentum,feature,-,151,false,passed,passed,passed,passed,passed,passed,full
audit,4103,F_momentum,feature_momentum,feature,-,156,false,passed,passed,passed,passed,passed,passed,full
audit,4103,F_momentum,feature_momentum,feature,-,185,false,passed,passed,passed,passed,passed,passed,full
audit,4103,F_momentum,feature_momentum,feature,-,201,false,passed,passed,passed,passed,passed,passed,full
audit,4103,F_momentum,feature_momentum,feature,-,309,false,passed,passed,passed,passed,passed,passed,full
audit,4103,F_momentum,feature_momentum,feature,-,370,false,passed,passed,passed,passed,passed,passed,full
audit,4103,F_momentum,feature_momentum,feature,-,392,false,passed,passed,passed,passed,passed,passed,full
audit,4103,F_momentum,feature_momentum,feature,-,402,false,passed,passed,passed,passed,passed,passed,full
audit,4103,F_momentum,feature_momentum,feature,-,474,false,passed,passed,passed,passed,passed,passed,full
audit,4103,F_momentum,feature_momentum,feature,-,491,false,passed,passed,passed,passed,passed,passed,full
audit,4104,F_momentum,feature_momentum,feature,-,55,false,passed,passed,passed,passed,passed,passed,full
audit,4104,F_momentum,feature_momentum,feature,-,98,false,passed,passed,passed,passed,passed,passed,full
audit,4104,F_momentum,feature_momentum,feature,-,100,false,passed,passed,passed,passed,passed,passed,full
audit,4104,F_momentum,feature_momentum,feature,-,235,false,passed,passed,passed,passed,passed,passed,full
audit,4104,F_momentum,feature_momentum,feature,-,273,false,passed,passed,passed,passed,passed,passed,full
audit,4104,F_momentum,feature_momentum,feature,-,275,false,passed,passed,passed,passed,passed,passed,full
audit,4104,F_momentum,feature_momentum,feature,-,299,false,passed,passed,passed,passed,passed,passed,full
audit,4104,F_momentum,feature_momentum,feature,-,307,false,passed,passed,passed,passed,passed,passed,full
audit,4104,F_momentum,feature_momentum,feature,-,400,false,passed,passed,passed,passed,passed,passed,full
audit,4104,F_momentum,feature_momentum,feature,-,446,false,passed,passed,passed,passed,passed,passed,full
audit,4105,F_momentum,feature_momentum,feature,-,38,false,passed,passed,passed,passed,passed,passed,full
audit,4105,F_momentum,feature_momentum,feature,-,124,false,passed,passed,passed,passed,passed,passed,full
audit,4105,F_momentum,feature_momentum,feature,-,133,false,passed,passed,passed,passed,passed,passed,full
audit,4105,F_momentum,feature_momentum,feature,-,187,false,passed,passed,passed,passed,passed,passed,full
audit,4105,F_momentum,feature_momentum,feature,-,288,false,passed,passed,passed,passed,passed,passed,full
audit,4105,F_momentum,feature_momentum,feature,-,306,false,passed,passed,passed,passed,passed,passed,full
audit,4105,F_momentum,feature_momentum,feature,-,350,false,passed,passed,passed,passed,passed,passed,full
audit,4105,F_momentum,feature_momentum,feature,-,368,false,passed,passed,passed,passed,passed,passed,full
audit,4105,F_momentum,feature_momentum,feature,-,408,false,passed,passed,passed,passed,passed,passed,full
audit,4105,F_momentum,feature_momentum,feature,-,410,false,passed,passed,passed,passed,passed,passed,full
audit,4106,F_momentum,feature_momentum,feature,-,80,false,passed,passed,passed,passed,passed,passed,full
audit,4106,F_momentum,feature_momentum,feature,-,114,false,passed,passed,passed,passed,passed,passed,full
audit,4106,F_momentum,feature_momentum,feature,-,123,false,passed,passed,passed,passed,passed,passed,full
audit,4106,F_momentum,feature_momentum,feature,-,186,false,passed,passed,passed,passed,passed,passed,full
audit,4106,F_momentum,feature_momentum,feature,-,266,false,passed,passed,passed,passed,passed,passed,full
audit,4106,F_momentum,feature_momentum,feature,-,318,false,passed,passed,passed,passed,passed,passed,full
audit,4106,F_momentum,feature_momentum,feature,-,322,false,passed,passed,passed,passed,passed,passed,full
audit,4106,F_momentum,feature_momentum,feature,-,370,false,passed,passed,passed,passed,passed,passed,full
audit,4106,F_momentum,feature_momentum,feature,-,405,false,passed,passed,passed,passed,passed,passed,full
audit,4106,F_momentum,feature_momentum,feature,-,429,false,passed,passed,passed,passed,passed,passed,full
audit,4107,F_momentum,feature_momentum,feature,-,27,false,passed,passed,passed,passed,passed,passed,full
audit,4107,F_momentum,feature_momentum,feature,-,37,false,passed,passed,passed,passed,passed,passed,full
audit,4107,F_momentum,feature_momentum,feature,-,130,false,passed,passed,passed,passed,passed,passed,full
audit,4107,F_momentum,feature_momentum,feature,-,145,false,passed,passed,passed,passed,passed,passed,full
audit,4107,F_momentum,feature_momentum,feature,-,164,false,passed,passed,passed,passed,passed,passed,full
audit,4107,F_momentum,feature_momentum,feature,-,253,false,passed,passed,passed,passed,passed,passed,full
audit,4107,F_momentum,feature_momentum,feature,-,340,false,passed,passed,passed,passed,passed,passed,full
audit,4107,F_momentum,feature_momentum,feature,-,403,false,passed,passed,passed,passed,passed,passed,full
audit,4107,F_momentum,feature_momentum,feature,-,408,false,passed,passed,passed,passed,passed,passed,full
audit,4107,F_momentum,feature_momentum,feature,-,467,false,passed,passed,passed,passed,passed,passed,full
audit,4108,F_momentum,feature_momentum,feature,-,59,false,passed,passed,passed,passed,passed,passed,full
audit,4108,F_momentum,feature_momentum,feature,-,95,false,passed,passed,passed,passed,passed,passed,full
audit,4108,F_momentum,feature_momentum,feature,-,116,false,passed,passed,passed,passed,passed,passed,full
audit,4108,F_momentum,feature_momentum,feature,-,282,false,passed,passed,passed,passed,passed,passed,full
audit,4108,F_momentum,feature_momentum,feature,-,307,false,passed,passed,passed,passed,passed,passed,full
audit,4108,F_momentum,feature_momentum,feature,-,367,false,passed,passed,passed,passed,passed,passed,full
audit,4108,F_momentum,feature_momentum,feature,-,391,false,passed,passed,passed,passed,passed,passed,full
audit,4108,F_momentum,feature_momentum,feature,-,400,false,passed,passed,passed,passed,passed,passed,full
audit,4108,F_momentum,feature_momentum,feature,-,424,false,passed,passed,passed,passed,passed,passed,full
audit,4108,F_momentum,feature_momentum,feature,-,441,false,passed,passed,passed,passed,passed,passed,full
audit,4109,F_momentum,feature_momentum,feature,-,54,false,passed,passed,passed,passed,passed,passed,full
audit,4109,F_momentum,feature_momentum,feature,-,61,false,passed,passed,passed,passed,passed,passed,full
audit,4109,F_momentum,feature_momentum,feature,-,84,false,passed,passed,passed,passed,passed,passed,full
audit,4109,F_momentum,feature_momentum,feature,-,112,false,passed,passed,passed,passed,passed,passed,full
audit,4109,F_momentum,feature_momentum,feature,-,113,false,passed,passed,passed,passed,passed,passed,full
audit,4109,F_momentum,feature_momentum,feature,-,240,false,passed,passed,passed,passed,passed,passed,full
audit,4109,F_momentum,feature_momentum,feature,-,254,false,passed,passed,passed,passed,passed,passed,full
audit,4109,F_momentum,feature_momentum,feature,-,347,false,passed,passed,passed,passed,passed,passed,full
audit,4109,F_momentum,feature_momentum,feature,-,429,false,passed,passed,passed,passed,passed,passed,full
audit,4109,F_momentum,feature_momentum,feature,-,446,false,passed,passed,passed,passed,passed,passed,full
audit,4100,F_reversal,feature_reversal,feature,-,43,false,passed,passed,passed,passed,passed,passed,full
audit,4100,F_reversal,feature_reversal,feature,-,70,false,passed,passed,passed,passed,passed,passed,full
audit,4100,F_reversal,feature_reversal,feature,-,132,false,passed,passed,passed,passed,passed,passed,full
audit,4100,F_reversal,feature_reversal,feature,-,144,false,passed,passed,passed,passed,passed,passed,full
audit,4100,F_reversal,feature_reversal,feature,-,197,false,passed,passed,passed,passed,passed,passed,full
audit,4100,F_reversal,feature_reversal,feature,-,201,false,passed,passed,passed,passed,passed,passed,full
audit,4100,F_reversal,feature_reversal,feature,-,254,false,passed,passed,passed,passed,passed,passed,full
audit,4100,F_reversal,feature_reversal,feature,-,255,false,passed,passed,passed,passed,passed,passed,full
audit,4100,F_reversal,feature_reversal,feature,-,278,false,passed,passed,passed,passed,passed,passed,full
audit,4100,F_reversal,feature_reversal,feature,-,331,false,passed,passed,passed,passed,passed,passed,full
audit,4101,F_reversal,feature_reversal,feature,-,23,false,passed,passed,passed,passed,passed,passed,full
audit,4101,F_reversal,feature_reversal,feature,-,53,false,passed,passed,passed,passed,passed,passed,full
audit,4101,F_reversal,feature_reversal,feature,-,65,false,passed,passed,passed,passed,passed,passed,full
audit,4101,F_reversal,feature_reversal,feature,-,77,false,passed,passed,passed,passed,passed,passed,full
audit,4101,F_reversal,feature_reversal,feature,-,96,false,passed,passed,passed,passed,passed,passed,full
audit,4101,F_reversal,feature_reversal,feature,-,183,false,passed,passed,passed,passed,passed,passed,full
audit,4101,F_reversal,feature_reversal,feature,-,203,false,passed,passed,passed,passed,passed,passed,full
audit,4101,F_reversal,feature_reversal,feature,-,405,false,passed,passed,passed,passed,passed,passed,full
audit,4101,F_reversal,feature_reversal,feature,-,433,false,passed,passed,passed,passed,passed,passed,full
audit,4101,F_reversal,feature_reversal,feature,-,494,false,passed,passed,passed,passed,passed,passed,full
audit,4102,F_reversal,feature_reversal,feature,-,96,false,passed,passed,passed,passed,passed,passed,full
audit,4102,F_reversal,feature_reversal,feature,-,150,false,passed,passed,passed,passed,passed,passed,full
audit,4102,F_reversal,feature_reversal,feature,-,160,false,passed,passed,passed,passed,passed,passed,full
audit,4102,F_reversal,feature_reversal,feature,-,176,false,passed,passed,passed,passed,passed,passed,full
audit,4102,F_reversal,feature_reversal,feature,-,185,false,passed,passed,passed,passed,passed,passed,full
audit,4102,F_reversal,feature_reversal,feature,-,237,false,passed,passed,passed,passed,passed,passed,full
audit,4102,F_reversal,feature_reversal,feature,-,243,false,passed,passed,passed,passed,passed,passed,full
audit,4102,F_reversal,feature_reversal,feature,-,277,false,passed,passed,passed,passed,passed,passed,full
audit,4102,F_reversal,feature_reversal,feature,-,357,false,passed,passed,passed,passed,passed,passed,full
audit,4102,F_reversal,feature_reversal,feature,-,498,false,passed,passed,passed,passed,passed,passed,full
audit,4103,F_reversal,feature_reversal,feature,-,151,false,passed,passed,passed,passed,passed,passed,full
audit,4103,F_reversal,feature_reversal,feature,-,156,false,passed,passed,passed,passed,passed,passed,full
audit,4103,F_reversal,feature_reversal,feature,-,185,false,passed,passed,passed,passed,passed,passed,full
audit,4103,F_reversal,feature_reversal,feature,-,201,false,passed,passed,passed,passed,passed,passed,full
audit,4103,F_reversal,feature_reversal,feature,-,309,false,passed,passed,passed,passed,passed,passed,full
audit,4103,F_reversal,feature_reversal,feature,-,370,false,passed,passed,passed,passed,passed,passed,full
audit,4103,F_reversal,feature_reversal,feature,-,392,false,passed,passed,passed,passed,passed,passed,full
audit,4103,F_reversal,feature_reversal,feature,-,402,false,passed,passed,passed,passed,passed,passed,full
audit,4103,F_reversal,feature_reversal,feature,-,474,false,passed,passed,passed,passed,passed,passed,full
audit,4103,F_reversal,feature_reversal,feature,-,491,false,passed,passed,passed,passed,passed,passed,full
audit,4104,F_reversal,feature_reversal,feature,-,55,false,passed,passed,passed,passed,passed,passed,full
audit,4104,F_reversal,feature_reversal,feature,-,98,false,passed,passed,passed,passed,passed,passed,full
audit,4104,F_reversal,feature_reversal,feature,-,100,false,passed,passed,passed,passed,passed,passed,full
audit,4104,F_reversal,feature_reversal,feature,-,235,false,passed,passed,passed,passed,passed,passed,full
audit,4104,F_reversal,feature_reversal,feature,-,273,false,passed,passed,passed,passed,passed,passed,full
audit,4104,F_reversal,feature_reversal,feature,-,275,false,passed,passed,passed,passed,passed,passed,full
audit,4104,F_reversal,feature_reversal,feature,-,299,false,passed,passed,passed,passed,passed,passed,full
audit,4104,F_reversal,feature_reversal,feature,-,307,false,passed,passed,passed,passed,passed,passed,full
audit,4104,F_reversal,feature_reversal,feature,-,400,false,passed,passed,passed,passed,passed,passed,full
audit,4104,F_reversal,feature_reversal,feature,-,446,false,passed,passed,passed,passed,passed,passed,full
audit,4105,F_reversal,feature_reversal,feature,-,38,false,passed,passed,passed,passed,passed,passed,full
audit,4105,F_reversal,feature_reversal,feature,-,124,false,passed,passed,passed,passed,passed,passed,full
audit,4105,F_reversal,feature_reversal,feature,-,133,false,passed,passed,passed,passed,passed,passed,full
audit,4105,F_reversal,feature_reversal,feature,-,187,false,passed,passed,passed,passed,passed,passed,full
audit,4105,F_reversal,feature_reversal,feature,-,288,false,passed,passed,passed,passed,passed,passed,full
audit,4105,F_reversal,feature_reversal,feature,-,306,false,passed,passed,passed,passed,passed,passed,full
audit,4105,F_reversal,feature_reversal,feature,-,350,false,passed,passed,passed,passed,passed,passed,full
audit,4105,F_reversal,feature_reversal,feature,-,368,false,passed,passed,passed,passed,passed,passed,full
audit,4105,F_reversal,feature_reversal,feature,-,408,false,passed,passed,passed,passed,passed,passed,full
audit,4105,F_reversal,feature_reversal,feature,-,410,false,passed,passed,passed,passed,passed,passed,full
audit,4106,F_reversal,feature_reversal,feature,-,80,false,passed,passed,passed,passed,passed,passed,full
audit,4106,F_reversal,feature_reversal,feature,-,114,false,passed,passed,passed,passed,passed,passed,full
audit,4106,F_reversal,feature_reversal,feature,-,123,false,passed,passed,passed,passed,passed,passed,full
audit,4106,F_reversal,feature_reversal,feature,-,186,false,passed,passed,passed,passed,passed,passed,full
audit,4106,F_reversal,feature_reversal,feature,-,266,false,passed,passed,passed,passed,passed,passed,full
audit,4106,F_reversal,feature_reversal,feature,-,318,false,passed,passed,passed,passed,passed,passed,full
audit,4106,F_reversal,feature_reversal,feature,-,322,false,passed,passed,passed,passed,passed,passed,full
audit,4106,F_reversal,feature_reversal,feature,-,370,false,passed,passed,passed,passed,passed,passed,full
audit,4106,F_reversal,feature_reversal,feature,-,405,false,passed,passed,passed,passed,passed,passed,full
audit,4106,F_reversal,feature_reversal,feature,-,429,false,passed,passed,passed,passed,passed,passed,full
audit,4107,F_reversal,feature_reversal,feature,-,27,false,passed,passed,passed,passed,passed,passed,full
audit,4107,F_reversal,feature_reversal,feature,-,37,false,passed,passed,passed,passed,passed,passed,full
audit,4107,F_reversal,feature_reversal,feature,-,130,false,passed,passed,passed,passed,passed,passed,full
audit,4107,F_reversal,feature_reversal,feature,-,145,false,passed,passed,passed,passed,passed,passed,full
audit,4107,F_reversal,feature_reversal,feature,-,164,false,passed,passed,passed,passed,passed,passed,full
audit,4107,F_reversal,feature_reversal,feature,-,253,false,passed,passed,passed,passed,passed,passed,full
audit,4107,F_reversal,feature_reversal,feature,-,340,false,passed,passed,passed,passed,passed,passed,full
audit,4107,F_reversal,feature_reversal,feature,-,403,false,passed,passed,passed,passed,passed,passed,full
audit,4107,F_reversal,feature_reversal,feature,-,408,false,passed,passed,passed,passed,passed,passed,full
audit,4107,F_reversal,feature_reversal,feature,-,467,false,passed,passed,passed,passed,passed,passed,full
audit,4108,F_reversal,feature_reversal,feature,-,59,false,passed,passed,passed,passed,passed,passed,full
audit,4108,F_reversal,feature_reversal,feature,-,95,false,passed,passed,passed,passed,passed,passed,full
audit,4108,F_reversal,feature_reversal,feature,-,116,false,passed,passed,passed,passed,passed,passed,full
audit,4108,F_reversal,feature_reversal,feature,-,282,false,passed,passed,passed,passed,passed,passed,full
audit,4108,F_reversal,feature_reversal,feature,-,307,false,passed,passed,passed,passed,passed,passed,full
audit,4108,F_reversal,feature_reversal,feature,-,367,false,passed,passed,passed,passed,passed,passed,full
audit,4108,F_reversal,feature_reversal,feature,-,391,false,passed,passed,passed,passed,passed,passed,full
audit,4108,F_reversal,feature_reversal,feature,-,400,false,passed,passed,passed,passed,passed,passed,full
audit,4108,F_reversal,feature_reversal,feature,-,424,false,passed,passed,passed,passed,passed,passed,full
audit,4108,F_reversal,feature_reversal,feature,-,441,false,passed,passed,passed,passed,passed,passed,full
audit,4109,F_reversal,feature_reversal,feature,-,54,false,passed,passed,passed,passed,passed,passed,full
audit,4109,F_reversal,feature_reversal,feature,-,61,false,passed,passed,passed,passed,passed,passed,full
audit,4109,F_reversal,feature_reversal,feature,-,84,false,passed,passed,passed,passed,passed,passed,full
audit,4109,F_reversal,feature_reversal,feature,-,112,false,passed,passed,passed,passed,passed,passed,full
audit,4109,F_reversal,feature_reversal,feature,-,113,false,passed,passed,passed,passed,passed,passed,full
audit,4109,F_reversal,feature_reversal,feature,-,240,false,passed,passed,passed,passed,passed,passed,full
audit,4109,F_reversal,feature_reversal,feature,-,254,false,passed,passed,passed,passed,passed,passed,full
audit,4109,F_reversal,feature_reversal,feature,-,347,false,passed,passed,passed,passed,passed,passed,full
audit,4109,F_reversal,feature_reversal,feature,-,429,false,passed,passed,passed,passed,passed,passed,full
audit,4109,F_reversal,feature_reversal,feature,-,446,false,passed,passed,passed,passed,passed,passed,full
audit,4100,F_signal_x_ewma,feature_signal_x_ewma,feature,-,43,false,passed,passed,passed,passed,passed,passed,full
audit,4100,F_signal_x_ewma,feature_signal_x_ewma,feature,-,70,false,passed,passed,passed,passed,passed,passed,full
audit,4100,F_signal_x_ewma,feature_signal_x_ewma,feature,-,132,false,passed,passed,passed,passed,passed,passed,full
audit,4100,F_signal_x_ewma,feature_signal_x_ewma,feature,-,144,false,passed,passed,passed,passed,passed,passed,full
audit,4100,F_signal_x_ewma,feature_signal_x_ewma,feature,-,197,false,passed,passed,passed,passed,passed,passed,full
audit,4100,F_signal_x_ewma,feature_signal_x_ewma,feature,-,201,false,passed,passed,passed,passed,passed,passed,full
audit,4100,F_signal_x_ewma,feature_signal_x_ewma,feature,-,254,false,passed,passed,passed,passed,passed,passed,full
audit,4100,F_signal_x_ewma,feature_signal_x_ewma,feature,-,255,false,passed,passed,passed,passed,passed,passed,full
audit,4100,F_signal_x_ewma,feature_signal_x_ewma,feature,-,278,false,passed,passed,passed,passed,passed,passed,full
audit,4100,F_signal_x_ewma,feature_signal_x_ewma,feature,-,331,false,passed,passed,passed,passed,passed,passed,full
audit,4101,F_signal_x_ewma,feature_signal_x_ewma,feature,-,23,false,passed,passed,passed,passed,passed,passed,full
audit,4101,F_signal_x_ewma,feature_signal_x_ewma,feature,-,53,false,passed,passed,passed,passed,passed,passed,full
audit,4101,F_signal_x_ewma,feature_signal_x_ewma,feature,-,65,false,passed,passed,passed,passed,passed,passed,full
audit,4101,F_signal_x_ewma,feature_signal_x_ewma,feature,-,77,false,passed,passed,passed,passed,passed,passed,full
audit,4101,F_signal_x_ewma,feature_signal_x_ewma,feature,-,96,false,passed,passed,passed,passed,passed,passed,full
audit,4101,F_signal_x_ewma,feature_signal_x_ewma,feature,-,183,false,passed,passed,passed,passed,passed,passed,full
audit,4101,F_signal_x_ewma,feature_signal_x_ewma,feature,-,203,false,passed,passed,passed,passed,passed,passed,full
audit,4101,F_signal_x_ewma,feature_signal_x_ewma,feature,-,405,false,passed,passed,passed,passed,passed,passed,full
audit,4101,F_signal_x_ewma,feature_signal_x_ewma,feature,-,433,false,passed,passed,passed,passed,passed,passed,full
audit,4101,F_signal_x_ewma,feature_signal_x_ewma,feature,-,494,false,passed,passed,passed,passed,passed,passed,full
audit,4102,F_signal_x_ewma,feature_signal_x_ewma,feature,-,96,false,passed,passed,passed,passed,passed,passed,full
audit,4102,F_signal_x_ewma,feature_signal_x_ewma,feature,-,150,false,passed,passed,passed,passed,passed,passed,full
audit,4102,F_signal_x_ewma,feature_signal_x_ewma,feature,-,160,false,passed,passed,passed,passed,passed,passed,full
audit,4102,F_signal_x_ewma,feature_signal_x_ewma,feature,-,176,false,passed,passed,passed,passed,passed,passed,full
audit,4102,F_signal_x_ewma,feature_signal_x_ewma,feature,-,185,false,passed,passed,passed,passed,passed,passed,full
audit,4102,F_signal_x_ewma,feature_signal_x_ewma,feature,-,237,false,passed,passed,passed,passed,passed,passed,full
audit,4102,F_signal_x_ewma,feature_signal_x_ewma,feature,-,243,false,passed,passed,passed,passed,passed,passed,full
audit,4102,F_signal_x_ewma,feature_signal_x_ewma,feature,-,277,false,passed,passed,passed,passed,passed,passed,full
audit,4102,F_signal_x_ewma,feature_signal_x_ewma,feature,-,357,false,passed,passed,passed,passed,passed,passed,full
audit,4102,F_signal_x_ewma,feature_signal_x_ewma,feature,-,498,false,passed,passed,passed,passed,passed,passed,full
audit,4103,F_signal_x_ewma,feature_signal_x_ewma,feature,-,151,false,passed,passed,passed,passed,passed,passed,full
audit,4103,F_signal_x_ewma,feature_signal_x_ewma,feature,-,156,false,passed,passed,passed,passed,passed,passed,full
audit,4103,F_signal_x_ewma,feature_signal_x_ewma,feature,-,185,false,passed,passed,passed,passed,passed,passed,full
audit,4103,F_signal_x_ewma,feature_signal_x_ewma,feature,-,201,false,passed,passed,passed,passed,passed,passed,full
audit,4103,F_signal_x_ewma,feature_signal_x_ewma,feature,-,309,false,passed,passed,passed,passed,passed,passed,full
audit,4103,F_signal_x_ewma,feature_signal_x_ewma,feature,-,370,false,passed,passed,passed,passed,passed,passed,full
audit,4103,F_signal_x_ewma,feature_signal_x_ewma,feature,-,392,false,passed,passed,passed,passed,passed,passed,full
audit,4103,F_signal_x_ewma,feature_signal_x_ewma,feature,-,402,false,passed,passed,passed,passed,passed,passed,full
audit,4103,F_signal_x_ewma,feature_signal_x_ewma,feature,-,474,false,passed,passed,passed,passed,passed,passed,full
audit,4103,F_signal_x_ewma,feature_signal_x_ewma,feature,-,491,false,passed,passed,passed,passed,passed,passed,full
audit,4104,F_signal_x_ewma,feature_signal_x_ewma,feature,-,55,false,passed,passed,passed,passed,passed,passed,full
audit,4104,F_signal_x_ewma,feature_signal_x_ewma,feature,-,98,false,passed,passed,passed,passed,passed,passed,full
audit,4104,F_signal_x_ewma,feature_signal_x_ewma,feature,-,100,false,passed,passed,passed,passed,passed,passed,full
audit,4104,F_signal_x_ewma,feature_signal_x_ewma,feature,-,235,false,passed,passed,passed,passed,passed,passed,full
audit,4104,F_signal_x_ewma,feature_signal_x_ewma,feature,-,273,false,passed,passed,passed,passed,passed,passed,full
audit,4104,F_signal_x_ewma,feature_signal_x_ewma,feature,-,275,false,passed,passed,passed,passed,passed,passed,full
audit,4104,F_signal_x_ewma,feature_signal_x_ewma,feature,-,299,false,passed,passed,passed,passed,passed,passed,full
audit,4104,F_signal_x_ewma,feature_signal_x_ewma,feature,-,307,false,passed,passed,passed,passed,passed,passed,full
audit,4104,F_signal_x_ewma,feature_signal_x_ewma,feature,-,400,false,passed,passed,passed,passed,passed,passed,full
audit,4104,F_signal_x_ewma,feature_signal_x_ewma,feature,-,446,false,passed,passed,passed,passed,passed,passed,full
audit,4105,F_signal_x_ewma,feature_signal_x_ewma,feature,-,38,false,passed,passed,passed,passed,passed,passed,full
audit,4105,F_signal_x_ewma,feature_signal_x_ewma,feature,-,124,false,passed,passed,passed,passed,passed,passed,full
audit,4105,F_signal_x_ewma,feature_signal_x_ewma,feature,-,133,false,passed,passed,passed,passed,passed,passed,full
audit,4105,F_signal_x_ewma,feature_signal_x_ewma,feature,-,187,false,passed,passed,passed,passed,passed,passed,full
audit,4105,F_signal_x_ewma,feature_signal_x_ewma,feature,-,288,false,passed,passed,passed,passed,passed,passed,full
audit,4105,F_signal_x_ewma,feature_signal_x_ewma,feature,-,306,false,passed,passed,passed,passed,passed,passed,full
audit,4105,F_signal_x_ewma,feature_signal_x_ewma,feature,-,350,false,passed,passed,passed,passed,passed,passed,full
audit,4105,F_signal_x_ewma,feature_signal_x_ewma,feature,-,368,false,passed,passed,passed,passed,passed,passed,full
audit,4105,F_signal_x_ewma,feature_signal_x_ewma,feature,-,408,false,passed,passed,passed,passed,passed,passed,full
audit,4105,F_signal_x_ewma,feature_signal_x_ewma,feature,-,410,false,passed,passed,passed,passed,passed,passed,full
audit,4106,F_signal_x_ewma,feature_signal_x_ewma,feature,-,80,false,passed,passed,passed,passed,passed,passed,full
audit,4106,F_signal_x_ewma,feature_signal_x_ewma,feature,-,114,false,passed,passed,passed,passed,passed,passed,full
audit,4106,F_signal_x_ewma,feature_signal_x_ewma,feature,-,123,false,passed,passed,passed,passed,passed,passed,full
audit,4106,F_signal_x_ewma,feature_signal_x_ewma,feature,-,186,false,passed,passed,passed,passed,passed,passed,full
audit,4106,F_signal_x_ewma,feature_signal_x_ewma,feature,-,266,false,passed,passed,passed,passed,passed,passed,full
audit,4106,F_signal_x_ewma,feature_signal_x_ewma,feature,-,318,false,passed,passed,passed,passed,passed,passed,full
audit,4106,F_signal_x_ewma,feature_signal_x_ewma,feature,-,322,false,passed,passed,passed,passed,passed,passed,full
audit,4106,F_signal_x_ewma,feature_signal_x_ewma,feature,-,370,false,passed,passed,passed,passed,passed,passed,full
audit,4106,F_signal_x_ewma,feature_signal_x_ewma,feature,-,405,false,passed,passed,passed,passed,passed,passed,full
audit,4106,F_signal_x_ewma,feature_signal_x_ewma,feature,-,429,false,passed,passed,passed,passed,passed,passed,full
audit,4107,F_signal_x_ewma,feature_signal_x_ewma,feature,-,27,false,passed,passed,passed,passed,passed,passed,full
audit,4107,F_signal_x_ewma,feature_signal_x_ewma,feature,-,37,false,passed,passed,passed,passed,passed,passed,full
audit,4107,F_signal_x_ewma,feature_signal_x_ewma,feature,-,130,false,passed,passed,passed,passed,passed,passed,full
audit,4107,F_signal_x_ewma,feature_signal_x_ewma,feature,-,145,false,passed,passed,passed,passed,passed,passed,full
audit,4107,F_signal_x_ewma,feature_signal_x_ewma,feature,-,164,false,passed,passed,passed,passed,passed,passed,full
audit,4107,F_signal_x_ewma,feature_signal_x_ewma,feature,-,253,false,passed,passed,passed,passed,passed,passed,full
audit,4107,F_signal_x_ewma,feature_signal_x_ewma,feature,-,340,false,passed,passed,passed,passed,passed,passed,full
audit,4107,F_signal_x_ewma,feature_signal_x_ewma,feature,-,403,false,passed,passed,passed,passed,passed,passed,full
audit,4107,F_signal_x_ewma,feature_signal_x_ewma,feature,-,408,false,passed,passed,passed,passed,passed,passed,full
audit,4107,F_signal_x_ewma,feature_signal_x_ewma,feature,-,467,false,passed,passed,passed,passed,passed,passed,full
audit,4108,F_signal_x_ewma,feature_signal_x_ewma,feature,-,59,false,passed,passed,passed,passed,passed,passed,full
audit,4108,F_signal_x_ewma,feature_signal_x_ewma,feature,-,95,false,passed,passed,passed,passed,passed,passed,full
audit,4108,F_signal_x_ewma,feature_signal_x_ewma,feature,-,116,false,passed,passed,passed,passed,passed,passed,full
audit,4108,F_signal_x_ewma,feature_signal_x_ewma,feature,-,282,false,passed,passed,passed,passed,passed,passed,full
audit,4108,F_signal_x_ewma,feature_signal_x_ewma,feature,-,307,false,passed,passed,passed,passed,passed,passed,full
audit,4108,F_signal_x_ewma,feature_signal_x_ewma,feature,-,367,false,passed,passed,passed,passed,passed,passed,full
audit,4108,F_signal_x_ewma,feature_signal_x_ewma,feature,-,391,false,passed,passed,passed,passed,passed,passed,full
audit,4108,F_signal_x_ewma,feature_signal_x_ewma,feature,-,400,false,passed,passed,passed,passed,passed,passed,full
audit,4108,F_signal_x_ewma,feature_signal_x_ewma,feature,-,424,false,passed,passed,passed,passed,passed,passed,full
audit,4108,F_signal_x_ewma,feature_signal_x_ewma,feature,-,441,false,passed,passed,passed,passed,passed,passed,full
audit,4109,F_signal_x_ewma,feature_signal_x_ewma,feature,-,54,false,passed,passed,passed,passed,passed,passed,full
audit,4109,F_signal_x_ewma,feature_signal_x_ewma,feature,-,61,false,passed,passed,passed,passed,passed,passed,full
audit,4109,F_signal_x_ewma,feature_signal_x_ewma,feature,-,84,false,passed,passed,passed,passed,passed,passed,full
audit,4109,F_signal_x_ewma,feature_signal_x_ewma,feature,-,112,false,passed,passed,passed,passed,passed,passed,full
audit,4109,F_signal_x_ewma,feature_signal_x_ewma,feature,-,113,false,passed,passed,passed,passed,passed,passed,full
audit,4109,F_signal_x_ewma,feature_signal_x_ewma,feature,-,240,false,passed,passed,passed,passed,passed,passed,full
audit,4109,F_signal_x_ewma,feature_signal_x_ewma,feature,-,254,false,passed,passed,passed,passed,passed,passed,full
audit,4109,F_signal_x_ewma,feature_signal_x_ewma,feature,-,347,false,passed,passed,passed,passed,passed,passed,full
audit,4109,F_signal_x_ewma,feature_signal_x_ewma,feature,-,429,false,passed,passed,passed,passed,passed,passed,full
audit,4109,F_signal_x_ewma,feature_signal_x_ewma,feature,-,446,false,passed,passed,passed,passed,passed,passed,full
audit,4100,F_volume_trend,feature_volume_trend,feature,-,43,false,passed,passed,passed,passed,passed,passed,full
audit,4100,F_volume_trend,feature_volume_trend,feature,-,70,false,passed,passed,passed,passed,passed,passed,full
audit,4100,F_volume_trend,feature_volume_trend,feature,-,132,false,passed,passed,passed,passed,passed,passed,full
audit,4100,F_volume_trend,feature_volume_trend,feature,-,144,false,passed,passed,passed,passed,passed,passed,full
audit,4100,F_volume_trend,feature_volume_trend,feature,-,197,false,passed,passed,passed,passed,passed,passed,full
audit,4100,F_volume_trend,feature_volume_trend,feature,-,201,false,passed,passed,passed,passed,passed,passed,full
audit,4100,F_volume_trend,feature_volume_trend,feature,-,254,false,passed,passed,passed,passed,passed,passed,full
audit,4100,F_volume_trend,feature_volume_trend,feature,-,255,false,passed,passed,passed,passed,passed,passed,full
audit,4100,F_volume_trend,feature_volume_trend,feature,-,278,false,passed,passed,passed,passed,passed,passed,full
audit,4100,F_volume_trend,feature_volume_trend,feature,-,331,false,passed,passed,passed,passed,passed,passed,full
audit,4101,F_volume_trend,feature_volume_trend,feature,-,23,false,passed,passed,passed,passed,passed,passed,full
audit,4101,F_volume_trend,feature_volume_trend,feature,-,53,false,passed,passed,passed,passed,passed,passed,full
audit,4101,F_volume_trend,feature_volume_trend,feature,-,65,false,passed,passed,passed,passed,passed,passed,full
audit,4101,F_volume_trend,feature_volume_trend,feature,-,77,false,passed,passed,passed,passed,passed,passed,full
audit,4101,F_volume_trend,feature_volume_trend,feature,-,96,false,passed,passed,passed,passed,passed,passed,full
audit,4101,F_volume_trend,feature_volume_trend,feature,-,183,false,passed,passed,passed,passed,passed,passed,full
audit,4101,F_volume_trend,feature_volume_trend,feature,-,203,false,passed,passed,passed,passed,passed,passed,full
audit,4101,F_volume_trend,feature_volume_trend,feature,-,405,false,passed,passed,passed,passed,passed,passed,full
audit,4101,F_volume_trend,feature_volume_trend,feature,-,433,false,passed,passed,passed,passed,passed,passed,full
audit,4101,F_volume_trend,feature_volume_trend,feature,-,494,false,passed,passed,passed,passed,passed,passed,full
audit,4102,F_volume_trend,feature_volume_trend,feature,-,96,false,passed,passed,passed,passed,passed,passed,full
audit,4102,F_volume_trend,feature_volume_trend,feature,-,150,false,passed,passed,passed,passed,passed,passed,full
audit,4102,F_volume_trend,feature_volume_trend,feature,-,160,false,passed,passed,passed,passed,passed,passed,full
audit,4102,F_volume_trend,feature_volume_trend,feature,-,176,false,passed,passed,passed,passed,passed,passed,full
audit,4102,F_volume_trend,feature_volume_trend,feature,-,185,false,passed,passed,passed,passed,passed,passed,full
audit,4102,F_volume_trend,feature_volume_trend,feature,-,237,false,passed,passed,passed,passed,passed,passed,full
audit,4102,F_volume_trend,feature_volume_trend,feature,-,243,false,passed,passed,passed,passed,passed,passed,full
audit,4102,F_volume_trend,feature_volume_trend,feature,-,277,false,passed,passed,passed,passed,passed,passed,full
audit,4102,F_volume_trend,feature_volume_trend,feature,-,357,false,passed,passed,passed,passed,passed,passed,full
audit,4102,F_volume_trend,feature_volume_trend,feature,-,498,false,passed,passed,passed,passed,passed,passed,full
audit,4103,F_volume_trend,feature_volume_trend,feature,-,151,false,passed,passed,passed,passed,passed,passed,full
audit,4103,F_volume_trend,feature_volume_trend,feature,-,156,false,passed,passed,passed,passed,passed,passed,full
audit,4103,F_volume_trend,feature_volume_trend,feature,-,185,false,passed,passed,passed,passed,passed,passed,full
audit,4103,F_volume_trend,feature_volume_trend,feature,-,201,false,passed,passed,passed,passed,passed,passed,full
audit,4103,F_volume_trend,feature_volume_trend,feature,-,309,false,passed,passed,passed,passed,passed,passed,full
audit,4103,F_volume_trend,feature_volume_trend,feature,-,370,false,passed,passed,passed,passed,passed,passed,full
audit,4103,F_volume_trend,feature_volume_trend,feature,-,392,false,passed,passed,passed,passed,passed,passed,full
audit,4103,F_volume_trend,feature_volume_trend,feature,-,402,false,passed,passed,passed,passed,passed,passed,full
audit,4103,F_volume_trend,feature_volume_trend,feature,-,474,false,passed,passed,passed,passed,passed,passed,full
audit,4103,F_volume_trend,feature_volume_trend,feature,-,491,false,passed,passed,passed,passed,passed,passed,full
audit,4104,F_volume_trend,feature_volume_trend,feature,-,55,false,passed,passed,passed,passed,passed,passed,full
audit,4104,F_volume_trend,feature_volume_trend,feature,-,98,false,passed,passed,passed,passed,passed,passed,full
audit,4104,F_volume_trend,feature_volume_trend,feature,-,100,false,passed,passed,passed,passed,passed,passed,full
audit,4104,F_volume_trend,feature_volume_trend,feature,-,235,false,passed,passed,passed,passed,passed,passed,full
audit,4104,F_volume_trend,feature_volume_trend,feature,-,273,false,passed,passed,passed,passed,passed,passed,full
audit,4104,F_volume_trend,feature_volume_trend,feature,-,275,false,passed,passed,passed,passed,passed,passed,full
audit,4104,F_volume_trend,feature_volume_trend,feature,-,299,false,passed,passed,passed,passed,passed,passed,full
audit,4104,F_volume_trend,feature_volume_trend,feature,-,307,false,passed,passed,passed,passed,passed,passed,full
audit,4104,F_volume_trend,feature_volume_trend,feature,-,400,false,passed,passed,passed,passed,passed,passed,full
audit,4104,F_volume_trend,feature_volume_trend,feature,-,446,false,passed,passed,passed,passed,passed,passed,full
audit,4105,F_volume_trend,feature_volume_trend,feature,-,38,false,passed,passed,passed,passed,passed,passed,full
audit,4105,F_volume_trend,feature_volume_trend,feature,-,124,false,passed,passed,passed,passed,passed,passed,full
audit,4105,F_volume_trend,feature_volume_trend,feature,-,133,false,passed,passed,passed,passed,passed,passed,full
audit,4105,F_volume_trend,feature_volume_trend,feature,-,187,false,passed,passed,passed,passed,passed,passed,full
audit,4105,F_volume_trend,feature_volume_trend,feature,-,288,false,passed,passed,passed,passed,passed,passed,full
audit,4105,F_volume_trend,feature_volume_trend,feature,-,306,false,passed,passed,passed,passed,passed,passed,full
audit,4105,F_volume_trend,feature_volume_trend,feature,-,350,false,passed,passed,passed,passed,passed,passed,full
audit,4105,F_volume_trend,feature_volume_trend,feature,-,368,false,passed,passed,passed,passed,passed,passed,full
audit,4105,F_volume_trend,feature_volume_trend,feature,-,408,false,passed,passed,passed,passed,passed,passed,full
audit,4105,F_volume_trend,feature_volume_trend,feature,-,410,false,passed,passed,passed,passed,passed,passed,full
audit,4106,F_volume_trend,feature_volume_trend,feature,-,80,false,passed,passed,passed,passed,passed,passed,full
audit,4106,F_volume_trend,feature_volume_trend,feature,-,114,false,passed,passed,passed,passed,passed,passed,full
audit,4106,F_volume_trend,feature_volume_trend,feature,-,123,false,passed,passed,passed,passed,passed,passed,full
audit,4106,F_volume_trend,feature_volume_trend,feature,-,186,false,passed,passed,passed,passed,passed,passed,full
audit,4106,F_volume_trend,feature_volume_trend,feature,-,266,false,passed,passed,passed,passed,passed,passed,full
audit,4106,F_volume_trend,feature_volume_trend,feature,-,318,false,passed,passed,passed,passed,passed,passed,full
audit,4106,F_volume_trend,feature_volume_trend,feature,-,322,false,passed,passed,passed,passed,passed,passed,full
audit,4106,F_volume_trend,feature_volume_trend,feature,-,370,false,passed,passed,passed,passed,passed,passed,full
audit,4106,F_volume_trend,feature_volume_trend,feature,-,405,false,passed,passed,passed,passed,passed,passed,full
audit,4106,F_volume_trend,feature_volume_trend,feature,-,429,false,passed,passed,passed,passed,passed,passed,full
audit,4107,F_volume_trend,feature_volume_trend,feature,-,27,false,passed,passed,passed,passed,passed,passed,full
audit,4107,F_volume_trend,feature_volume_trend,feature,-,37,false,passed,passed,passed,passed,passed,passed,full
audit,4107,F_volume_trend,feature_volume_trend,feature,-,130,false,passed,passed,passed,passed,passed,passed,full
audit,4107,F_volume_trend,feature_volume_trend,feature,-,145,false,passed,passed,passed,passed,passed,passed,full
audit,4107,F_volume_trend,feature_volume_trend,feature,-,164,false,passed,passed,passed,passed,passed,passed,full
audit,4107,F_volume_trend,feature_volume_trend,feature,-,253,false,passed,passed,passed,passed,passed,passed,full
audit,4107,F_volume_trend,feature_volume_trend,feature,-,340,false,passed,passed,passed,passed,passed,passed,full
audit,4107,F_volume_trend,feature_volume_trend,feature,-,403,false,passed,passed,passed,passed,passed,passed,full
audit,4107,F_volume_trend,feature_volume_trend,feature,-,408,false,passed,passed,passed,passed,passed,passed,full
audit,4107,F_volume_trend,feature_volume_trend,feature,-,467,false,passed,passed,passed,passed,passed,passed,full
audit,4108,F_volume_trend,feature_volume_trend,feature,-,59,false,passed,passed,passed,passed,passed,passed,full
audit,4108,F_volume_trend,feature_volume_trend,feature,-,95,false,passed,passed,passed,passed,passed,passed,full
audit,4108,F_volume_trend,feature_volume_trend,feature,-,116,false,passed,passed,passed,passed,passed,passed,full
audit,4108,F_volume_trend,feature_volume_trend,feature,-,282,false,passed,passed,passed,passed,passed,passed,full
audit,4108,F_volume_trend,feature_volume_trend,feature,-,307,false,passed,passed,passed,passed,passed,passed,full
audit,4108,F_volume_trend,feature_volume_trend,feature,-,367,false,passed,passed,passed,passed,passed,passed,full
audit,4108,F_volume_trend,feature_volume_trend,feature,-,391,false,passed,passed,passed,passed,passed,passed,full
audit,4108,F_volume_trend,feature_volume_trend,feature,-,400,false,passed,passed,passed,passed,passed,passed,full
audit,4108,F_volume_trend,feature_volume_trend,feature,-,424,false,passed,passed,passed,passed,passed,passed,full
audit,4108,F_volume_trend,feature_volume_trend,feature,-,441,false,passed,passed,passed,passed,passed,passed,full
audit,4109,F_volume_trend,feature_volume_trend,feature,-,54,false,passed,passed,passed,passed,passed,passed,full
audit,4109,F_volume_trend,feature_volume_trend,feature,-,61,false,passed,passed,passed,passed,passed,passed,full
audit,4109,F_volume_trend,feature_volume_trend,feature,-,84,false,passed,passed,passed,passed,passed,passed,full
audit,4109,F_volume_trend,feature_volume_trend,feature,-,112,false,passed,passed,passed,passed,passed,passed,full
audit,4109,F_volume_trend,feature_volume_trend,feature,-,113,false,passed,passed,passed,passed,passed,passed,full
audit,4109,F_volume_trend,feature_volume_trend,feature,-,240,false,passed,passed,passed,passed,passed,passed,full
audit,4109,F_volume_trend,feature_volume_trend,feature,-,254,false,passed,passed,passed,passed,passed,passed,full
audit,4109,F_volume_trend,feature_volume_trend,feature,-,347,false,passed,passed,passed,passed,passed,passed,full
audit,4109,F_volume_trend,feature_volume_trend,feature,-,429,false,passed,passed,passed,passed,passed,passed,full
audit,4109,F_volume_trend,feature_volume_trend,feature,-,446,false,passed,passed,passed,passed,passed,passed,full
audit,4100,S_low_vol_ls,low_vol_ls,strategy,-,43,false,passed,passed,passed,passed,passed,passed,full
audit,4100,S_low_vol_ls,low_vol_ls,strategy,-,70,false,passed,passed,passed,passed,passed,passed,full
audit,4100,S_low_vol_ls,low_vol_ls,strategy,-,132,false,passed,passed,passed,passed,passed,passed,full
audit,4100,S_low_vol_ls,low_vol_ls,strategy,-,144,false,passed,passed,passed,passed,passed,passed,full
audit,4100,S_low_vol_ls,low_vol_ls,strategy,-,197,false,passed,passed,passed,passed,passed,passed,full
audit,4100,S_low_vol_ls,low_vol_ls,strategy,-,201,false,passed,passed,passed,passed,passed,passed,full
audit,4100,S_low_vol_ls,low_vol_ls,strategy,-,254,false,passed,passed,passed,passed,passed,passed,full
audit,4100,S_low_vol_ls,low_vol_ls,strategy,-,255,false,passed,passed,passed,passed,passed,passed,full
audit,4100,S_low_vol_ls,low_vol_ls,strategy,-,278,false,passed,passed,passed,passed,passed,passed,full
audit,4100,S_low_vol_ls,low_vol_ls,strategy,-,331,false,passed,passed,passed,passed,passed,passed,full
audit,4101,S_low_vol_ls,low_vol_ls,strategy,-,23,false,passed,passed,passed,passed,passed,passed,full
audit,4101,S_low_vol_ls,low_vol_ls,strategy,-,53,false,passed,passed,passed,passed,passed,passed,full
audit,4101,S_low_vol_ls,low_vol_ls,strategy,-,65,false,passed,passed,passed,passed,passed,passed,full
audit,4101,S_low_vol_ls,low_vol_ls,strategy,-,77,false,passed,passed,passed,passed,passed,passed,full
audit,4101,S_low_vol_ls,low_vol_ls,strategy,-,96,false,passed,passed,passed,passed,passed,passed,full
audit,4101,S_low_vol_ls,low_vol_ls,strategy,-,183,false,passed,passed,passed,passed,passed,passed,full
audit,4101,S_low_vol_ls,low_vol_ls,strategy,-,203,false,passed,passed,passed,passed,passed,passed,full
audit,4101,S_low_vol_ls,low_vol_ls,strategy,-,405,false,passed,passed,passed,passed,passed,passed,full
audit,4101,S_low_vol_ls,low_vol_ls,strategy,-,433,false,passed,passed,passed,passed,passed,passed,full
audit,4101,S_low_vol_ls,low_vol_ls,strategy,-,494,false,passed,passed,passed,passed,passed,passed,full
audit,4102,S_low_vol_ls,low_vol_ls,strategy,-,96,false,passed,passed,passed,passed,passed,passed,full
audit,4102,S_low_vol_ls,low_vol_ls,strategy,-,150,false,passed,passed,passed,passed,passed,passed,full
audit,4102,S_low_vol_ls,low_vol_ls,strategy,-,160,false,passed,passed,passed,passed,passed,passed,full
audit,4102,S_low_vol_ls,low_vol_ls,strategy,-,176,false,passed,passed,passed,passed,passed,passed,full
audit,4102,S_low_vol_ls,low_vol_ls,strategy,-,185,false,passed,passed,passed,passed,passed,passed,full
audit,4102,S_low_vol_ls,low_vol_ls,strategy,-,237,false,passed,passed,passed,passed,passed,passed,full
audit,4102,S_low_vol_ls,low_vol_ls,strategy,-,243,false,passed,passed,passed,passed,passed,passed,full
audit,4102,S_low_vol_ls,low_vol_ls,strategy,-,277,false,passed,passed,passed,passed,passed,passed,full
audit,4102,S_low_vol_ls,low_vol_ls,strategy,-,357,false,passed,passed,passed,passed,passed,passed,full
audit,4102,S_low_vol_ls,low_vol_ls,strategy,-,498,false,passed,passed,passed,passed,passed,passed,full
audit,4103,S_low_vol_ls,low_vol_ls,strategy,-,151,false,passed,passed,passed,passed,passed,passed,full
audit,4103,S_low_vol_ls,low_vol_ls,strategy,-,156,false,passed,passed,passed,passed,passed,passed,full
audit,4103,S_low_vol_ls,low_vol_ls,strategy,-,185,false,passed,passed,passed,passed,passed,passed,full
audit,4103,S_low_vol_ls,low_vol_ls,strategy,-,201,false,passed,passed,passed,passed,passed,passed,full
audit,4103,S_low_vol_ls,low_vol_ls,strategy,-,309,false,passed,passed,passed,passed,passed,passed,full
audit,4103,S_low_vol_ls,low_vol_ls,strategy,-,370,false,passed,passed,passed,passed,passed,passed,full
audit,4103,S_low_vol_ls,low_vol_ls,strategy,-,392,false,passed,passed,passed,passed,passed,passed,full
audit,4103,S_low_vol_ls,low_vol_ls,strategy,-,402,false,passed,passed,passed,passed,passed,passed,full
audit,4103,S_low_vol_ls,low_vol_ls,strategy,-,474,false,passed,passed,passed,passed,passed,passed,full
audit,4103,S_low_vol_ls,low_vol_ls,strategy,-,491,false,passed,passed,passed,passed,passed,passed,full
audit,4104,S_low_vol_ls,low_vol_ls,strategy,-,55,false,passed,passed,passed,passed,passed,passed,full
audit,4104,S_low_vol_ls,low_vol_ls,strategy,-,98,false,passed,passed,passed,passed,passed,passed,full
audit,4104,S_low_vol_ls,low_vol_ls,strategy,-,100,false,passed,passed,passed,passed,passed,passed,full
audit,4104,S_low_vol_ls,low_vol_ls,strategy,-,235,false,passed,passed,passed,passed,passed,passed,full
audit,4104,S_low_vol_ls,low_vol_ls,strategy,-,273,false,passed,passed,passed,passed,passed,passed,full
audit,4104,S_low_vol_ls,low_vol_ls,strategy,-,275,false,passed,passed,passed,passed,passed,passed,full
audit,4104,S_low_vol_ls,low_vol_ls,strategy,-,299,false,passed,passed,passed,passed,passed,passed,full
audit,4104,S_low_vol_ls,low_vol_ls,strategy,-,307,false,passed,passed,passed,passed,passed,passed,full
audit,4104,S_low_vol_ls,low_vol_ls,strategy,-,400,false,passed,passed,passed,passed,passed,passed,full
audit,4104,S_low_vol_ls,low_vol_ls,strategy,-,446,false,passed,passed,passed,passed,passed,passed,full
audit,4105,S_low_vol_ls,low_vol_ls,strategy,-,38,false,passed,passed,passed,passed,passed,passed,full
audit,4105,S_low_vol_ls,low_vol_ls,strategy,-,124,false,passed,passed,passed,passed,passed,passed,full
audit,4105,S_low_vol_ls,low_vol_ls,strategy,-,133,false,passed,passed,passed,passed,passed,passed,full
audit,4105,S_low_vol_ls,low_vol_ls,strategy,-,187,false,passed,passed,passed,passed,passed,passed,full
audit,4105,S_low_vol_ls,low_vol_ls,strategy,-,288,false,passed,passed,passed,passed,passed,passed,full
audit,4105,S_low_vol_ls,low_vol_ls,strategy,-,306,false,passed,passed,passed,passed,passed,passed,full
audit,4105,S_low_vol_ls,low_vol_ls,strategy,-,350,false,passed,passed,passed,passed,passed,passed,full
audit,4105,S_low_vol_ls,low_vol_ls,strategy,-,368,false,passed,passed,passed,passed,passed,passed,full
audit,4105,S_low_vol_ls,low_vol_ls,strategy,-,408,false,passed,passed,passed,passed,passed,passed,full
audit,4105,S_low_vol_ls,low_vol_ls,strategy,-,410,false,passed,passed,passed,passed,passed,passed,full
audit,4106,S_low_vol_ls,low_vol_ls,strategy,-,80,false,passed,passed,passed,passed,passed,passed,full
audit,4106,S_low_vol_ls,low_vol_ls,strategy,-,114,false,passed,passed,passed,passed,passed,passed,full
audit,4106,S_low_vol_ls,low_vol_ls,strategy,-,123,false,passed,passed,passed,passed,passed,passed,full
audit,4106,S_low_vol_ls,low_vol_ls,strategy,-,186,false,passed,passed,passed,passed,passed,passed,full
audit,4106,S_low_vol_ls,low_vol_ls,strategy,-,266,false,passed,passed,passed,passed,passed,passed,full
audit,4106,S_low_vol_ls,low_vol_ls,strategy,-,318,false,passed,passed,passed,passed,passed,passed,full
audit,4106,S_low_vol_ls,low_vol_ls,strategy,-,322,false,passed,passed,passed,passed,passed,passed,full
audit,4106,S_low_vol_ls,low_vol_ls,strategy,-,370,false,passed,passed,passed,passed,passed,passed,full
audit,4106,S_low_vol_ls,low_vol_ls,strategy,-,405,false,passed,passed,passed,passed,passed,passed,full
audit,4106,S_low_vol_ls,low_vol_ls,strategy,-,429,false,passed,passed,passed,passed,passed,passed,full
audit,4107,S_low_vol_ls,low_vol_ls,strategy,-,27,false,passed,passed,passed,passed,passed,passed,full
audit,4107,S_low_vol_ls,low_vol_ls,strategy,-,37,false,passed,passed,passed,passed,passed,passed,full
audit,4107,S_low_vol_ls,low_vol_ls,strategy,-,130,false,passed,passed,passed,passed,passed,passed,full
audit,4107,S_low_vol_ls,low_vol_ls,strategy,-,145,false,passed,passed,passed,passed,passed,passed,full
audit,4107,S_low_vol_ls,low_vol_ls,strategy,-,164,false,passed,passed,passed,passed,passed,passed,full
audit,4107,S_low_vol_ls,low_vol_ls,strategy,-,253,false,passed,passed,passed,passed,passed,passed,full
audit,4107,S_low_vol_ls,low_vol_ls,strategy,-,340,false,passed,passed,passed,passed,passed,passed,full
audit,4107,S_low_vol_ls,low_vol_ls,strategy,-,403,false,passed,passed,passed,passed,passed,passed,full
audit,4107,S_low_vol_ls,low_vol_ls,strategy,-,408,false,passed,passed,passed,passed,passed,passed,full
audit,4107,S_low_vol_ls,low_vol_ls,strategy,-,467,false,passed,passed,passed,passed,passed,passed,full
audit,4108,S_low_vol_ls,low_vol_ls,strategy,-,59,false,passed,passed,passed,passed,passed,passed,full
audit,4108,S_low_vol_ls,low_vol_ls,strategy,-,95,false,passed,passed,passed,passed,passed,passed,full
audit,4108,S_low_vol_ls,low_vol_ls,strategy,-,116,false,passed,passed,passed,passed,passed,passed,full
audit,4108,S_low_vol_ls,low_vol_ls,strategy,-,282,false,passed,passed,passed,passed,passed,passed,full
audit,4108,S_low_vol_ls,low_vol_ls,strategy,-,307,false,passed,passed,passed,passed,passed,passed,full
audit,4108,S_low_vol_ls,low_vol_ls,strategy,-,367,false,passed,passed,passed,passed,passed,passed,full
audit,4108,S_low_vol_ls,low_vol_ls,strategy,-,391,false,passed,passed,passed,passed,passed,passed,full
audit,4108,S_low_vol_ls,low_vol_ls,strategy,-,400,false,passed,passed,passed,passed,passed,passed,full
audit,4108,S_low_vol_ls,low_vol_ls,strategy,-,424,false,passed,passed,passed,passed,passed,passed,full
audit,4108,S_low_vol_ls,low_vol_ls,strategy,-,441,false,passed,passed,passed,passed,passed,passed,full
audit,4109,S_low_vol_ls,low_vol_ls,strategy,-,54,false,passed,passed,passed,passed,passed,passed,full
audit,4109,S_low_vol_ls,low_vol_ls,strategy,-,61,false,passed,passed,passed,passed,passed,passed,full
audit,4109,S_low_vol_ls,low_vol_ls,strategy,-,84,false,passed,passed,passed,passed,passed,passed,full
audit,4109,S_low_vol_ls,low_vol_ls,strategy,-,112,false,passed,passed,passed,passed,passed,passed,full
audit,4109,S_low_vol_ls,low_vol_ls,strategy,-,113,false,passed,passed,passed,passed,passed,passed,full
audit,4109,S_low_vol_ls,low_vol_ls,strategy,-,240,false,passed,passed,passed,passed,passed,passed,full
audit,4109,S_low_vol_ls,low_vol_ls,strategy,-,254,false,passed,passed,passed,passed,passed,passed,full
audit,4109,S_low_vol_ls,low_vol_ls,strategy,-,347,false,passed,passed,passed,passed,passed,passed,full
audit,4109,S_low_vol_ls,low_vol_ls,strategy,-,429,false,passed,passed,passed,passed,passed,passed,full
audit,4109,S_low_vol_ls,low_vol_ls,strategy,-,446,false,passed,passed,passed,passed,passed,passed,full
audit,4100,S_momentum_ls,momentum_ls,strategy,-,43,false,passed,passed,passed,passed,passed,passed,full
audit,4100,S_momentum_ls,momentum_ls,strategy,-,70,false,passed,passed,passed,passed,passed,passed,full
audit,4100,S_momentum_ls,momentum_ls,strategy,-,132,false,passed,passed,passed,passed,passed,passed,full
audit,4100,S_momentum_ls,momentum_ls,strategy,-,144,false,passed,passed,passed,passed,passed,passed,full
audit,4100,S_momentum_ls,momentum_ls,strategy,-,197,false,passed,passed,passed,passed,passed,passed,full
audit,4100,S_momentum_ls,momentum_ls,strategy,-,201,false,passed,passed,passed,passed,passed,passed,full
audit,4100,S_momentum_ls,momentum_ls,strategy,-,254,false,passed,passed,passed,passed,passed,passed,full
audit,4100,S_momentum_ls,momentum_ls,strategy,-,255,false,passed,passed,passed,passed,passed,passed,full
audit,4100,S_momentum_ls,momentum_ls,strategy,-,278,false,passed,passed,passed,passed,passed,passed,full
audit,4100,S_momentum_ls,momentum_ls,strategy,-,331,false,passed,passed,passed,passed,passed,passed,full
audit,4101,S_momentum_ls,momentum_ls,strategy,-,23,false,passed,passed,passed,passed,passed,passed,full
audit,4101,S_momentum_ls,momentum_ls,strategy,-,53,false,passed,passed,passed,passed,passed,passed,full
audit,4101,S_momentum_ls,momentum_ls,strategy,-,65,false,passed,passed,passed,passed,passed,passed,full
audit,4101,S_momentum_ls,momentum_ls,strategy,-,77,false,passed,passed,passed,passed,passed,passed,full
audit,4101,S_momentum_ls,momentum_ls,strategy,-,96,false,passed,passed,passed,passed,passed,passed,full
audit,4101,S_momentum_ls,momentum_ls,strategy,-,183,false,passed,passed,passed,passed,passed,passed,full
audit,4101,S_momentum_ls,momentum_ls,strategy,-,203,false,passed,passed,passed,passed,passed,passed,full
audit,4101,S_momentum_ls,momentum_ls,strategy,-,405,false,passed,passed,passed,passed,passed,passed,full
audit,4101,S_momentum_ls,momentum_ls,strategy,-,433,false,passed,passed,passed,passed,passed,passed,full
audit,4101,S_momentum_ls,momentum_ls,strategy,-,494,false,passed,passed,passed,passed,passed,passed,full
audit,4102,S_momentum_ls,momentum_ls,strategy,-,96,false,passed,passed,passed,passed,passed,passed,full
audit,4102,S_momentum_ls,momentum_ls,strategy,-,150,false,passed,passed,passed,passed,passed,passed,full
audit,4102,S_momentum_ls,momentum_ls,strategy,-,160,false,passed,passed,passed,passed,passed,passed,full
audit,4102,S_momentum_ls,momentum_ls,strategy,-,176,false,passed,passed,passed,passed,passed,passed,full
audit,4102,S_momentum_ls,momentum_ls,strategy,-,185,false,passed,passed,passed,passed,passed,passed,full
audit,4102,S_momentum_ls,momentum_ls,strategy,-,237,false,passed,passed,passed,passed,passed,passed,full
audit,4102,S_momentum_ls,momentum_ls,strategy,-,243,false,passed,passed,passed,passed,passed,passed,full
audit,4102,S_momentum_ls,momentum_ls,strategy,-,277,false,passed,passed,passed,passed,passed,passed,full
audit,4102,S_momentum_ls,momentum_ls,strategy,-,357,false,passed,passed,passed,passed,passed,passed,full
audit,4102,S_momentum_ls,momentum_ls,strategy,-,498,false,passed,passed,passed,passed,passed,passed,full
audit,4103,S_momentum_ls,momentum_ls,strategy,-,151,false,passed,passed,passed,passed,passed,passed,full
audit,4103,S_momentum_ls,momentum_ls,strategy,-,156,false,passed,passed,passed,passed,passed,passed,full
audit,4103,S_momentum_ls,momentum_ls,strategy,-,185,false,passed,passed,passed,passed,passed,passed,full
audit,4103,S_momentum_ls,momentum_ls,strategy,-,201,false,passed,passed,passed,passed,passed,passed,full
audit,4103,S_momentum_ls,momentum_ls,strategy,-,309,false,passed,passed,passed,passed,passed,passed,full
audit,4103,S_momentum_ls,momentum_ls,strategy,-,370,false,passed,passed,passed,passed,passed,passed,full
audit,4103,S_momentum_ls,momentum_ls,strategy,-,392,false,passed,passed,passed,passed,passed,passed,full
audit,4103,S_momentum_ls,momentum_ls,strategy,-,402,false,passed,passed,passed,passed,passed,passed,full
audit,4103,S_momentum_ls,momentum_ls,strategy,-,474,false,passed,passed,passed,passed,passed,passed,full
audit,4103,S_momentum_ls,momentum_ls,strategy,-,491,false,passed,passed,passed,passed,passed,passed,full
audit,4104,S_momentum_ls,momentum_ls,strategy,-,55,false,passed,passed,passed,passed,passed,passed,full
audit,4104,S_momentum_ls,momentum_ls,strategy,-,98,false,passed,passed,passed,passed,passed,passed,full
audit,4104,S_momentum_ls,momentum_ls,strategy,-,100,false,passed,passed,passed,passed,passed,passed,full
audit,4104,S_momentum_ls,momentum_ls,strategy,-,235,false,passed,passed,passed,passed,passed,passed,full
audit,4104,S_momentum_ls,momentum_ls,strategy,-,273,false,passed,passed,passed,passed,passed,passed,full
audit,4104,S_momentum_ls,momentum_ls,strategy,-,275,false,passed,passed,passed,passed,passed,passed,full
audit,4104,S_momentum_ls,momentum_ls,strategy,-,299,false,passed,passed,passed,passed,passed,passed,full
audit,4104,S_momentum_ls,momentum_ls,strategy,-,307,false,passed,passed,passed,passed,passed,passed,full
audit,4104,S_momentum_ls,momentum_ls,strategy,-,400,false,passed,passed,passed,passed,passed,passed,full
audit,4104,S_momentum_ls,momentum_ls,strategy,-,446,false,passed,passed,passed,passed,passed,passed,full
audit,4105,S_momentum_ls,momentum_ls,strategy,-,38,false,passed,passed,passed,passed,passed,passed,full
audit,4105,S_momentum_ls,momentum_ls,strategy,-,124,false,passed,passed,passed,passed,passed,passed,full
audit,4105,S_momentum_ls,momentum_ls,strategy,-,133,false,passed,passed,passed,passed,passed,passed,full
audit,4105,S_momentum_ls,momentum_ls,strategy,-,187,false,passed,passed,passed,passed,passed,passed,full
audit,4105,S_momentum_ls,momentum_ls,strategy,-,288,false,passed,passed,passed,passed,passed,passed,full
audit,4105,S_momentum_ls,momentum_ls,strategy,-,306,false,passed,passed,passed,passed,passed,passed,full
audit,4105,S_momentum_ls,momentum_ls,strategy,-,350,false,passed,passed,passed,passed,passed,passed,full
audit,4105,S_momentum_ls,momentum_ls,strategy,-,368,false,passed,passed,passed,passed,passed,passed,full
audit,4105,S_momentum_ls,momentum_ls,strategy,-,408,false,passed,passed,passed,passed,passed,passed,full
audit,4105,S_momentum_ls,momentum_ls,strategy,-,410,false,passed,passed,passed,passed,passed,passed,full
audit,4106,S_momentum_ls,momentum_ls,strategy,-,80,false,passed,passed,passed,passed,passed,passed,full
audit,4106,S_momentum_ls,momentum_ls,strategy,-,114,false,passed,passed,passed,passed,passed,passed,full
audit,4106,S_momentum_ls,momentum_ls,strategy,-,123,false,passed,passed,passed,passed,passed,passed,full
audit,4106,S_momentum_ls,momentum_ls,strategy,-,186,false,passed,passed,passed,passed,passed,passed,full
audit,4106,S_momentum_ls,momentum_ls,strategy,-,266,false,passed,passed,passed,passed,passed,passed,full
audit,4106,S_momentum_ls,momentum_ls,strategy,-,318,false,passed,passed,passed,passed,passed,passed,full
audit,4106,S_momentum_ls,momentum_ls,strategy,-,322,false,passed,passed,passed,passed,passed,passed,full
audit,4106,S_momentum_ls,momentum_ls,strategy,-,370,false,passed,passed,passed,passed,passed,passed,full
audit,4106,S_momentum_ls,momentum_ls,strategy,-,405,false,passed,passed,passed,passed,passed,passed,full
audit,4106,S_momentum_ls,momentum_ls,strategy,-,429,false,passed,passed,passed,passed,passed,passed,full
audit,4107,S_momentum_ls,momentum_ls,strategy,-,27,false,passed,passed,passed,passed,passed,passed,full
audit,4107,S_momentum_ls,momentum_ls,strategy,-,37,false,passed,passed,passed,passed,passed,passed,full
audit,4107,S_momentum_ls,momentum_ls,strategy,-,130,false,passed,passed,passed,passed,passed,passed,full
audit,4107,S_momentum_ls,momentum_ls,strategy,-,145,false,passed,passed,passed,passed,passed,passed,full
audit,4107,S_momentum_ls,momentum_ls,strategy,-,164,false,passed,passed,passed,passed,passed,passed,full
audit,4107,S_momentum_ls,momentum_ls,strategy,-,253,false,passed,passed,passed,passed,passed,passed,full
audit,4107,S_momentum_ls,momentum_ls,strategy,-,340,false,passed,passed,passed,passed,passed,passed,full
audit,4107,S_momentum_ls,momentum_ls,strategy,-,403,false,passed,passed,passed,passed,passed,passed,full
audit,4107,S_momentum_ls,momentum_ls,strategy,-,408,false,passed,passed,passed,passed,passed,passed,full
audit,4107,S_momentum_ls,momentum_ls,strategy,-,467,false,passed,passed,passed,passed,passed,passed,full
audit,4108,S_momentum_ls,momentum_ls,strategy,-,59,false,passed,passed,passed,passed,passed,passed,full
audit,4108,S_momentum_ls,momentum_ls,strategy,-,95,false,passed,passed,passed,passed,passed,passed,full
audit,4108,S_momentum_ls,momentum_ls,strategy,-,116,false,passed,passed,passed,passed,passed,passed,full
audit,4108,S_momentum_ls,momentum_ls,strategy,-,282,false,passed,passed,passed,passed,passed,passed,full
audit,4108,S_momentum_ls,momentum_ls,strategy,-,307,false,passed,passed,passed,passed,passed,passed,full
audit,4108,S_momentum_ls,momentum_ls,strategy,-,367,false,passed,passed,passed,passed,passed,passed,full
audit,4108,S_momentum_ls,momentum_ls,strategy,-,391,false,passed,passed,passed,passed,passed,passed,full
audit,4108,S_momentum_ls,momentum_ls,strategy,-,400,false,passed,passed,passed,passed,passed,passed,full
audit,4108,S_momentum_ls,momentum_ls,strategy,-,424,false,passed,passed,passed,passed,passed,passed,full
audit,4108,S_momentum_ls,momentum_ls,strategy,-,441,false,passed,passed,passed,passed,passed,passed,full
audit,4109,S_momentum_ls,momentum_ls,strategy,-,54,false,passed,passed,passed,passed,passed,passed,full
audit,4109,S_momentum_ls,momentum_ls,strategy,-,61,false,passed,passed,passed,passed,passed,passed,full
audit,4109,S_momentum_ls,momentum_ls,strategy,-,84,false,passed,passed,passed,passed,passed,passed,full
audit,4109,S_momentum_ls,momentum_ls,strategy,-,112,false,passed,passed,passed,passed,passed,passed,full
audit,4109,S_momentum_ls,momentum_ls,strategy,-,113,false,passed,passed,passed,passed,passed,passed,full
audit,4109,S_momentum_ls,momentum_ls,strategy,-,240,false,passed,passed,passed,passed,passed,passed,full
audit,4109,S_momentum_ls,momentum_ls,strategy,-,254,false,passed,passed,passed,passed,passed,passed,full
audit,4109,S_momentum_ls,momentum_ls,strategy,-,347,false,passed,passed,passed,passed,passed,passed,full
audit,4109,S_momentum_ls,momentum_ls,strategy,-,429,false,passed,passed,passed,passed,passed,passed,full
audit,4109,S_momentum_ls,momentum_ls,strategy,-,446,false,passed,passed,passed,passed,passed,passed,full
audit,4100,S_reversal_ls,reversal_ls,strategy,-,43,false,passed,passed,passed,passed,passed,passed,full
audit,4100,S_reversal_ls,reversal_ls,strategy,-,70,false,passed,passed,passed,passed,passed,passed,full
audit,4100,S_reversal_ls,reversal_ls,strategy,-,132,false,passed,passed,passed,passed,passed,passed,full
audit,4100,S_reversal_ls,reversal_ls,strategy,-,144,false,passed,passed,passed,passed,passed,passed,full
audit,4100,S_reversal_ls,reversal_ls,strategy,-,197,false,passed,passed,passed,passed,passed,passed,full
audit,4100,S_reversal_ls,reversal_ls,strategy,-,201,false,passed,passed,passed,passed,passed,passed,full
audit,4100,S_reversal_ls,reversal_ls,strategy,-,254,false,passed,passed,passed,passed,passed,passed,full
audit,4100,S_reversal_ls,reversal_ls,strategy,-,255,false,passed,passed,passed,passed,passed,passed,full
audit,4100,S_reversal_ls,reversal_ls,strategy,-,278,false,passed,passed,passed,passed,passed,passed,full
audit,4100,S_reversal_ls,reversal_ls,strategy,-,331,false,passed,passed,passed,passed,passed,passed,full
audit,4101,S_reversal_ls,reversal_ls,strategy,-,23,false,passed,passed,passed,passed,passed,passed,full
audit,4101,S_reversal_ls,reversal_ls,strategy,-,53,false,passed,passed,passed,passed,passed,passed,full
audit,4101,S_reversal_ls,reversal_ls,strategy,-,65,false,passed,passed,passed,passed,passed,passed,full
audit,4101,S_reversal_ls,reversal_ls,strategy,-,77,false,passed,passed,passed,passed,passed,passed,full
audit,4101,S_reversal_ls,reversal_ls,strategy,-,96,false,passed,passed,passed,passed,passed,passed,full
audit,4101,S_reversal_ls,reversal_ls,strategy,-,183,false,passed,passed,passed,passed,passed,passed,full
audit,4101,S_reversal_ls,reversal_ls,strategy,-,203,false,passed,passed,passed,passed,passed,passed,full
audit,4101,S_reversal_ls,reversal_ls,strategy,-,405,false,passed,passed,passed,passed,passed,passed,full
audit,4101,S_reversal_ls,reversal_ls,strategy,-,433,false,passed,passed,passed,passed,passed,passed,full
audit,4101,S_reversal_ls,reversal_ls,strategy,-,494,false,passed,passed,passed,passed,passed,passed,full
audit,4102,S_reversal_ls,reversal_ls,strategy,-,96,false,passed,passed,passed,passed,passed,passed,full
audit,4102,S_reversal_ls,reversal_ls,strategy,-,150,false,passed,passed,passed,passed,passed,passed,full
audit,4102,S_reversal_ls,reversal_ls,strategy,-,160,false,passed,passed,passed,passed,passed,passed,full
audit,4102,S_reversal_ls,reversal_ls,strategy,-,176,false,passed,passed,passed,passed,passed,passed,full
audit,4102,S_reversal_ls,reversal_ls,strategy,-,185,false,passed,passed,passed,passed,passed,passed,full
audit,4102,S_reversal_ls,reversal_ls,strategy,-,237,false,passed,passed,passed,passed,passed,passed,full
audit,4102,S_reversal_ls,reversal_ls,strategy,-,243,false,passed,passed,passed,passed,passed,passed,full
audit,4102,S_reversal_ls,reversal_ls,strategy,-,277,false,passed,passed,passed,passed,passed,passed,full
audit,4102,S_reversal_ls,reversal_ls,strategy,-,357,false,passed,passed,passed,passed,passed,passed,full
audit,4102,S_reversal_ls,reversal_ls,strategy,-,498,false,passed,passed,passed,passed,passed,passed,full
audit,4103,S_reversal_ls,reversal_ls,strategy,-,151,false,passed,passed,passed,passed,passed,passed,full
audit,4103,S_reversal_ls,reversal_ls,strategy,-,156,false,passed,passed,passed,passed,passed,passed,full
audit,4103,S_reversal_ls,reversal_ls,strategy,-,185,false,passed,passed,passed,passed,passed,passed,full
audit,4103,S_reversal_ls,reversal_ls,strategy,-,201,false,passed,passed,passed,passed,passed,passed,full
audit,4103,S_reversal_ls,reversal_ls,strategy,-,309,false,passed,passed,passed,passed,passed,passed,full
audit,4103,S_reversal_ls,reversal_ls,strategy,-,370,false,passed,passed,passed,passed,passed,passed,full
audit,4103,S_reversal_ls,reversal_ls,strategy,-,392,false,passed,passed,passed,passed,passed,passed,full
audit,4103,S_reversal_ls,reversal_ls,strategy,-,402,false,passed,passed,passed,passed,passed,passed,full
audit,4103,S_reversal_ls,reversal_ls,strategy,-,474,false,passed,passed,passed,passed,passed,passed,full
audit,4103,S_reversal_ls,reversal_ls,strategy,-,491,false,passed,passed,passed,passed,passed,passed,full
audit,4104,S_reversal_ls,reversal_ls,strategy,-,55,false,passed,passed,passed,passed,passed,passed,full
audit,4104,S_reversal_ls,reversal_ls,strategy,-,98,false,passed,passed,passed,passed,passed,passed,full
audit,4104,S_reversal_ls,reversal_ls,strategy,-,100,false,passed,passed,passed,passed,passed,passed,full
audit,4104,S_reversal_ls,reversal_ls,strategy,-,235,false,passed,passed,passed,passed,passed,passed,full
audit,4104,S_reversal_ls,reversal_ls,strategy,-,273,false,passed,passed,passed,passed,passed,passed,full
audit,4104,S_reversal_ls,reversal_ls,strategy,-,275,false,passed,passed,passed,passed,passed,passed,full
audit,4104,S_reversal_ls,reversal_ls,strategy,-,299,false,passed,passed,passed,passed,passed,passed,full
audit,4104,S_reversal_ls,reversal_ls,strategy,-,307,false,passed,passed,passed,passed,passed,passed,full
audit,4104,S_reversal_ls,reversal_ls,strategy,-,400,false,passed,passed,passed,passed,passed,passed,full
audit,4104,S_reversal_ls,reversal_ls,strategy,-,446,false,passed,passed,passed,passed,passed,passed,full
audit,4105,S_reversal_ls,reversal_ls,strategy,-,38,false,passed,passed,passed,passed,passed,passed,full
audit,4105,S_reversal_ls,reversal_ls,strategy,-,124,false,passed,passed,passed,passed,passed,passed,full
audit,4105,S_reversal_ls,reversal_ls,strategy,-,133,false,passed,passed,passed,passed,passed,passed,full
audit,4105,S_reversal_ls,reversal_ls,strategy,-,187,false,passed,passed,passed,passed,passed,passed,full
audit,4105,S_reversal_ls,reversal_ls,strategy,-,288,false,passed,passed,passed,passed,passed,passed,full
audit,4105,S_reversal_ls,reversal_ls,strategy,-,306,false,passed,passed,passed,passed,passed,passed,full
audit,4105,S_reversal_ls,reversal_ls,strategy,-,350,false,passed,passed,passed,passed,passed,passed,full
audit,4105,S_reversal_ls,reversal_ls,strategy,-,368,false,passed,passed,passed,passed,passed,passed,full
audit,4105,S_reversal_ls,reversal_ls,strategy,-,408,false,passed,passed,passed,passed,passed,passed,full
audit,4105,S_reversal_ls,reversal_ls,strategy,-,410,false,passed,passed,passed,passed,passed,passed,full
audit,4106,S_reversal_ls,reversal_ls,strategy,-,80,false,passed,passed,passed,passed,passed,passed,full
audit,4106,S_reversal_ls,reversal_ls,strategy,-,114,false,passed,passed,passed,passed,passed,passed,full
audit,4106,S_reversal_ls,reversal_ls,strategy,-,123,false,passed,passed,passed,passed,passed,passed,full
audit,4106,S_reversal_ls,reversal_ls,strategy,-,186,false,passed,passed,passed,passed,passed,passed,full
audit,4106,S_reversal_ls,reversal_ls,strategy,-,266,false,passed,passed,passed,passed,passed,passed,full
audit,4106,S_reversal_ls,reversal_ls,strategy,-,318,false,passed,passed,passed,passed,passed,passed,full
audit,4106,S_reversal_ls,reversal_ls,strategy,-,322,false,passed,passed,passed,passed,passed,passed,full
audit,4106,S_reversal_ls,reversal_ls,strategy,-,370,false,passed,passed,passed,passed,passed,passed,full
audit,4106,S_reversal_ls,reversal_ls,strategy,-,405,false,passed,passed,passed,passed,passed,passed,full
audit,4106,S_reversal_ls,reversal_ls,strategy,-,429,false,passed,passed,passed,passed,passed,passed,full
audit,4107,S_reversal_ls,reversal_ls,strategy,-,27,false,passed,passed,passed,passed,passed,passed,full
audit,4107,S_reversal_ls,reversal_ls,strategy,-,37,false,passed,passed,passed,passed,passed,passed,full
audit,4107,S_reversal_ls,reversal_ls,strategy,-,130,false,passed,passed,passed,passed,passed,passed,full
audit,4107,S_reversal_ls,reversal_ls,strategy,-,145,false,passed,passed,passed,passed,passed,passed,full
audit,4107,S_reversal_ls,reversal_ls,strategy,-,164,false,passed,passed,passed,passed,passed,passed,full
audit,4107,S_reversal_ls,reversal_ls,strategy,-,253,false,passed,passed,passed,passed,passed,passed,full
audit,4107,S_reversal_ls,reversal_ls,strategy,-,340,false,passed,passed,passed,passed,passed,passed,full
audit,4107,S_reversal_ls,reversal_ls,strategy,-,403,false,passed,passed,passed,passed,passed,passed,full
audit,4107,S_reversal_ls,reversal_ls,strategy,-,408,false,passed,passed,passed,passed,passed,passed,full
audit,4107,S_reversal_ls,reversal_ls,strategy,-,467,false,passed,passed,passed,passed,passed,passed,full
audit,4108,S_reversal_ls,reversal_ls,strategy,-,59,false,passed,passed,passed,passed,passed,passed,full
audit,4108,S_reversal_ls,reversal_ls,strategy,-,95,false,passed,passed,passed,passed,passed,passed,full
audit,4108,S_reversal_ls,reversal_ls,strategy,-,116,false,passed,passed,passed,passed,passed,passed,full
audit,4108,S_reversal_ls,reversal_ls,strategy,-,282,false,passed,passed,passed,passed,passed,passed,full
audit,4108,S_reversal_ls,reversal_ls,strategy,-,307,false,passed,passed,passed,passed,passed,passed,full
audit,4108,S_reversal_ls,reversal_ls,strategy,-,367,false,passed,passed,passed,passed,passed,passed,full
audit,4108,S_reversal_ls,reversal_ls,strategy,-,391,false,passed,passed,passed,passed,passed,passed,full
audit,4108,S_reversal_ls,reversal_ls,strategy,-,400,false,passed,passed,passed,passed,passed,passed,full
audit,4108,S_reversal_ls,reversal_ls,strategy,-,424,false,passed,passed,passed,passed,passed,passed,full
audit,4108,S_reversal_ls,reversal_ls,strategy,-,441,false,passed,passed,passed,passed,passed,passed,full
audit,4109,S_reversal_ls,reversal_ls,strategy,-,54,false,passed,passed,passed,passed,passed,passed,full
audit,4109,S_reversal_ls,reversal_ls,strategy,-,61,false,passed,passed,passed,passed,passed,passed,full
audit,4109,S_reversal_ls,reversal_ls,strategy,-,84,false,passed,passed,passed,passed,passed,passed,full
audit,4109,S_reversal_ls,reversal_ls,strategy,-,112,false,passed,passed,passed,passed,passed,passed,full
audit,4109,S_reversal_ls,reversal_ls,strategy,-,113,false,passed,passed,passed,passed,passed,passed,full
audit,4109,S_reversal_ls,reversal_ls,strategy,-,240,false,passed,passed,passed,passed,passed,passed,full
audit,4109,S_reversal_ls,reversal_ls,strategy,-,254,false,passed,passed,passed,passed,passed,passed,full
audit,4109,S_reversal_ls,reversal_ls,strategy,-,347,false,passed,passed,passed,passed,passed,passed,full
audit,4109,S_reversal_ls,reversal_ls,strategy,-,429,false,passed,passed,passed,passed,passed,passed,full
audit,4109,S_reversal_ls,reversal_ls,strategy,-,446,false,passed,passed,passed,passed,passed,passed,full
audit,4100,S_signal_x_ls,signal_x_ls,strategy,-,43,false,passed,passed,passed,passed,passed,passed,full
audit,4100,S_signal_x_ls,signal_x_ls,strategy,-,70,false,passed,passed,passed,passed,passed,passed,full
audit,4100,S_signal_x_ls,signal_x_ls,strategy,-,132,false,passed,passed,passed,passed,passed,passed,full
audit,4100,S_signal_x_ls,signal_x_ls,strategy,-,144,false,passed,passed,passed,passed,passed,passed,full
audit,4100,S_signal_x_ls,signal_x_ls,strategy,-,197,false,passed,passed,passed,passed,passed,passed,full
audit,4100,S_signal_x_ls,signal_x_ls,strategy,-,201,false,passed,passed,passed,passed,passed,passed,full
audit,4100,S_signal_x_ls,signal_x_ls,strategy,-,254,false,passed,passed,passed,passed,passed,passed,full
audit,4100,S_signal_x_ls,signal_x_ls,strategy,-,255,false,passed,passed,passed,passed,passed,passed,full
audit,4100,S_signal_x_ls,signal_x_ls,strategy,-,278,false,passed,passed,passed,passed,passed,passed,full
audit,4100,S_signal_x_ls,signal_x_ls,strategy,-,331,false,passed,passed,passed,passed,passed,passed,full
audit,4101,S_signal_x_ls,signal_x_ls,strategy,-,23,false,passed,passed,passed,passed,passed,passed,full
audit,4101,S_signal_x_ls,signal_x_ls,strategy,-,53,false,passed,passed,passed,passed,passed,passed,full
audit,4101,S_signal_x_ls,signal_x_ls,strategy,-,65,false,passed,passed,passed,passed,passed,passed,full
audit,4101,S_signal_x_ls,signal_x_ls,strategy,-,77,false,passed,passed,passed,passed,passed,passed,full
audit,4101,S_signal_x_ls,signal_x_ls,strategy,-,96,false,passed,passed,passed,passed,passed,passed,full
audit,4101,S_signal_x_ls,signal_x_ls,strategy,-,183,false,passed,passed,passed,passed,passed,passed,full
audit,4101,S_signal_x_ls,signal_x_ls,strategy,-,203,false,passed,passed,passed,passed,passed,passed,full
audit,4101,S_signal_x_ls,signal_x_ls,strategy,-,405,false,passed,passed,passed,passed,passed,passed,full
audit,4101,S_signal_x_ls,signal_x_ls,strategy,-,433,false,passed,passed,passed,passed,passed,passed,full
audit,4101,S_signal_x_ls,signal_x_ls,strategy,-,494,false,passed,passed,passed,passed,passed,passed,full
audit,4102,S_signal_x_ls,signal_x_ls,strategy,-,96,false,passed,passed,passed,passed,passed,passed,full
audit,4102,S_signal_x_ls,signal_x_ls,strategy,-,150,false,passed,passed,passed,passed,passed,passed,full
audit,4102,S_signal_x_ls,signal_x_ls,strategy,-,160,false,passed,passed,passed,passed,passed,passed,full
audit,4102,S_signal_x_ls,signal_x_ls,strategy,-,176,false,passed,passed,passed,passed,passed,passed,full
audit,4102,S_signal_x_ls,signal_x_ls,strategy,-,185,false,passed,passed,passed,passed,passed,passed,full
audit,4102,S_signal_x_ls,signal_x_ls,strategy,-,237,false,passed,passed,passed,passed,passed,passed,full
audit,4102,S_signal_x_ls,signal_x_ls,strategy,-,243,false,passed,passed,passed,passed,passed,passed,full
audit,4102,S_signal_x_ls,signal_x_ls,strategy,-,277,false,passed,passed,passed,passed,passed,passed,full
audit,4102,S_signal_x_ls,signal_x_ls,strategy,-,357,false,passed,passed,passed,passed,passed,passed,full
audit,4102,S_signal_x_ls,signal_x_ls,strategy,-,498,false,passed,passed,passed,passed,passed,passed,full
audit,4103,S_signal_x_ls,signal_x_ls,strategy,-,151,false,passed,passed,passed,passed,passed,passed,full
audit,4103,S_signal_x_ls,signal_x_ls,strategy,-,156,false,passed,passed,passed,passed,passed,passed,full
audit,4103,S_signal_x_ls,signal_x_ls,strategy,-,185,false,passed,passed,passed,passed,passed,passed,full
audit,4103,S_signal_x_ls,signal_x_ls,strategy,-,201,false,passed,passed,passed,passed,passed,passed,full
audit,4103,S_signal_x_ls,signal_x_ls,strategy,-,309,false,passed,passed,passed,passed,passed,passed,full
audit,4103,S_signal_x_ls,signal_x_ls,strategy,-,370,false,passed,passed,passed,passed,passed,passed,full
audit,4103,S_signal_x_ls,signal_x_ls,strategy,-,392,false,passed,passed,passed,passed,passed,passed,full
audit,4103,S_signal_x_ls,signal_x_ls,strategy,-,402,false,passed,passed,passed,passed,passed,passed,full
audit,4103,S_signal_x_ls,signal_x_ls,strategy,-,474,false,passed,passed,passed,passed,passed,passed,full
audit,4103,S_signal_x_ls,signal_x_ls,strategy,-,491,false,passed,passed,passed,passed,passed,passed,full
audit,4104,S_signal_x_ls,signal_x_ls,strategy,-,55,false,passed,passed,passed,passed,passed,passed,full
audit,4104,S_signal_x_ls,signal_x_ls,strategy,-,98,false,passed,passed,passed,passed,passed,passed,full
audit,4104,S_signal_x_ls,signal_x_ls,strategy,-,100,false,passed,passed,passed,passed,passed,passed,full
audit,4104,S_signal_x_ls,signal_x_ls,strategy,-,235,false,passed,passed,passed,passed,passed,passed,full
audit,4104,S_signal_x_ls,signal_x_ls,strategy,-,273,false,passed,passed,passed,passed,passed,passed,full
audit,4104,S_signal_x_ls,signal_x_ls,strategy,-,275,false,passed,passed,passed,passed,passed,passed,full
audit,4104,S_signal_x_ls,signal_x_ls,strategy,-,299,false,passed,passed,passed,passed,passed,passed,full
audit,4104,S_signal_x_ls,signal_x_ls,strategy,-,307,false,passed,passed,passed,passed,passed,passed,full
audit,4104,S_signal_x_ls,signal_x_ls,strategy,-,400,false,passed,passed,passed,passed,passed,passed,full
audit,4104,S_signal_x_ls,signal_x_ls,strategy,-,446,false,passed,passed,passed,passed,passed,passed,full
audit,4105,S_signal_x_ls,signal_x_ls,strategy,-,38,false,passed,passed,passed,passed,passed,passed,full
audit,4105,S_signal_x_ls,signal_x_ls,strategy,-,124,false,passed,passed,passed,passed,passed,passed,full
audit,4105,S_signal_x_ls,signal_x_ls,strategy,-,133,false,passed,passed,passed,passed,passed,passed,full
audit,4105,S_signal_x_ls,signal_x_ls,strategy,-,187,false,passed,passed,passed,passed,passed,passed,full
audit,4105,S_signal_x_ls,signal_x_ls,strategy,-,288,false,passed,passed,passed,passed,passed,passed,full
audit,4105,S_signal_x_ls,signal_x_ls,strategy,-,306,false,passed,passed,passed,passed,passed,passed,full
audit,4105,S_signal_x_ls,signal_x_ls,strategy,-,350,false,passed,passed,passed,passed,passed,passed,full
audit,4105,S_signal_x_ls,signal_x_ls,strategy,-,368,false,passed,passed,passed,passed,passed,passed,full
audit,4105,S_signal_x_ls,signal_x_ls,strategy,-,408,false,passed,passed,passed,passed,passed,passed,full
audit,4105,S_signal_x_ls,signal_x_ls,strategy,-,410,false,passed,passed,passed,passed,passed,passed,full
audit,4106,S_signal_x_ls,signal_x_ls,strategy,-,80,false,passed,passed,passed,passed,passed,passed,full
audit,4106,S_signal_x_ls,signal_x_ls,strategy,-,114,false,passed,passed,passed,passed,passed,passed,full
audit,4106,S_signal_x_ls,signal_x_ls,strategy,-,123,false,passed,passed,passed,passed,passed,passed,full
audit,4106,S_signal_x_ls,signal_x_ls,strategy,-,186,false,passed,passed,passed,passed,passed,passed,full
audit,4106,S_signal_x_ls,signal_x_ls,strategy,-,266,false,passed,passed,passed,passed,passed,passed,full
audit,4106,S_signal_x_ls,signal_x_ls,strategy,-,318,false,passed,passed,passed,passed,passed,passed,full
audit,4106,S_signal_x_ls,signal_x_ls,strategy,-,322,false,passed,passed,passed,passed,passed,passed,full
audit,4106,S_signal_x_ls,signal_x_ls,strategy,-,370,false,passed,passed,passed,passed,passed,passed,full
audit,4106,S_signal_x_ls,signal_x_ls,strategy,-,405,false,passed,passed,passed,passed,passed,passed,full
audit,4106,S_signal_x_ls,signal_x_ls,strategy,-,429,false,passed,passed,passed,passed,passed,passed,full
audit,4107,S_signal_x_ls,signal_x_ls,strategy,-,27,false,passed,passed,passed,passed,passed,passed,full
audit,4107,S_signal_x_ls,signal_x_ls,strategy,-,37,false,passed,passed,passed,passed,passed,passed,full
audit,4107,S_signal_x_ls,signal_x_ls,strategy,-,130,false,passed,passed,passed,passed,passed,passed,full
audit,4107,S_signal_x_ls,signal_x_ls,strategy,-,145,false,passed,passed,passed,passed,passed,passed,full
audit,4107,S_signal_x_ls,signal_x_ls,strategy,-,164,false,passed,passed,passed,passed,passed,passed,full
audit,4107,S_signal_x_ls,signal_x_ls,strategy,-,253,false,passed,passed,passed,passed,passed,passed,full
audit,4107,S_signal_x_ls,signal_x_ls,strategy,-,340,false,passed,passed,passed,passed,passed,passed,full
audit,4107,S_signal_x_ls,signal_x_ls,strategy,-,403,false,passed,passed,passed,passed,passed,passed,full
audit,4107,S_signal_x_ls,signal_x_ls,strategy,-,408,false,passed,passed,passed,passed,passed,passed,full
audit,4107,S_signal_x_ls,signal_x_ls,strategy,-,467,false,passed,passed,passed,passed,passed,passed,full
audit,4108,S_signal_x_ls,signal_x_ls,strategy,-,59,false,passed,passed,passed,passed,passed,passed,full
audit,4108,S_signal_x_ls,signal_x_ls,strategy,-,95,false,passed,passed,passed,passed,passed,passed,full
audit,4108,S_signal_x_ls,signal_x_ls,strategy,-,116,false,passed,passed,passed,passed,passed,passed,full
audit,4108,S_signal_x_ls,signal_x_ls,strategy,-,282,false,passed,passed,passed,passed,passed,passed,full
audit,4108,S_signal_x_ls,signal_x_ls,strategy,-,307,false,passed,passed,passed,passed,passed,passed,full
audit,4108,S_signal_x_ls,signal_x_ls,strategy,-,367,false,passed,passed,passed,passed,passed,passed,full
audit,4108,S_signal_x_ls,signal_x_ls,strategy,-,391,false,passed,passed,passed,passed,passed,passed,full
audit,4108,S_signal_x_ls,signal_x_ls,strategy,-,400,false,passed,passed,passed,passed,passed,passed,full
audit,4108,S_signal_x_ls,signal_x_ls,strategy,-,424,false,passed,passed,passed,passed,passed,passed,full
audit,4108,S_signal_x_ls,signal_x_ls,strategy,-,441,false,passed,passed,passed,passed,passed,passed,full
audit,4109,S_signal_x_ls,signal_x_ls,strategy,-,54,false,passed,passed,passed,passed,passed,passed,full
audit,4109,S_signal_x_ls,signal_x_ls,strategy,-,61,false,passed,passed,passed,passed,passed,passed,full
audit,4109,S_signal_x_ls,signal_x_ls,strategy,-,84,false,passed,passed,passed,passed,passed,passed,full
audit,4109,S_signal_x_ls,signal_x_ls,strategy,-,112,false,passed,passed,passed,passed,passed,passed,full
audit,4109,S_signal_x_ls,signal_x_ls,strategy,-,113,false,passed,passed,passed,passed,passed,passed,full
audit,4109,S_signal_x_ls,signal_x_ls,strategy,-,240,false,passed,passed,passed,passed,passed,passed,full
audit,4109,S_signal_x_ls,signal_x_ls,strategy,-,254,false,passed,passed,passed,passed,passed,passed,full
audit,4109,S_signal_x_ls,signal_x_ls,strategy,-,347,false,passed,passed,passed,passed,passed,passed,full
audit,4109,S_signal_x_ls,signal_x_ls,strategy,-,429,false,passed,passed,passed,passed,passed,passed,full
audit,4109,S_signal_x_ls,signal_x_ls,strategy,-,446,false,passed,passed,passed,passed,passed,passed,full
audit,4100,S_signal_x_voltarget,signal_x_voltarget,strategy,-,43,false,passed,passed,passed,passed,passed,passed,full
audit,4100,S_signal_x_voltarget,signal_x_voltarget,strategy,-,70,false,passed,passed,passed,passed,passed,passed,full
audit,4100,S_signal_x_voltarget,signal_x_voltarget,strategy,-,132,false,passed,passed,passed,passed,passed,passed,full
audit,4100,S_signal_x_voltarget,signal_x_voltarget,strategy,-,144,false,passed,passed,passed,passed,passed,passed,full
audit,4100,S_signal_x_voltarget,signal_x_voltarget,strategy,-,197,false,passed,passed,passed,passed,passed,passed,full
audit,4100,S_signal_x_voltarget,signal_x_voltarget,strategy,-,201,false,passed,passed,passed,passed,passed,passed,full
audit,4100,S_signal_x_voltarget,signal_x_voltarget,strategy,-,254,false,passed,passed,passed,passed,passed,passed,full
audit,4100,S_signal_x_voltarget,signal_x_voltarget,strategy,-,255,false,passed,passed,passed,passed,passed,passed,full
audit,4100,S_signal_x_voltarget,signal_x_voltarget,strategy,-,278,false,passed,passed,passed,passed,passed,passed,full
audit,4100,S_signal_x_voltarget,signal_x_voltarget,strategy,-,331,false,passed,passed,passed,passed,passed,passed,full
audit,4101,S_signal_x_voltarget,signal_x_voltarget,strategy,-,23,false,passed,passed,passed,passed,passed,passed,full
audit,4101,S_signal_x_voltarget,signal_x_voltarget,strategy,-,53,false,passed,passed,passed,passed,passed,passed,full
audit,4101,S_signal_x_voltarget,signal_x_voltarget,strategy,-,65,false,passed,passed,passed,passed,passed,passed,full
audit,4101,S_signal_x_voltarget,signal_x_voltarget,strategy,-,77,false,passed,passed,passed,passed,passed,passed,full
audit,4101,S_signal_x_voltarget,signal_x_voltarget,strategy,-,96,false,passed,passed,passed,passed,passed,passed,full
audit,4101,S_signal_x_voltarget,signal_x_voltarget,strategy,-,183,false,passed,passed,passed,passed,passed,passed,full
audit,4101,S_signal_x_voltarget,signal_x_voltarget,strategy,-,203,false,passed,passed,passed,passed,passed,passed,full
audit,4101,S_signal_x_voltarget,signal_x_voltarget,strategy,-,405,false,passed,passed,passed,passed,passed,passed,full
audit,4101,S_signal_x_voltarget,signal_x_voltarget,strategy,-,433,false,passed,passed,passed,passed,passed,passed,full
audit,4101,S_signal_x_voltarget,signal_x_voltarget,strategy,-,494,false,passed,passed,passed,passed,passed,passed,full
audit,4102,S_signal_x_voltarget,signal_x_voltarget,strategy,-,96,false,passed,passed,passed,passed,passed,passed,full
audit,4102,S_signal_x_voltarget,signal_x_voltarget,strategy,-,150,false,passed,passed,passed,passed,passed,passed,full
audit,4102,S_signal_x_voltarget,signal_x_voltarget,strategy,-,160,false,passed,passed,passed,passed,passed,passed,full
audit,4102,S_signal_x_voltarget,signal_x_voltarget,strategy,-,176,false,passed,passed,passed,passed,passed,passed,full
audit,4102,S_signal_x_voltarget,signal_x_voltarget,strategy,-,185,false,passed,passed,passed,passed,passed,passed,full
audit,4102,S_signal_x_voltarget,signal_x_voltarget,strategy,-,237,false,passed,passed,passed,passed,passed,passed,full
audit,4102,S_signal_x_voltarget,signal_x_voltarget,strategy,-,243,false,passed,passed,passed,passed,passed,passed,full
audit,4102,S_signal_x_voltarget,signal_x_voltarget,strategy,-,277,false,passed,passed,passed,passed,passed,passed,full
audit,4102,S_signal_x_voltarget,signal_x_voltarget,strategy,-,357,false,passed,passed,passed,passed,passed,passed,full
audit,4102,S_signal_x_voltarget,signal_x_voltarget,strategy,-,498,false,passed,passed,passed,passed,passed,passed,full
audit,4103,S_signal_x_voltarget,signal_x_voltarget,strategy,-,151,false,passed,passed,passed,passed,passed,passed,full
audit,4103,S_signal_x_voltarget,signal_x_voltarget,strategy,-,156,false,passed,passed,passed,passed,passed,passed,full
audit,4103,S_signal_x_voltarget,signal_x_voltarget,strategy,-,185,false,passed,passed,passed,passed,passed,passed,full
audit,4103,S_signal_x_voltarget,signal_x_voltarget,strategy,-,201,false,passed,passed,passed,passed,passed,passed,full
audit,4103,S_signal_x_voltarget,signal_x_voltarget,strategy,-,309,false,passed,passed,passed,passed,passed,passed,full
audit,4103,S_signal_x_voltarget,signal_x_voltarget,strategy,-,370,false,passed,passed,passed,passed,passed,passed,full
audit,4103,S_signal_x_voltarget,signal_x_voltarget,strategy,-,392,false,passed,passed,passed,passed,passed,passed,full
audit,4103,S_signal_x_voltarget,signal_x_voltarget,strategy,-,402,false,passed,passed,passed,passed,passed,passed,full
audit,4103,S_signal_x_voltarget,signal_x_voltarget,strategy,-,474,false,passed,passed,passed,passed,passed,passed,full
audit,4103,S_signal_x_voltarget,signal_x_voltarget,strategy,-,491,false,passed,passed,passed,passed,passed,passed,full
audit,4104,S_signal_x_voltarget,signal_x_voltarget,strategy,-,55,false,passed,passed,passed,passed,passed,passed,full
audit,4104,S_signal_x_voltarget,signal_x_voltarget,strategy,-,98,false,passed,passed,passed,passed,passed,passed,full
audit,4104,S_signal_x_voltarget,signal_x_voltarget,strategy,-,100,false,passed,passed,passed,passed,passed,passed,full
audit,4104,S_signal_x_voltarget,signal_x_voltarget,strategy,-,235,false,passed,passed,passed,passed,passed,passed,full
audit,4104,S_signal_x_voltarget,signal_x_voltarget,strategy,-,273,false,passed,passed,passed,passed,passed,passed,full
audit,4104,S_signal_x_voltarget,signal_x_voltarget,strategy,-,275,false,passed,passed,passed,passed,passed,passed,full
audit,4104,S_signal_x_voltarget,signal_x_voltarget,strategy,-,299,false,passed,passed,passed,passed,passed,passed,full
audit,4104,S_signal_x_voltarget,signal_x_voltarget,strategy,-,307,false,passed,passed,passed,passed,passed,passed,full
audit,4104,S_signal_x_voltarget,signal_x_voltarget,strategy,-,400,false,passed,passed,passed,passed,passed,passed,full
audit,4104,S_signal_x_voltarget,signal_x_voltarget,strategy,-,446,false,passed,passed,passed,passed,passed,passed,full
audit,4105,S_signal_x_voltarget,signal_x_voltarget,strategy,-,38,false,passed,passed,passed,passed,passed,passed,full
audit,4105,S_signal_x_voltarget,signal_x_voltarget,strategy,-,124,false,passed,passed,passed,passed,passed,passed,full
audit,4105,S_signal_x_voltarget,signal_x_voltarget,strategy,-,133,false,passed,passed,passed,passed,passed,passed,full
audit,4105,S_signal_x_voltarget,signal_x_voltarget,strategy,-,187,false,passed,passed,passed,passed,passed,passed,full
audit,4105,S_signal_x_voltarget,signal_x_voltarget,strategy,-,288,false,passed,passed,passed,passed,passed,passed,full
audit,4105,S_signal_x_voltarget,signal_x_voltarget,strategy,-,306,false,passed,passed,passed,passed,passed,passed,full
audit,4105,S_signal_x_voltarget,signal_x_voltarget,strategy,-,350,false,passed,passed,passed,passed,passed,passed,full
audit,4105,S_signal_x_voltarget,signal_x_voltarget,strategy,-,368,false,passed,passed,passed,passed,passed,passed,full
audit,4105,S_signal_x_voltarget,signal_x_voltarget,strategy,-,408,false,passed,passed,passed,passed,passed,passed,full
audit,4105,S_signal_x_voltarget,signal_x_voltarget,strategy,-,410,false,passed,passed,passed,passed,passed,passed,full
audit,4106,S_signal_x_voltarget,signal_x_voltarget,strategy,-,80,false,passed,passed,passed,passed,passed,passed,full
audit,4106,S_signal_x_voltarget,signal_x_voltarget,strategy,-,114,false,passed,passed,passed,passed,passed,passed,full
audit,4106,S_signal_x_voltarget,signal_x_voltarget,strategy,-,123,false,passed,passed,passed,passed,passed,passed,full
audit,4106,S_signal_x_voltarget,signal_x_voltarget,strategy,-,186,false,passed,passed,passed,passed,passed,passed,full
audit,4106,S_signal_x_voltarget,signal_x_voltarget,strategy,-,266,false,passed,passed,passed,passed,passed,passed,full
audit,4106,S_signal_x_voltarget,signal_x_voltarget,strategy,-,318,false,passed,passed,passed,passed,passed,passed,full
audit,4106,S_signal_x_voltarget,signal_x_voltarget,strategy,-,322,false,passed,passed,passed,passed,passed,passed,full
audit,4106,S_signal_x_voltarget,signal_x_voltarget,strategy,-,370,false,passed,passed,passed,passed,passed,passed,full
audit,4106,S_signal_x_voltarget,signal_x_voltarget,strategy,-,405,false,passed,passed,passed,passed,passed,passed,full
audit,4106,S_signal_x_voltarget,signal_x_voltarget,strategy,-,429,false,passed,passed,passed,passed,passed,passed,full
audit,4107,S_signal_x_voltarget,signal_x_voltarget,strategy,-,27,false,passed,passed,passed,passed,passed,passed,full
audit,4107,S_signal_x_voltarget,signal_x_voltarget,strategy,-,37,false,passed,passed,passed,passed,passed,passed,full
audit,4107,S_signal_x_voltarget,signal_x_voltarget,strategy,-,130,false,passed,passed,passed,passed,passed,passed,full
audit,4107,S_signal_x_voltarget,signal_x_voltarget,strategy,-,145,false,passed,passed,passed,passed,passed,passed,full
audit,4107,S_signal_x_voltarget,signal_x_voltarget,strategy,-,164,false,passed,passed,passed,passed,passed,passed,full
audit,4107,S_signal_x_voltarget,signal_x_voltarget,strategy,-,253,false,passed,passed,passed,passed,passed,passed,full
audit,4107,S_signal_x_voltarget,signal_x_voltarget,strategy,-,340,false,passed,passed,passed,passed,passed,passed,full
audit,4107,S_signal_x_voltarget,signal_x_voltarget,strategy,-,403,false,passed,passed,passed,passed,passed,passed,full
audit,4107,S_signal_x_voltarget,signal_x_voltarget,strategy,-,408,false,passed,passed,passed,passed,passed,passed,full
audit,4107,S_signal_x_voltarget,signal_x_voltarget,strategy,-,467,false,passed,passed,passed,passed,passed,passed,full
audit,4108,S_signal_x_voltarget,signal_x_voltarget,strategy,-,59,false,passed,passed,passed,passed,passed,passed,full
audit,4108,S_signal_x_voltarget,signal_x_voltarget,strategy,-,95,false,passed,passed,passed,passed,passed,passed,full
audit,4108,S_signal_x_voltarget,signal_x_voltarget,strategy,-,116,false,passed,passed,passed,passed,passed,passed,full
audit,4108,S_signal_x_voltarget,signal_x_voltarget,strategy,-,282,false,passed,passed,passed,passed,passed,passed,full
audit,4108,S_signal_x_voltarget,signal_x_voltarget,strategy,-,307,false,passed,passed,passed,passed,passed,passed,full
audit,4108,S_signal_x_voltarget,signal_x_voltarget,strategy,-,367,false,passed,passed,passed,passed,passed,passed,full
audit,4108,S_signal_x_voltarget,signal_x_voltarget,strategy,-,391,false,passed,passed,passed,passed,passed,passed,full
audit,4108,S_signal_x_voltarget,signal_x_voltarget,strategy,-,400,false,passed,passed,passed,passed,passed,passed,full
audit,4108,S_signal_x_voltarget,signal_x_voltarget,strategy,-,424,false,passed,passed,passed,passed,passed,passed,full
audit,4108,S_signal_x_voltarget,signal_x_voltarget,strategy,-,441,false,passed,passed,passed,passed,passed,passed,full
audit,4109,S_signal_x_voltarget,signal_x_voltarget,strategy,-,54,false,passed,passed,passed,passed,passed,passed,full
audit,4109,S_signal_x_voltarget,signal_x_voltarget,strategy,-,61,false,passed,passed,passed,passed,passed,passed,full
audit,4109,S_signal_x_voltarget,signal_x_voltarget,strategy,-,84,false,passed,passed,passed,passed,passed,passed,full
audit,4109,S_signal_x_voltarget,signal_x_voltarget,strategy,-,112,false,passed,passed,passed,passed,passed,passed,full
audit,4109,S_signal_x_voltarget,signal_x_voltarget,strategy,-,113,false,passed,passed,passed,passed,passed,passed,full
audit,4109,S_signal_x_voltarget,signal_x_voltarget,strategy,-,240,false,passed,passed,passed,passed,passed,passed,full
audit,4109,S_signal_x_voltarget,signal_x_voltarget,strategy,-,254,false,passed,passed,passed,passed,passed,passed,full
audit,4109,S_signal_x_voltarget,signal_x_voltarget,strategy,-,347,false,passed,passed,passed,passed,passed,passed,full
audit,4109,S_signal_x_voltarget,signal_x_voltarget,strategy,-,429,false,passed,passed,passed,passed,passed,passed,full
audit,4109,S_signal_x_voltarget,signal_x_voltarget,strategy,-,446,false,passed,passed,passed,passed,passed,passed,full
audit,4100,S_volume_trend_topk,volume_trend_topk,strategy,-,43,false,passed,passed,passed,passed,passed,passed,full
audit,4100,S_volume_trend_topk,volume_trend_topk,strategy,-,70,false,passed,passed,passed,passed,passed,passed,full
audit,4100,S_volume_trend_topk,volume_trend_topk,strategy,-,132,false,passed,passed,passed,passed,passed,passed,full
audit,4100,S_volume_trend_topk,volume_trend_topk,strategy,-,144,false,passed,passed,passed,passed,passed,passed,full
audit,4100,S_volume_trend_topk,volume_trend_topk,strategy,-,197,false,passed,passed,passed,passed,passed,passed,full
audit,4100,S_volume_trend_topk,volume_trend_topk,strategy,-,201,false,passed,passed,passed,passed,passed,passed,full
audit,4100,S_volume_trend_topk,volume_trend_topk,strategy,-,254,false,passed,passed,passed,passed,passed,passed,full
audit,4100,S_volume_trend_topk,volume_trend_topk,strategy,-,255,false,passed,passed,passed,passed,passed,passed,full
audit,4100,S_volume_trend_topk,volume_trend_topk,strategy,-,278,false,passed,passed,passed,passed,passed,passed,full
audit,4100,S_volume_trend_topk,volume_trend_topk,strategy,-,331,false,passed,passed,passed,passed,passed,passed,full
audit,4101,S_volume_trend_topk,volume_trend_topk,strategy,-,23,false,passed,passed,passed,passed,passed,passed,full
audit,4101,S_volume_trend_topk,volume_trend_topk,strategy,-,53,false,passed,passed,passed,passed,passed,passed,full
audit,4101,S_volume_trend_topk,volume_trend_topk,strategy,-,65,false,passed,passed,passed,passed,passed,passed,full
audit,4101,S_volume_trend_topk,volume_trend_topk,strategy,-,77,false,passed,passed,passed,passed,passed,passed,full
audit,4101,S_volume_trend_topk,volume_trend_topk,strategy,-,96,false,passed,passed,passed,passed,passed,passed,full
audit,4101,S_volume_trend_topk,volume_trend_topk,strategy,-,183,false,passed,passed,passed,passed,passed,passed,full
audit,4101,S_volume_trend_topk,volume_trend_topk,strategy,-,203,false,passed,passed,passed,passed,passed,passed,full
audit,4101,S_volume_trend_topk,volume_trend_topk,strategy,-,405,false,passed,passed,passed,passed,passed,passed,full
audit,4101,S_volume_trend_topk,volume_trend_topk,strategy,-,433,false,passed,passed,passed,passed,passed,passed,full
audit,4101,S_volume_trend_topk,volume_trend_topk,strategy,-,494,false,passed,passed,passed,passed,passed,passed,full
audit,4102,S_volume_trend_topk,volume_trend_topk,strategy,-,96,false,passed,passed,passed,passed,passed,passed,full
audit,4102,S_volume_trend_topk,volume_trend_topk,strategy,-,150,false,passed,passed,passed,passed,passed,passed,full
audit,4102,S_volume_trend_topk,volume_trend_topk,strategy,-,160,false,passed,passed,passed,passed,passed,passed,full
audit,4102,S_volume_trend_topk,volume_trend_topk,strategy,-,176,false,passed,passed,passed,passed,passed,passed,full
audit,4102,S_volume_trend_topk,volume_trend_topk,strategy,-,185,false,passed,passed,passed,passed,passed,passed,full
audit,4102,S_volume_trend_topk,volume_trend_topk,strategy,-,237,false,passed,passed,passed,passed,passed,passed,full
audit,4102,S_volume_trend_topk,volume_trend_topk,strategy,-,243,false,passed,passed,passed,passed,passed,passed,full
audit,4102,S_volume_trend_topk,volume_trend_topk,strategy,-,277,false,passed,passed,passed,passed,passed,passed,full
audit,4102,S_volume_trend_topk,volume_trend_topk,strategy,-,357,false,passed,passed,passed,passed,passed,passed,full
audit,4102,S_volume_trend_topk,volume_trend_topk,strategy,-,498,false,passed,passed,passed,passed,passed,passed,full
audit,4103,S_volume_trend_topk,volume_trend_topk,strategy,-,151,false,passed,passed,passed,passed,passed,passed,full
audit,4103,S_volume_trend_topk,volume_trend_topk,strategy,-,156,false,passed,passed,passed,passed,passed,passed,full
audit,4103,S_volume_trend_topk,volume_trend_topk,strategy,-,185,false,passed,passed,passed,passed,passed,passed,full
audit,4103,S_volume_trend_topk,volume_trend_topk,strategy,-,201,false,passed,passed,passed,passed,passed,passed,full
audit,4103,S_volume_trend_topk,volume_trend_topk,strategy,-,309,false,passed,passed,passed,passed,passed,passed,full
audit,4103,S_volume_trend_topk,volume_trend_topk,strategy,-,370,false,passed,passed,passed,passed,passed,passed,full
audit,4103,S_volume_trend_topk,volume_trend_topk,strategy,-,392,false,passed,passed,passed,passed,passed,passed,full
audit,4103,S_volume_trend_topk,volume_trend_topk,strategy,-,402,false,passed,passed,passed,passed,passed,passed,full
audit,4103,S_volume_trend_topk,volume_trend_topk,strategy,-,474,false,passed,passed,passed,passed,passed,passed,full
audit,4103,S_volume_trend_topk,volume_trend_topk,strategy,-,491,false,passed,passed,passed,passed,passed,passed,full
audit,4104,S_volume_trend_topk,volume_trend_topk,strategy,-,55,false,passed,passed,passed,passed,passed,passed,full
audit,4104,S_volume_trend_topk,volume_trend_topk,strategy,-,98,false,passed,passed,passed,passed,passed,passed,full
audit,4104,S_volume_trend_topk,volume_trend_topk,strategy,-,100,false,passed,passed,passed,passed,passed,passed,full
audit,4104,S_volume_trend_topk,volume_trend_topk,strategy,-,235,false,passed,passed,passed,passed,passed,passed,full
audit,4104,S_volume_trend_topk,volume_trend_topk,strategy,-,273,false,passed,passed,passed,passed,passed,passed,full
audit,4104,S_volume_trend_topk,volume_trend_topk,strategy,-,275,false,passed,passed,passed,passed,passed,passed,full
audit,4104,S_volume_trend_topk,volume_trend_topk,strategy,-,299,false,passed,passed,passed,passed,passed,passed,full
audit,4104,S_volume_trend_topk,volume_trend_topk,strategy,-,307,false,passed,passed,passed,passed,passed,passed,full
audit,4104,S_volume_trend_topk,volume_trend_topk,strategy,-,400,false,passed,passed,passed,passed,passed,passed,full
audit,4104,S_volume_trend_topk,volume_trend_topk,strategy,-,446,false,passed,passed,passed,passed,passed,passed,full
audit,4105,S_volume_trend_topk,volume_trend_topk,strategy,-,38,false,passed,passed,passed,passed,passed,passed,full
audit,4105,S_volume_trend_topk,volume_trend_topk,strategy,-,124,false,passed,passed,passed,passed,passed,passed,full
audit,4105,S_volume_trend_topk,volume_trend_topk,strategy,-,133,false,passed,passed,passed,passed,passed,passed,full
audit,4105,S_volume_trend_topk,volume_trend_topk,strategy,-,187,false,passed,passed,passed,passed,passed,passed,full
audit,4105,S_volume_trend_topk,volume_trend_topk,strategy,-,288,false,passed,passed,passed,passed,passed,passed,full
audit,4105,S_volume_trend_topk,volume_trend_topk,strategy,-,306,false,passed,passed,passed,passed,passed,passed,full
audit,4105,S_volume_trend_topk,volume_trend_topk,strategy,-,350,false,passed,passed,passed,passed,passed,passed,full
audit,4105,S_volume_trend_topk,volume_trend_topk,strategy,-,368,false,passed,passed,passed,passed,passed,passed,full
audit,4105,S_volume_trend_topk,volume_trend_topk,strategy,-,408,false,passed,passed,passed,passed,passed,passed,full
audit,4105,S_volume_trend_topk,volume_trend_topk,strategy,-,410,false,passed,passed,passed,passed,passed,passed,full
audit,4106,S_volume_trend_topk,volume_trend_topk,strategy,-,80,false,passed,passed,passed,passed,passed,passed,full
audit,4106,S_volume_trend_topk,volume_trend_topk,strategy,-,114,false,passed,passed,passed,passed,passed,passed,full
audit,4106,S_volume_trend_topk,volume_trend_topk,strategy,-,123,false,passed,passed,passed,passed,passed,passed,full
audit,4106,S_volume_trend_topk,volume_trend_topk,strategy,-,186,false,passed,passed,passed,passed,passed,passed,full
audit,4106,S_volume_trend_topk,volume_trend_topk,strategy,-,266,false,passed,passed,passed,passed,passed,passed,full
audit,4106,S_volume_trend_topk,volume_trend_topk,strategy,-,318,false,passed,passed,passed,passed,passed,passed,full
audit,4106,S_volume_trend_topk,volume_trend_topk,strategy,-,322,false,passed,passed,passed,passed,passed,passed,full
audit,4106,S_volume_trend_topk,volume_trend_topk,strategy,-,370,false,passed,passed,passed,passed,passed,passed,full
audit,4106,S_volume_trend_topk,volume_trend_topk,strategy,-,405,false,passed,passed,passed,passed,passed,passed,full
audit,4106,S_volume_trend_topk,volume_trend_topk,strategy,-,429,false,passed,passed,passed,passed,passed,passed,full
audit,4107,S_volume_trend_topk,volume_trend_topk,strategy,-,27,false,passed,passed,passed,passed,passed,passed,full
audit,4107,S_volume_trend_topk,volume_trend_topk,strategy,-,37,false,passed,passed,passed,passed,passed,passed,full
audit,4107,S_volume_trend_topk,volume_trend_topk,strategy,-,130,false,passed,passed,passed,passed,passed,passed,full
audit,4107,S_volume_trend_topk,volume_trend_topk,strategy,-,145,false,passed,passed,passed,passed,passed,passed,full
audit,4107,S_volume_trend_topk,volume_trend_topk,strategy,-,164,false,passed,passed,passed,passed,passed,passed,full
audit,4107,S_volume_trend_topk,volume_trend_topk,strategy,-,253,false,passed,passed,passed,passed,passed,passed,full
audit,4107,S_volume_trend_topk,volume_trend_topk,strategy,-,340,false,passed,passed,passed,passed,passed,passed,full
audit,4107,S_volume_trend_topk,volume_trend_topk,strategy,-,403,false,passed,passed,passed,passed,passed,passed,full
audit,4107,S_volume_trend_topk,volume_trend_topk,strategy,-,408,false,passed,passed,passed,passed,passed,passed,full
audit,4107,S_volume_trend_topk,volume_trend_topk,strategy,-,467,false,passed,passed,passed,passed,passed,passed,full
audit,4108,S_volume_trend_topk,volume_trend_topk,strategy,-,59,false,passed,passed,passed,passed,passed,passed,full
audit,4108,S_volume_trend_topk,volume_trend_topk,strategy,-,95,false,passed,passed,passed,passed,passed,passed,full
audit,4108,S_volume_trend_topk,volume_trend_topk,strategy,-,116,false,passed,passed,passed,passed,passed,passed,full
audit,4108,S_volume_trend_topk,volume_trend_topk,strategy,-,282,false,passed,passed,passed,passed,passed,passed,full
audit,4108,S_volume_trend_topk,volume_trend_topk,strategy,-,307,false,passed,passed,passed,passed,passed,passed,full
audit,4108,S_volume_trend_topk,volume_trend_topk,strategy,-,367,false,passed,passed,passed,passed,passed,passed,full
audit,4108,S_volume_trend_topk,volume_trend_topk,strategy,-,391,false,passed,passed,passed,passed,passed,passed,full
audit,4108,S_volume_trend_topk,volume_trend_topk,strategy,-,400,false,passed,passed,passed,passed,passed,passed,full
audit,4108,S_volume_trend_topk,volume_trend_topk,strategy,-,424,false,passed,passed,passed,passed,passed,passed,full
audit,4108,S_volume_trend_topk,volume_trend_topk,strategy,-,441,false,passed,passed,passed,passed,passed,passed,full
audit,4109,S_volume_trend_topk,volume_trend_topk,strategy,-,54,false,passed,passed,passed,passed,passed,passed,full
audit,4109,S_volume_trend_topk,volume_trend_topk,strategy,-,61,false,passed,passed,passed,passed,passed,passed,full
audit,4109,S_volume_trend_topk,volume_trend_topk,strategy,-,84,false,passed,passed,passed,passed,passed,passed,full
audit,4109,S_volume_trend_topk,volume_trend_topk,strategy,-,112,false,passed,passed,passed,passed,passed,passed,full
audit,4109,S_volume_trend_topk,volume_trend_topk,strategy,-,113,false,passed,passed,passed,passed,passed,passed,full
audit,4109,S_volume_trend_topk,volume_trend_topk,strategy,-,240,false,passed,passed,passed,passed,passed,passed,full
audit,4109,S_volume_trend_topk,volume_trend_topk,strategy,-,254,false,passed,passed,passed,passed,passed,passed,full
audit,4109,S_volume_trend_topk,volume_trend_topk,strategy,-,347,false,passed,passed,passed,passed,passed,passed,full
audit,4109,S_volume_trend_topk,volume_trend_topk,strategy,-,429,false,passed,passed,passed,passed,passed,passed,full
audit,4109,S_volume_trend_topk,volume_trend_topk,strategy,-,446,false,passed,passed,passed,passed,passed,passed,full
