kind,seed,h,scheme,label,cv_score,heldout_score,bias,mode
null,6000,1,contiguous_kfold,purged,0.003189345294672521,-0.0004186842999957526,0.0036080295946682734,full
null,6000,1,purged_kfold,purged,0.0028185089495184118,-0.0004186842999957526,0.0032371932495141643,full
null,6000,1,shuffled_kfold,purged,-0.0024975366243790782,-0.0004186842999957526,-0.0020788523243833257,full
null,6000,1,walk_forward,purged,0.009090407753335703,-0.0004186842999957526,0.009509092053331456,full
null,6000,5,contiguous_kfold,UNPURGED,-0.0030454982883302843,0.013478665615576913,-0.016524163903907197,full
null,6000,5,purged_kfold,purged,-0.002899482090887869,0.013478665615576913,-0.01637814770646478,full
null,6000,5,shuffled_kfold,UNPURGED,0.2576958730213973,0.013478665615576913,0.24421720740582037,full
null,6000,5,walk_forward,purged,0.021786896563494734,0.013478665615576913,0.00830823094791782,full
null,6000,21,contiguous_kfold,UNPURGED,0.0029573150453605966,0.04913469152626166,-0.04617737648090106,full
null,6000,21,purged_kfold,purged,-0.0043604026628362045,0.04913469152626166,-0.05349509418909786,full
null,6000,21,shuffled_kfold,UNPURGED,0.42674028368770145,0.04913469152626166,0.3776055921614398,full
null,6000,21,walk_forward,purged,0.042450862016961,0.04913469152626166,-0.0066838295093006594,full
null,6001,1,contiguous_kfold,purged,0.002658877125121692,0.0014571052397313394,0.0012017718853903527,full
null,6001,1,purged_kfold,purged,0.002098614206862133,0.0014571052397313394,0.0006415089671307935,full
null,6001,1,shuffled_kfold,purged,0.003306803081055346,0.0014571052397313394,0.0018496978413240067,full
null,6001,1,walk_forward,purged,0.005780779705933132,0.0014571052397313394,0.004323674466201793,full
null,6001,5,contiguous_kfold,UNPURGED,0.012066434293317208,-0.011162696184011094,0.023229130477328302,full
null,6001,5,purged_kfold,purged,0.00931996452696309,-0.011162696184011094,0.020482660710974182,full
null,6001,5,shuffled_kfold,UNPURGED,0.25737320036191813,-0.011162696184011094,0.26853589654592924,full
null,6001,5,walk_forward,purged,0.004178683590522659,-0.011162696184011094,0.015341379774533754,full
null,6001,21,contiguous_kfold,UNPURGED,0.010431106472363888,-0.03650035383913812,0.046931460311502006,full
null,6001,21,purged_kfold,purged,0.0016091423645570987,-0.03650035383913812,0.03810949620369522,full
null,6001,21,shuffled_kfold,UNPURGED,0.4265976021355377,-0.03650035383913812,0.46309795597467585,full
null,6001,21,walk_forward,purged,0.004801607975855129,-0.03650035383913812,0.04130196181499325,full
null,6002,1,contiguous_kfold,purged,0.0016217896838175618,0.004923817750904328,-0.003302028067086766,full
null,6002,1,purged_kfold,purged,0.001638512114970271,0.004923817750904328,-0.003285305635934057,full
null,6002,1,shuffled_kfold,purged,0.0034361580271589616,0.004923817750904328,-0.0014876597237453663,full
null,6002,1,walk_forward,purged,-0.00014850745470483098,0.004923817750904328,-0.005072325205609159,full
null,6002,5,contiguous_kfold,UNPURGED,0.0053500205793764214,-0.0011308276710594238,0.006480848250435845,full
null,6002,5,purged_kfold,purged,0.003167635866413547,-0.0011308276710594238,0.004298463537472971,full
null,6002,5,shuffled_kfold,UNPURGED,0.2594648025496874,-0.0011308276710594238,0.26059563022074683,full
null,6002,5,walk_forward,purged,0.001463906233105624,-0.0011308276710594238,0.0025947339041650476,full
null,6002,21,contiguous_kfold,UNPURGED,0.0002211726300250656,0.004882597795688004,-0.0046614251656629385,full
null,6002,21,purged_kfold,purged,-0.00342581504167486,0.004882597795688004,-0.008308412837362864,full
null,6002,21,shuffled_kfold,UNPURGED,0.433665354181709,0.004882597795688004,0.428782756386021,full
null,6002,21,walk_forward,purged,-0.010127161374219403,0.004882597795688004,-0.015009759169907407,full
null,6003,1,contiguous_kfold,purged,0.0017317944258325576,0.007033271400247871,-0.0053014769744153135,full
null,6003,1,purged_kfold,purged,0.001835497582741793,0.007033271400247871,-0.005197773817506078,full
null,6003,1,shuffled_kfold,purged,0.0006276112516003452,0.007033271400247871,-0.006405660148647526,full
null,6003,1,walk_forward,purged,0.005426813376945477,0.007033271400247871,-0.0016064580233023937,full
null,6003,5,contiguous_kfold,UNPURGED,-0.002392370640831643,0.040751933582586275,-0.04314430422341792,full
null,6003,5,purged_kfold,purged,-0.005485924029992218,0.040751933582586275,-0.046237857612578495,full
null,6003,5,shuffled_kfold,UNPURGED,0.26284661110781876,0.040751933582586275,0.2220946775252325,full
null,6003,5,walk_forward,purged,0.02130813027639925,0.040751933582586275,-0.019443803306187026,full
null,6003,21,contiguous_kfold,UNPURGED,0.011335797500147399,0.07190077242340746,-0.060564974923260066,full
null,6003,21,purged_kfold,purged,0.005968869760890705,0.07190077242340746,-0.06593190266251676,full
null,6003,21,shuffled_kfold,UNPURGED,0.4563456439287926,0.07190077242340746,0.38444487150538514,full
null,6003,21,walk_forward,purged,0.04429387615815216,0.07190077242340746,-0.027606896265255303,full
null,6004,1,contiguous_kfold,purged,0.0012402950595809677,0.0044711761062721745,-0.003230881046691207,full
null,6004,1,purged_kfold,purged,0.0006647550183468604,0.0044711761062721745,-0.003806421087925314,full
null,6004,1,shuffled_kfold,purged,-0.0009120044018279779,0.0044711761062721745,-0.005383180508100153,full
null,6004,1,walk_forward,purged,0.01060879099783284,0.0044711761062721745,0.006137614891560666,full
null,6004,5,contiguous_kfold,UNPURGED,0.004556444675746509,0.004784961787550027,-0.00022851711180351796,full
null,6004,5,purged_kfold,purged,0.002181416312128264,0.004784961787550027,-0.002603545475421763,full
null,6004,5,shuffled_kfold,UNPURGED,0.25787383869119057,0.004784961787550027,0.25308887690364057,full
null,6004,5,walk_forward,purged,0.014198907966562263,0.004784961787550027,0.009413946179012235,full
null,6004,21,contiguous_kfold,UNPURGED,-0.010884137364217008,0.013395955693139377,-0.024280093057356386,full
null,6004,21,purged_kfold,purged,-0.01713602389815098,0.013395955693139377,-0.030531979591290358,full
null,6004,21,shuffled_kfold,UNPURGED,0.4289247537261955,0.013395955693139377,0.4155287980330561,full
null,6004,21,walk_forward,purged,0.00026090991418191813,0.013395955693139377,-0.013135045778957459,full
null,6005,1,contiguous_kfold,purged,0.011218684462396232,-0.004203031746289713,0.015421716208685946,full
null,6005,1,purged_kfold,purged,0.011289849294769437,-0.004203031746289713,0.01549288104105915,full
null,6005,1,shuffled_kfold,purged,0.005753449342043643,-0.004203031746289713,0.009956481088333356,full
null,6005,1,walk_forward,purged,0.01019357385671929,-0.004203031746289713,0.014396605603009004,full
null,6005,5,contiguous_kfold,UNPURGED,0.01173804521441172,-0.002224231699902719,0.01396227691431444,full
null,6005,5,purged_kfold,purged,0.010236997995058247,-0.002224231699902719,0.012461229694960966,full
null,6005,5,shuffled_kfold,UNPURGED,0.2620784136943068,-0.002224231699902719,0.2643026453942095,full
null,6005,5,walk_forward,purged,0.009953913405584325,-0.002224231699902719,0.012178145105487044,full
null,6005,21,contiguous_kfold,UNPURGED,0.025495521719584528,0.025304449274467816,0.00019107244511671131,full
null,6005,21,purged_kfold,purged,0.012621524990528902,0.025304449274467816,-0.012682924283938914,full
null,6005,21,shuffled_kfold,UNPURGED,0.45511865397218454,0.025304449274467816,0.4298142046977167,full
null,6005,21,walk_forward,purged,0.008483777402637794,0.025304449274467816,-0.01682067187183002,full
null,6006,1,contiguous_kfold,purged,-0.0001816085874743049,0.003225881170959182,-0.003407489758433487,full
null,6006,1,purged_kfold,purged,-0.00042675539926688975,0.003225881170959182,-0.003652636570226072,full
null,6006,1,shuffled_kfold,purged,-0.007874216738421026,0.003225881170959182,-0.011100097909380208,full
null,6006,1,walk_forward,purged,0.001839007107574838,0.003225881170959182,-0.001386874063384344,full
null,6006,5,contiguous_kfold,UNPURGED,-0.0066643170193630245,0.005996617314890823,-0.012660934334253847,full
null,6006,5,purged_kfold,purged,-0.00798172782529514,0.005996617314890823,-0.013978345140185963,full
null,6006,5,shuffled_kfold,UNPURGED,0.2487581988918071,0.005996617314890823,0.24276158157691627,full
null,6006,5,walk_forward,purged,-0.00420145548250777,0.005996617314890823,-0.010198072797398592,full
null,6006,21,contiguous_kfold,UNPURGED,-0.03210340977025885,-0.029945098490088317,-0.002158311280170532,full
null,6006,21,purged_kfold,purged,-0.03368862052537625,-0.029945098490088317,-0.003743522035287935,full
null,6006,21,shuffled_kfold,UNPURGED,0.4184344462569949,-0.029945098490088317,0.4483795447470832,full
null,6006,21,walk_forward,purged,-0.024600356234503046,-0.029945098490088317,0.005344742255585271,full
null,6007,1,contiguous_kfold,purged,-0.007212752159868604,-0.002869455569298801,-0.004343296590569803,full
null,6007,1,purged_kfold,purged,-0.007353733228137048,-0.002869455569298801,-0.004484277658838246,full
null,6007,1,shuffled_kfold,purged,-0.005794511282089286,-0.002869455569298801,-0.0029250557127904852,full
null,6007,1,walk_forward,purged,-0.0052597429669499676,-0.002869455569298801,-0.0023902873976511664,full
null,6007,5,contiguous_kfold,UNPURGED,-0.012773798693302831,-0.013175832523659232,0.00040203383035640125,full
null,6007,5,purged_kfold,purged,-0.015345945706139673,-0.013175832523659232,-0.00217011318248044,full
null,6007,5,shuffled_kfold,UNPURGED,0.2556491273776633,-0.013175832523659232,0.26882495990132255,full
null,6007,5,walk_forward,purged,-0.01028316345066448,-0.013175832523659232,0.002892669072994753,full
null,6007,21,contiguous_kfold,UNPURGED,-0.028522829181806767,-0.012203027226712583,-0.016319801955094186,full
null,6007,21,purged_kfold,purged,-0.040455124480598535,-0.012203027226712583,-0.02825209725388595,full
null,6007,21,shuffled_kfold,UNPURGED,0.41315865903615906,-0.012203027226712583,0.42536168626287163,full
null,6007,21,walk_forward,purged,-0.03466071966021314,-0.012203027226712583,-0.022457692433500556,full
null,6008,1,contiguous_kfold,purged,0.0018141666879654048,-0.015063226202649613,0.016877392890615017,full
null,6008,1,purged_kfold,purged,0.0013416150500363108,-0.015063226202649613,0.016404841252685924,full
null,6008,1,shuffled_kfold,purged,0.0013341441682100676,-0.015063226202649613,0.01639737037085968,full
null,6008,1,walk_forward,purged,0.0013518826381337839,-0.015063226202649613,0.016415108840783395,full
null,6008,5,contiguous_kfold,UNPURGED,0.011744897710859136,-0.013920778550333518,0.025665676261192656,full
null,6008,5,purged_kfold,purged,0.01029928176647441,-0.013920778550333518,0.02422006031680793,full
null,6008,5,shuffled_kfold,UNPURGED,0.2636698350284907,-0.013920778550333518,0.2775906135788242,full
null,6008,5,walk_forward,purged,0.006596338315098912,-0.013920778550333518,0.02051711686543243,full
null,6008,21,contiguous_kfold,UNPURGED,0.024929613547242817,0.0074213706529727376,0.01750824289427008,full
null,6008,21,purged_kfold,purged,0.016013975781062933,0.0074213706529727376,0.008592605128090194,full
null,6008,21,shuffled_kfold,UNPURGED,0.46560768535352737,0.0074213706529727376,0.45818631470055465,full
null,6008,21,walk_forward,purged,0.006503907661093747,0.0074213706529727376,-0.0009174629918789904,full
null,6009,1,contiguous_kfold,purged,0.0006064393134491212,0.00590139784647585,-0.005294958533026729,full
null,6009,1,purged_kfold,purged,0.00015474874463772243,0.00590139784647585,-0.005746649101838128,full
null,6009,1,shuffled_kfold,purged,0.0016086871268441187,0.00590139784647585,-0.004292710719631732,full
null,6009,1,walk_forward,purged,0.0024250436611602225,0.00590139784647585,-0.003476354185315628,full
null,6009,5,contiguous_kfold,UNPURGED,0.009497895823502363,-0.005717380543204244,0.015215276366706606,full
null,6009,5,purged_kfold,purged,0.009087896764575597,-0.005717380543204244,0.014805277307779842,full
null,6009,5,shuffled_kfold,UNPURGED,0.2564453060212257,-0.005717380543204244,0.26216268656443,full
null,6009,5,walk_forward,purged,0.003736201033676692,-0.005717380543204244,0.009453581576880936,full
null,6009,21,contiguous_kfold,UNPURGED,-0.003013745483706478,-0.03804820586471471,0.035034460381008235,full
null,6009,21,purged_kfold,purged,-0.008268806500850073,-0.03804820586471471,0.029779399363864638,full
null,6009,21,shuffled_kfold,UNPURGED,0.44372711062197584,-0.03804820586471471,0.48177531648669053,full
null,6009,21,walk_forward,purged,-0.014121041908796818,-0.03804820586471471,0.023927163955917895,full
null,6010,1,contiguous_kfold,purged,-3.259453132440773e-05,0.008901280131850438,-0.008933874663174846,full
null,6010,1,purged_kfold,purged,-0.00011461229828843758,0.008901280131850438,-0.009015892430138875,full
null,6010,1,shuffled_kfold,purged,-0.008274932579640628,0.008901280131850438,-0.017176212711491064,full
null,6010,1,walk_forward,purged,0.0032677972880325225,0.008901280131850438,-0.005633482843817915,full
null,6010,5,contiguous_kfold,UNPURGED,-0.01306354785011475,-0.004259176989342669,-0.008804370860772081,full
null,6010,5,purged_kfold,purged,-0.01410031364695169,-0.004259176989342669,-0.00984113665760902,full
null,6010,5,shuffled_kfold,UNPURGED,0.24937191112181095,-0.004259176989342669,0.25363108811115365,full
null,6010,5,walk_forward,purged,-0.0012626621818435904,-0.004259176989342669,0.002996514807499079,full
null,6010,21,contiguous_kfold,UNPURGED,0.007823996310440225,-0.0029927359074496955,0.01081673221788992,full
null,6010,21,purged_kfold,purged,-0.006703006934083767,-0.0029927359074496955,-0.0037102710266340715,full
null,6010,21,shuffled_kfold,UNPURGED,0.4263881077403388,-0.0029927359074496955,0.4293808436477885,full
null,6010,21,walk_forward,purged,0.0052938663835718856,-0.0029927359074496955,0.00828660229102158,full
null,6011,1,contiguous_kfold,purged,0.012972779219532838,-0.0054664653805737064,0.018439244600106545,full
null,6011,1,purged_kfold,purged,0.013205017686904899,-0.0054664653805737064,0.018671483067478605,full
null,6011,1,shuffled_kfold,purged,0.008459172406101893,-0.0054664653805737064,0.013925637786675599,full
null,6011,1,walk_forward,purged,0.007545787100577826,-0.0054664653805737064,0.013012252481151534,full
null,6011,5,contiguous_kfold,UNPURGED,0.022662542545212314,0.009346414030097063,0.01331612851511525,full
null,6011,5,purged_kfold,purged,0.02124098865917872,0.009346414030097063,0.011894574629081658,full
null,6011,5,shuffled_kfold,UNPURGED,0.2646580281747537,0.009346414030097063,0.25531161414465664,full
null,6011,5,walk_forward,purged,0.010468286646917301,0.009346414030097063,0.0011218726168202384,full
null,6011,21,contiguous_kfold,UNPURGED,0.026087601556234272,-0.01734511261978298,0.043432714176017254,full
null,6011,21,purged_kfold,purged,0.010005871328953687,-0.01734511261978298,0.027350983948736668,full
null,6011,21,shuffled_kfold,UNPURGED,0.44714824463794456,-0.01734511261978298,0.46449335725772756,full
null,6011,21,walk_forward,purged,-0.0003877693398134772,-0.01734511261978298,0.016957343279969506,full
null,6012,1,contiguous_kfold,purged,0.0011695093138568162,-0.0012433511209095336,0.00241286043476635,full
null,6012,1,purged_kfold,purged,0.00131895438292381,-0.0012433511209095336,0.002562305503833344,full
null,6012,1,shuffled_kfold,purged,-0.0041262165767030085,-0.0012433511209095336,-0.002882865455793475,full
null,6012,1,walk_forward,purged,0.00408615362395103,-0.0012433511209095336,0.0053295047448605635,full
null,6012,5,contiguous_kfold,UNPURGED,0.005942318527218757,-0.01956847339959391,0.025510791926812666,full
null,6012,5,purged_kfold,purged,0.0059985540598461815,-0.01956847339959391,0.02556702745944009,full
null,6012,5,shuffled_kfold,UNPURGED,0.2452764078375361,-0.01956847339959391,0.26484488123713,full
null,6012,5,walk_forward,purged,0.008773264856491507,-0.01956847339959391,0.028341738256085415,full
null,6012,21,contiguous_kfold,UNPURGED,0.01456302961198432,-0.058668508347913886,0.0732315379598982,full
null,6012,21,purged_kfold,purged,0.008827431844019124,-0.058668508347913886,0.06749594019193302,full
null,6012,21,shuffled_kfold,UNPURGED,0.4232501092787872,-0.058668508347913886,0.4819186176267011,full
null,6012,21,walk_forward,purged,0.01737358254726675,-0.058668508347913886,0.07604209089518063,full
null,6013,1,contiguous_kfold,purged,0.010786252343378572,0.00027094130684721964,0.010515311036531352,full
null,6013,1,purged_kfold,purged,0.01058788657446705,0.00027094130684721964,0.01031694526761983,full
null,6013,1,shuffled_kfold,purged,0.006189422381911287,0.00027094130684721964,0.0059184810750640676,full
null,6013,1,walk_forward,purged,0.0015609408033732586,0.00027094130684721964,0.001289999496526039,full
null,6013,5,contiguous_kfold,UNPURGED,0.013614734552756932,-0.03266533351481901,0.046280068067575945,full
null,6013,5,purged_kfold,purged,0.012151902427591565,-0.03266533351481901,0.04481723594241058,full
null,6013,5,shuffled_kfold,UNPURGED,0.26001849804006527,-0.03266533351481901,0.2926838315548843,full
null,6013,5,walk_forward,purged,0.01259112449420341,-0.03266533351481901,0.04525645800902242,full
null,6013,21,contiguous_kfold,UNPURGED,0.010177444684777638,-0.07490789467392209,0.08508533935869972,full
null,6013,21,purged_kfold,purged,0.003855221307138368,-0.07490789467392209,0.07876311598106045,full
null,6013,21,shuffled_kfold,UNPURGED,0.45119467903237365,-0.07490789467392209,0.5261025737062958,full
null,6013,21,walk_forward,purged,0.0014840118187436871,-0.07490789467392209,0.07639190649266578,full
null,6014,1,contiguous_kfold,purged,0.006724753475711132,-0.009169107164621767,0.0158938606403329,full
null,6014,1,purged_kfold,purged,0.006533406194603584,-0.009169107164621767,0.015702513359225352,full
null,6014,1,shuffled_kfold,purged,-0.005055025381872564,-0.009169107164621767,0.004114081782749203,full
null,6014,1,walk_forward,purged,-0.004238325930289678,-0.009169107164621767,0.004930781234332089,full
null,6014,5,contiguous_kfold,UNPURGED,0.01121584202024496,-0.004503218870661756,0.015719060890906716,full
null,6014,5,purged_kfold,purged,0.009847349639646043,-0.004503218870661756,0.014350568510307799,full
null,6014,5,shuffled_kfold,UNPURGED,0.2599416722406847,-0.004503218870661756,0.26444489111134645,full
null,6014,5,walk_forward,purged,-0.0026854178304723877,-0.004503218870661756,0.0018178010401893683,full
null,6014,21,contiguous_kfold,UNPURGED,-0.007898381360607306,0.005428552451500082,-0.013326933812107387,full
null,6014,21,purged_kfold,purged,-0.018556189332670357,0.005428552451500082,-0.02398474178417044,full
null,6014,21,shuffled_kfold,UNPURGED,0.4280995520517148,0.005428552451500082,0.4226709996002147,full
null,6014,21,walk_forward,purged,-0.017278629430327243,0.005428552451500082,-0.022707181881827326,full
null,6015,1,contiguous_kfold,purged,0.0028889892836091204,-0.011526023784008854,0.014415013067617975,full
null,6015,1,purged_kfold,purged,0.0027966455511308037,-0.011526023784008854,0.014322669335139659,full
null,6015,1,shuffled_kfold,purged,0.00514094942353844,-0.011526023784008854,0.016666973207547293,full
null,6015,1,walk_forward,purged,0.0023126803074336095,-0.011526023784008854,0.013838704091442463,full
null,6015,5,contiguous_kfold,UNPURGED,0.001566519573647104,-0.01447073335635964,0.016037252930006744,full
null,6015,5,purged_kfold,purged,-0.001963024410900309,-0.01447073335635964,0.01250770894545933,full
null,6015,5,shuffled_kfold,UNPURGED,0.25005194065887126,-0.01447073335635964,0.2645226740152309,full
null,6015,5,walk_forward,purged,-0.010801393837598572,-0.01447073335635964,0.0036693395187610677,full
null,6015,21,contiguous_kfold,UNPURGED,0.01975685183219562,-0.026597600477739784,0.0463544523099354,full
null,6015,21,purged_kfold,purged,0.011990712462808457,-0.026597600477739784,0.03858831294054824,full
null,6015,21,shuffled_kfold,UNPURGED,0.43974961799516205,-0.026597600477739784,0.46634721847290184,full
null,6015,21,walk_forward,purged,-0.01325872468517635,-0.026597600477739784,0.013338875792563435,full
null,6016,1,contiguous_kfold,purged,0.000623605810430344,0.014187230180541527,-0.013563624370111183,full
null,6016,1,purged_kfold,purged,0.0008542624593548621,0.014187230180541527,-0.013332967721186664,full
null,6016,1,shuffled_kfold,purged,-0.0014435361654572872,0.014187230180541527,-0.015630766345998814,full
null,6016,1,walk_forward,purged,0.0054231029564007285,0.014187230180541527,-0.008764127224140798,full
null,6016,5,contiguous_kfold,UNPURGED,0.007591698991496951,0.013436954247285898,-0.005845255255788946,full
null,6016,5,purged_kfold,purged,0.007206246920788799,0.013436954247285898,-0.006230707326497099,full
null,6016,5,shuffled_kfold,UNPURGED,0.2548103788252167,0.013436954247285898,0.2413734245779308,full
null,6016,5,walk_forward,purged,0.008472550789024128,0.013436954247285898,-0.00496440345826177,full
null,6016,21,contiguous_kfold,UNPURGED,0.005238564370973199,-0.006785658165195547,0.012024222536168746,full
null,6016,21,purged_kfold,purged,-0.00014916783432096222,-0.006785658165195547,0.006636490330874585,full
null,6016,21,shuffled_kfold,UNPURGED,0.43396679535914023,-0.006785658165195547,0.4407524535243358,full
null,6016,21,walk_forward,purged,0.017217709636544128,-0.006785658165195547,0.024003367801739676,full
null,6017,1,contiguous_kfold,purged,-0.0007292197608795692,0.0003556503206373406,-0.00108487008151691,full
null,6017,1,purged_kfold,purged,-0.0003246306523261973,0.0003556503206373406,-0.000680280972963538,full
null,6017,1,shuffled_kfold,purged,-0.0045306653196507335,0.0003556503206373406,-0.004886315640288074,full
null,6017,1,walk_forward,purged,-0.010495270691647515,0.0003556503206373406,-0.010850921012284855,full
null,6017,5,contiguous_kfold,UNPURGED,-0.016805992641743168,-0.006143605615631957,-0.010662387026111211,full
null,6017,5,purged_kfold,purged,-0.018568841258575823,-0.006143605615631957,-0.012425235642943866,full
null,6017,5,shuffled_kfold,UNPURGED,0.24682633364889864,-0.006143605615631957,0.2529699392645306,full
null,6017,5,walk_forward,purged,-0.02183333146908444,-0.006143605615631957,-0.015689725853452484,full
null,6017,21,contiguous_kfold,UNPURGED,-0.020368369219186916,-0.03197636436492539,0.011607995145738473,full
null,6017,21,purged_kfold,purged,-0.020629481356873466,-0.03197636436492539,0.011346883008051922,full
null,6017,21,shuffled_kfold,UNPURGED,0.43383548767237845,-0.03197636436492539,0.46581185203730385,full
null,6017,21,walk_forward,purged,-0.039314150708874326,-0.03197636436492539,-0.007337786343948938,full
null,6018,1,contiguous_kfold,purged,-0.004638937168108487,0.005180526209907493,-0.00981946337801598,full
null,6018,1,purged_kfold,purged,-0.003974502424733033,0.005180526209907493,-0.009155028634640527,full
null,6018,1,shuffled_kfold,purged,-0.006910520185124608,0.005180526209907493,-0.012091046395032102,full
null,6018,1,walk_forward,purged,-0.002631436128323244,0.005180526209907493,-0.007811962338230737,full
null,6018,5,contiguous_kfold,UNPURGED,-0.01797702040257282,-0.014894170388335027,-0.0030828500142377913,full
null,6018,5,purged_kfold,purged,-0.01943824604258913,-0.014894170388335027,-0.004544075654254102,full
null,6018,5,shuffled_kfold,UNPURGED,0.2515290959166723,-0.014894170388335027,0.2664232663050073,full
null,6018,5,walk_forward,purged,-0.020205796146978018,-0.014894170388335027,-0.005311625758642991,full
null,6018,21,contiguous_kfold,UNPURGED,-0.02343923817442563,0.015654968224812736,-0.03909420639923837,full
null,6018,21,purged_kfold,purged,-0.027539527359849214,0.015654968224812736,-0.04319449558466195,full
null,6018,21,shuffled_kfold,UNPURGED,0.4389475101803216,0.015654968224812736,0.42329254195550886,full
null,6018,21,walk_forward,purged,-0.021087312016533907,0.015654968224812736,-0.03674228024134664,full
null,6019,1,contiguous_kfold,purged,-0.0017826439990103326,0.0018661269675109018,-0.0036487709665212345,full
null,6019,1,purged_kfold,purged,-0.001998618299537051,0.0018661269675109018,-0.003864745267047953,full
null,6019,1,shuffled_kfold,purged,-0.004796482153942849,0.0018661269675109018,-0.0066626091214537515,full
null,6019,1,walk_forward,purged,-0.0016155109199428972,0.0018661269675109018,-0.003481637887453799,full
null,6019,5,contiguous_kfold,UNPURGED,-0.008047836886341983,-0.00043406557306758923,-0.007613771313274394,full
null,6019,5,purged_kfold,purged,-0.010946592700188414,-0.00043406557306758923,-0.010512527127120825,full
null,6019,5,shuffled_kfold,UNPURGED,0.2529103994883871,-0.00043406557306758923,0.2533444650614547,full
null,6019,5,walk_forward,purged,-0.010704036811106599,-0.00043406557306758923,-0.01026997123803901,full
null,6019,21,contiguous_kfold,UNPURGED,0.0029944424271801232,0.038907851864595853,-0.03591340943741573,full
null,6019,21,purged_kfold,purged,-0.002615931139854875,0.038907851864595853,-0.041523783004450726,full
null,6019,21,shuffled_kfold,UNPURGED,0.44185002891444086,0.038907851864595853,0.40294217704984503,full
null,6019,21,walk_forward,purged,-0.00565272425432862,0.038907851864595853,-0.04456057611892447,full
null,6020,1,contiguous_kfold,purged,0.0022224859534749042,0.009322450936334634,-0.00709996498285973,full
null,6020,1,purged_kfold,purged,0.0018730582250818949,0.009322450936334634,-0.00744939271125274,full
null,6020,1,shuffled_kfold,purged,0.0008664102324879632,0.009322450936334634,-0.008456040703846672,full
null,6020,1,walk_forward,purged,-0.000486537426766558,0.009322450936334634,-0.009808988363101193,full
null,6020,5,contiguous_kfold,UNPURGED,-0.006382286807158568,-0.01050748035581732,0.004125193548658751,full
null,6020,5,purged_kfold,purged,-0.007440135934482127,-0.01050748035581732,0.003067344421335193,full
null,6020,5,shuffled_kfold,UNPURGED,0.25170096626991745,-0.01050748035581732,0.2622084466257348,full
null,6020,5,walk_forward,purged,0.0035994230892959335,-0.01050748035581732,0.014106903445113252,full
null,6020,21,contiguous_kfold,UNPURGED,-0.010932812919710164,-0.008386010423574473,-0.0025468024961356906,full
null,6020,21,purged_kfold,purged,-0.020174860062146163,-0.008386010423574473,-0.011788849638571689,full
null,6020,21,shuffled_kfold,UNPURGED,0.44413336529397646,-0.008386010423574473,0.4525193757175509,full
null,6020,21,walk_forward,purged,0.006051304643152426,-0.008386010423574473,0.0144373150667269,full
null,6021,1,contiguous_kfold,purged,0.004726769963119488,-0.014945308489003446,0.019672078452122935,full
null,6021,1,purged_kfold,purged,0.004836318850803934,-0.014945308489003446,0.01978162733980738,full
null,6021,1,shuffled_kfold,purged,0.0013494441951400664,-0.014945308489003446,0.016294752684143512,full
null,6021,1,walk_forward,purged,0.0010058993266296925,-0.014945308489003446,0.01595120781563314,full
null,6021,5,contiguous_kfold,UNPURGED,0.001408675120371828,-0.05617031455168785,0.057578989672059676,full
null,6021,5,purged_kfold,purged,3.798042741222269e-05,-0.05617031455168785,0.05620829497910007,full
null,6021,5,shuffled_kfold,UNPURGED,0.25120684567758605,-0.05617031455168785,0.3073771602292739,full
null,6021,5,walk_forward,purged,0.009390809773244033,-0.05617031455168785,0.06556112432493189,full
null,6021,21,contiguous_kfold,UNPURGED,0.009099748094996302,-0.06902608627695377,0.07812583437195007,full
null,6021,21,purged_kfold,purged,0.003419597754474523,-0.06902608627695377,0.07244568403142829,full
null,6021,21,shuffled_kfold,UNPURGED,0.4394452587595735,-0.06902608627695377,0.5084713450365272,full
null,6021,21,walk_forward,purged,0.008275811253783313,-0.06902608627695377,0.07730189753073707,full
null,6022,1,contiguous_kfold,purged,-0.006917863346674359,-0.014813213486821592,0.007895350140147233,full
null,6022,1,purged_kfold,purged,-0.0069324632468880315,-0.014813213486821592,0.007880750239933561,full
null,6022,1,shuffled_kfold,purged,-0.007761834581762815,-0.014813213486821592,0.0070513789050587776,full
null,6022,1,walk_forward,purged,6.575451935663536e-05,-0.014813213486821592,0.014878968006178227,full
null,6022,5,contiguous_kfold,UNPURGED,-0.01248291413264735,-0.015430319842725273,0.0029474057100779237,full
null,6022,5,purged_kfold,purged,-0.012757170977914125,-0.015430319842725273,0.0026731488648111482,full
null,6022,5,shuffled_kfold,UNPURGED,0.24445631749726252,-0.015430319842725273,0.2598866373399878,full
null,6022,5,walk_forward,purged,-0.0050213852747811715,-0.015430319842725273,0.010408934567944101,full
null,6022,21,contiguous_kfold,UNPURGED,-0.014323714716113793,-0.021498360380567322,0.007174645664453529,full
null,6022,21,purged_kfold,purged,-0.023286278299350177,-0.021498360380567322,-0.0017879179187828553,full
null,6022,21,shuffled_kfold,UNPURGED,0.43536153420150364,-0.021498360380567322,0.456859894582071,full
null,6022,21,walk_forward,purged,-0.01060932349826957,-0.021498360380567322,0.010889036882297752,full
null,6023,1,contiguous_kfold,purged,-0.00010538765462055644,0.006366231643713816,-0.0064716192983343725,full
null,6023,1,purged_kfold,purged,0.00030380095285822934,0.006366231643713816,-0.006062430690855586,full
null,6023,1,shuffled_kfold,purged,2.32617420762309e-05,0.006366231643713816,-0.006342969901637584,full
null,6023,1,walk_forward,purged,0.0030579751807783225,0.006366231643713816,-0.003308256462935493,full
null,6023,5,contiguous_kfold,UNPURGED,-0.01854244104505059,0.02214596461000421,-0.0406884056550548,full
null,6023,5,purged_kfold,purged,-0.01973273570210677,0.02214596461000421,-0.04187870031211098,full
null,6023,5,shuffled_kfold,UNPURGED,0.24289769144191709,0.02214596461000421,0.22075172683191288,full
null,6023,5,walk_forward,purged,-0.010619441909348024,0.02214596461000421,-0.03276540651935224,full
null,6023,21,contiguous_kfold,UNPURGED,0.006403930076635038,0.04219215963889676,-0.03578822956226172,full
null,6023,21,purged_kfold,purged,-0.00742122416558702,0.04219215963889676,-0.04961338380448378,full
null,6023,21,shuffled_kfold,UNPURGED,0.43342261423211065,0.04219215963889676,0.39123045459321387,full
null,6023,21,walk_forward,purged,-0.007962526615197587,0.04219215963889676,-0.05015468625409435,full
null,6024,1,contiguous_kfold,purged,-0.003149675935426125,-0.00409571428408985,0.0009460383486637252,full
null,6024,1,purged_kfold,purged,-0.0042838082574808995,-0.00409571428408985,-0.00018809397339104948,full
null,6024,1,shuffled_kfold,purged,-0.006402798323868179,-0.00409571428408985,-0.002307084039778329,full
null,6024,1,walk_forward,purged,-0.0011684973514013743,-0.00409571428408985,0.0029272169326884758,full
null,6024,5,contiguous_kfold,UNPURGED,-0.00653581554259503,-0.028038214440489553,0.02150239889789452,full
null,6024,5,purged_kfold,purged,-0.011000779661468384,-0.028038214440489553,0.01703743477902117,full
null,6024,5,shuffled_kfold,UNPURGED,0.25031123278476286,-0.028038214440489553,0.2783494472252524,full
null,6024,5,walk_forward,purged,0.0006380962552541004,-0.028038214440489553,0.028676310695743654,full
null,6024,21,contiguous_kfold,UNPURGED,-0.020413248686039408,-0.02471442586078179,0.0043011771747423835,full
null,6024,21,purged_kfold,purged,-0.031023858092868943,-0.02471442586078179,-0.006309432232087152,full
null,6024,21,shuffled_kfold,UNPURGED,0.4341781696437236,-0.02471442586078179,0.45889259550450534,full
null,6024,21,walk_forward,purged,-1.8335240692064014e-05,-0.02471442586078179,0.024696090620089726,full
null,6025,1,contiguous_kfold,purged,0.007807051210108697,0.003430653595217231,0.004376397614891466,full
null,6025,1,purged_kfold,purged,0.008367093464091365,0.003430653595217231,0.004936439868874134,full
null,6025,1,shuffled_kfold,purged,0.012930046307146567,0.003430653595217231,0.009499392711929337,full
null,6025,1,walk_forward,purged,0.003912182287406955,0.003430653595217231,0.0004815286921897241,full
null,6025,5,contiguous_kfold,UNPURGED,-0.0024806549889187803,0.006252071819759711,-0.008732726808678492,full
null,6025,5,purged_kfold,purged,-0.004664318403620025,0.006252071819759711,-0.010916390223379736,full
null,6025,5,shuffled_kfold,UNPURGED,0.2684270431228086,0.006252071819759711,0.26217497130304884,full
null,6025,5,walk_forward,purged,0.0004335883022183528,0.006252071819759711,-0.005818483517541358,full
null,6025,21,contiguous_kfold,UNPURGED,0.01110293409709735,-0.026174163146873475,0.037277097243970825,full
null,6025,21,purged_kfold,purged,0.0012664142425681524,-0.026174163146873475,0.02744057738944163,full
null,6025,21,shuffled_kfold,UNPURGED,0.45567927593530744,-0.026174163146873475,0.4818534390821809,full
null,6025,21,walk_forward,purged,0.010733506648490349,-0.026174163146873475,0.03690766979536382,full
null,6026,1,contiguous_kfold,purged,0.003004839053268359,0.009629223735212005,-0.006624384681943646,full
null,6026,1,purged_kfold,purged,0.0024353190514020827,0.009629223735212005,-0.007193904683809923,full
null,6026,1,shuffled_kfold,purged,0.007745098474813572,0.009629223735212005,-0.0018841252603984332,full
null,6026,1,walk_forward,purged,0.0011406764227599488,0.009629223735212005,-0.008488547312452056,full
null,6026,5,contiguous_kfold,UNPURGED,0.007100607967436362,0.025278770390079138,-0.018178162422642776,full
null,6026,5,purged_kfold,purged,0.005732233484696679,0.025278770390079138,-0.01954653690538246,full
null,6026,5,shuffled_kfold,UNPURGED,0.270153464634302,0.025278770390079138,0.24487469424422287,full
null,6026,5,walk_forward,purged,-0.003228833321976602,0.025278770390079138,-0.02850760371205574,full
null,6026,21,contiguous_kfold,UNPURGED,-0.006269382816945619,0.03172143146184098,-0.0379908142787866,full
null,6026,21,purged_kfold,purged,-0.020056788177611255,0.03172143146184098,-0.05177821963945224,full
null,6026,21,shuffled_kfold,UNPURGED,0.44529271432979317,0.03172143146184098,0.4135712828679522,full
null,6026,21,walk_forward,purged,-0.021630599066798557,0.03172143146184098,-0.053352030528639544,full
null,6027,1,contiguous_kfold,purged,-0.005145369074551505,0.00806932249532524,-0.013214691569876744,full
null,6027,1,purged_kfold,purged,-0.0042700040503724735,0.00806932249532524,-0.012339326545697714,full
null,6027,1,shuffled_kfold,purged,-0.00694527881615022,0.00806932249532524,-0.015014601311475459,full
null,6027,1,walk_forward,purged,-0.007481313927132474,0.00806932249532524,-0.015550636422457714,full
null,6027,5,contiguous_kfold,UNPURGED,-0.005124956468978404,0.0009952724603458723,-0.006120228929324276,full
null,6027,5,purged_kfold,purged,-0.006500923279847183,0.0009952724603458723,-0.007496195740193055,full
null,6027,5,shuffled_kfold,UNPURGED,0.25557604139314377,0.0009952724603458723,0.2545807689327979,full
null,6027,5,walk_forward,purged,-0.0035972684614240993,0.0009952724603458723,-0.004592540921769972,full
null,6027,21,contiguous_kfold,UNPURGED,-0.0019947166208601846,0.006439327728496462,-0.008434044349356646,full
null,6027,21,purged_kfold,purged,-0.016707993139061933,0.006439327728496462,-0.023147320867558396,full
null,6027,21,shuffled_kfold,UNPURGED,0.42816087135193026,0.006439327728496462,0.4217215436234338,full
null,6027,21,walk_forward,purged,-0.028085407740920932,0.006439327728496462,-0.034524735469417395,full
null,6028,1,contiguous_kfold,purged,-0.007496592122820977,0.002167009944594603,-0.00966360206741558,full
null,6028,1,purged_kfold,purged,-0.007585711044857908,0.002167009944594603,-0.009752720989452512,full
null,6028,1,shuffled_kfold,purged,-0.0036519316710091187,0.002167009944594603,-0.005818941615603722,full
null,6028,1,walk_forward,purged,-0.0048543966551780095,0.002167009944594603,-0.007021406599772613,full
null,6028,5,contiguous_kfold,UNPURGED,-0.018560755917328513,0.021985284642906187,-0.0405460405602347,full
null,6028,5,purged_kfold,purged,-0.01915476173747946,0.021985284642906187,-0.041140046380385646,full
null,6028,5,shuffled_kfold,UNPURGED,0.25691709557973325,0.021985284642906187,0.23493181093682705,full
null,6028,5,walk_forward,purged,-0.0242920160441889,0.021985284642906187,-0.04627730068709508,full
null,6028,21,contiguous_kfold,UNPURGED,-0.003215732717990265,0.03971914155426948,-0.04293487427225974,full
null,6028,21,purged_kfold,purged,-0.01845673273788846,0.03971914155426948,-0.05817587429215794,full
null,6028,21,shuffled_kfold,UNPURGED,0.4295891738543188,0.03971914155426948,0.3898700323000493,full
null,6028,21,walk_forward,purged,-0.024527724879539713,0.03971914155426948,-0.0642468664338092,full
null,6029,1,contiguous_kfold,purged,0.007723133271575106,-0.01551692269835673,0.02324005596993184,full
null,6029,1,purged_kfold,purged,0.007861399548083093,-0.01551692269835673,0.023378322246439823,full
null,6029,1,shuffled_kfold,purged,0.0005464380974516986,-0.01551692269835673,0.01606336079580843,full
null,6029,1,walk_forward,purged,0.003937910925578247,-0.01551692269835673,0.019454833623934978,full
null,6029,5,contiguous_kfold,UNPURGED,0.023597342638111043,-0.02693835103945819,0.05053569367756923,full
null,6029,5,purged_kfold,purged,0.022457013526549715,-0.02693835103945819,0.049395364566007904,full
null,6029,5,shuffled_kfold,UNPURGED,0.24963187240608853,-0.02693835103945819,0.2765702234455467,full
null,6029,5,walk_forward,purged,0.0070867759460548066,-0.02693835103945819,0.03402512698551299,full
null,6029,21,contiguous_kfold,UNPURGED,0.045972576853090016,-0.006195022319678509,0.052167599172768524,full
null,6029,21,purged_kfold,purged,0.04366836991887922,-0.006195022319678509,0.04986339223855773,full
null,6029,21,shuffled_kfold,UNPURGED,0.44242918884684396,-0.006195022319678509,0.44862421116652246,full
null,6029,21,walk_forward,purged,0.03181909083683742,-0.006195022319678509,0.03801411315651593,full
null,6030,1,contiguous_kfold,purged,-0.00443797062566343,-0.0037255057536111445,-0.0007124648720522857,full
null,6030,1,purged_kfold,purged,-0.0043419919178020695,-0.0037255057536111445,-0.000616486164190925,full
null,6030,1,shuffled_kfold,purged,-0.0056054045056156895,-0.0037255057536111445,-0.001879898752004545,full
null,6030,1,walk_forward,purged,-0.0007270265032460971,-0.0037255057536111445,0.0029984792503650473,full
null,6030,5,contiguous_kfold,UNPURGED,-0.01570105283710373,-5.2545459867353533e-05,-0.015648507377236377,full
null,6030,5,purged_kfold,purged,-0.01652209037912722,-5.2545459867353533e-05,-0.016469544919259865,full
null,6030,5,shuffled_kfold,UNPURGED,0.2522274546618726,-5.2545459867353533e-05,0.2522800001217399,full
null,6030,5,walk_forward,purged,-0.0022934566678260147,-5.2545459867353533e-05,-0.002240911207958661,full
null,6030,21,contiguous_kfold,UNPURGED,0.016736474636062777,0.013580790569201289,0.0031556840668614874,full
null,6030,21,purged_kfold,purged,0.01102410262388138,0.013580790569201289,-0.0025566879453199094,full
null,6030,21,shuffled_kfold,UNPURGED,0.45799648354137035,0.013580790569201289,0.44441569297216904,full
null,6030,21,walk_forward,purged,0.0004716522437029638,0.013580790569201289,-0.013109138325498326,full
null,6031,1,contiguous_kfold,purged,-0.0036188235470278065,-0.004237754122286855,0.0006189305752590485,full
null,6031,1,purged_kfold,purged,-0.0038677795382931687,-0.004237754122286855,0.0003699745839936862,full
null,6031,1,shuffled_kfold,purged,-0.004048614058451915,-0.004237754122286855,0.0001891400638349399,full
null,6031,1,walk_forward,purged,-0.0001585558607439176,-0.004237754122286855,0.0040791982615429375,full
null,6031,5,contiguous_kfold,UNPURGED,0.00618729128447559,-0.012298805812478967,0.018486097096954555,full
null,6031,5,purged_kfold,purged,0.004279700926025835,-0.012298805812478967,0.016578506738504802,full
null,6031,5,shuffled_kfold,UNPURGED,0.260886147077604,-0.012298805812478967,0.27318495289008293,full
null,6031,5,walk_forward,purged,0.00120009004342183,-0.012298805812478967,0.013498895855900797,full
null,6031,21,contiguous_kfold,UNPURGED,0.011807929397002353,-0.01259140874113233,0.024399338138134684,full
null,6031,21,purged_kfold,purged,0.005581752381468166,-0.01259140874113233,0.018173161122600496,full
null,6031,21,shuffled_kfold,UNPURGED,0.4459778821060106,-0.01259140874113233,0.45856929084714293,full
null,6031,21,walk_forward,purged,0.008345893276032896,-0.01259140874113233,0.020937302017165225,full
null,6032,1,contiguous_kfold,purged,-0.004639331291400625,0.0005101901266002959,-0.005149521418000921,full
null,6032,1,purged_kfold,purged,-0.005417362488639129,0.0005101901266002959,-0.005927552615239425,full
null,6032,1,shuffled_kfold,purged,-0.008117482239489472,0.0005101901266002959,-0.008627672366089767,full
null,6032,1,walk_forward,purged,-0.00029126618766527437,0.0005101901266002959,-0.0008014563142655703,full
null,6032,5,contiguous_kfold,UNPURGED,-0.00799322191299332,-0.013386869965513318,0.005393648052519998,full
null,6032,5,purged_kfold,purged,-0.010564191118704769,-0.013386869965513318,0.002822678846808549,full
null,6032,5,shuffled_kfold,UNPURGED,0.2520748435635317,-0.013386869965513318,0.265461713529045,full
null,6032,5,walk_forward,purged,-0.005895014163301381,-0.013386869965513318,0.007491855802211937,full
null,6032,21,contiguous_kfold,UNPURGED,-0.042468609333006786,-0.010441943240224402,-0.03202666609278239,full
null,6032,21,purged_kfold,purged,-0.04868130527649834,-0.010441943240224402,-0.03823936203627394,full
null,6032,21,shuffled_kfold,UNPURGED,0.4166251843144724,-0.010441943240224402,0.4270671275546968,full
null,6032,21,walk_forward,purged,-0.025493851064041926,-0.010441943240224402,-0.015051907823817524,full
null,6033,1,contiguous_kfold,purged,0.004933872909282269,0.015378412900977747,-0.010444539991695478,full
null,6033,1,purged_kfold,purged,0.0048275322290071134,0.015378412900977747,-0.010550880671970634,full
null,6033,1,shuffled_kfold,purged,0.002371716804607836,0.015378412900977747,-0.01300669609636991,full
null,6033,1,walk_forward,purged,0.0016963378640601169,0.015378412900977747,-0.01368207503691763,full
null,6033,5,contiguous_kfold,UNPURGED,0.0009155197567359193,0.015528621758029982,-0.014613102001294063,full
null,6033,5,purged_kfold,purged,-0.0007732852057170006,0.015528621758029982,-0.016301906963746983,full
null,6033,5,shuffled_kfold,UNPURGED,0.25529063735669044,0.015528621758029982,0.23976201559866045,full
null,6033,5,walk_forward,purged,-0.00965126881181328,0.015528621758029982,-0.025179890569843263,full
null,6033,21,contiguous_kfold,UNPURGED,-0.01475018762560752,-0.008042137438006322,-0.006708050187601199,full
null,6033,21,purged_kfold,purged,-0.02683035294677893,-0.008042137438006322,-0.01878821550877261,full
null,6033,21,shuffled_kfold,UNPURGED,0.44039168845216264,-0.008042137438006322,0.44843382589016895,full
null,6033,21,walk_forward,purged,-0.017991721448257458,-0.008042137438006322,-0.009949584010251136,full
null,6034,1,contiguous_kfold,purged,-0.009411519786614593,-0.0017759945401258591,-0.007635525246488734,full
null,6034,1,purged_kfold,purged,-0.00998694748546727,-0.0017759945401258591,-0.008210952945341412,full
null,6034,1,shuffled_kfold,purged,0.0008171605832445369,-0.0017759945401258591,0.002593155123370396,full
null,6034,1,walk_forward,purged,-0.0021597783918484727,-0.0017759945401258591,-0.0003837838517226136,full
null,6034,5,contiguous_kfold,UNPURGED,-0.007260296472798325,-0.0037718262777363264,-0.0034884701950619987,full
null,6034,5,purged_kfold,purged,-0.010000165484025726,-0.0037718262777363264,-0.0062283392062894,full
null,6034,5,shuffled_kfold,UNPURGED,0.25216936138333107,-0.0037718262777363264,0.2559411876610674,full
null,6034,5,walk_forward,purged,-0.01031691065244578,-0.0037718262777363264,-0.006545084374709454,full
null,6034,21,contiguous_kfold,UNPURGED,-0.023162917510832264,-0.054247375391039396,0.031084457880207132,full
null,6034,21,purged_kfold,purged,-0.03138543013215044,-0.054247375391039396,0.022861945258888954,full
null,6034,21,shuffled_kfold,UNPURGED,0.42563926128017515,-0.054247375391039396,0.47988663667121456,full
null,6034,21,walk_forward,purged,-0.029666887505547385,-0.054247375391039396,0.02458048788549201,full
null,6035,1,contiguous_kfold,purged,-0.0025803112819400686,-0.0004578746938246564,-0.0021224365881154124,full
null,6035,1,purged_kfold,purged,-0.002735826989693077,-0.0004578746938246564,-0.0022779522958684207,full
null,6035,1,shuffled_kfold,purged,0.0013416781159196953,-0.0004578746938246564,0.0017995528097443517,full
null,6035,1,walk_forward,purged,0.00023503848924365356,-0.0004578746938246564,0.0006929131830683099,full
null,6035,5,contiguous_kfold,UNPURGED,-5.1545552481754934e-05,0.01355925144938139,-0.013610797001863144,full
null,6035,5,purged_kfold,purged,-0.0027621144821486365,0.01355925144938139,-0.016321365931530024,full
null,6035,5,shuffled_kfold,UNPURGED,0.253245226106848,0.01355925144938139,0.23968597465746663,full
null,6035,5,walk_forward,purged,5.085142451017733e-05,0.01355925144938139,-0.013508400024871211,full
null,6035,21,contiguous_kfold,UNPURGED,0.030927963603505318,-0.004672142297178457,0.03560010590068378,full
null,6035,21,purged_kfold,purged,0.022925552435209978,-0.004672142297178457,0.027597694732388434,full
null,6035,21,shuffled_kfold,UNPURGED,0.4472978304584272,-0.004672142297178457,0.45196997275560563,full
null,6035,21,walk_forward,purged,0.02996980259473377,-0.004672142297178457,0.034641944891912226,full
null,6036,1,contiguous_kfold,purged,-0.007136064640251738,0.0007892527265274797,-0.007925317366779218,full
null,6036,1,purged_kfold,purged,-0.007067641608684569,0.0007892527265274797,-0.007856894335212049,full
null,6036,1,shuffled_kfold,purged,-0.0033576616395010186,0.0007892527265274797,-0.004146914366028498,full
null,6036,1,walk_forward,purged,-0.000894450081134584,0.0007892527265274797,-0.0016837028076620638,full
null,6036,5,contiguous_kfold,UNPURGED,-0.005765126165280525,0.006671252914045184,-0.01243637907932571,full
null,6036,5,purged_kfold,purged,-0.010047592240341284,0.006671252914045184,-0.01671884515438647,full
null,6036,5,shuffled_kfold,UNPURGED,0.25925859587779465,0.006671252914045184,0.25258734296374946,full
null,6036,5,walk_forward,purged,-0.005715951713746539,0.006671252914045184,-0.012387204627791724,full
null,6036,21,contiguous_kfold,UNPURGED,0.021591671243274022,0.03150897373254676,-0.00991730248927274,full
null,6036,21,purged_kfold,purged,0.009204623154748117,0.03150897373254676,-0.022304350577798643,full
null,6036,21,shuffled_kfold,UNPURGED,0.4408143216922497,0.03150897373254676,0.40930534795970297,full
null,6036,21,walk_forward,purged,0.008197707385281309,0.03150897373254676,-0.023311266347265453,full
null,6037,1,contiguous_kfold,purged,0.0034474679083951907,8.652071347874316e-05,0.0033609471949164475,full
null,6037,1,purged_kfold,purged,0.0038125960493359066,8.652071347874316e-05,0.0037260753358571634,full
null,6037,1,shuffled_kfold,purged,-0.0009595233034631722,8.652071347874316e-05,-0.0010460440169419154,full
null,6037,1,walk_forward,purged,-0.00535594439913142,8.652071347874316e-05,-0.005442465112610163,full
null,6037,5,contiguous_kfold,UNPURGED,0.009937405021300555,-0.028279082779994056,0.03821648780129461,full
null,6037,5,purged_kfold,purged,0.007758017521773044,-0.028279082779994056,0.0360371003017671,full
null,6037,5,shuffled_kfold,UNPURGED,0.2706902890795138,-0.028279082779994056,0.2989693718595079,full
null,6037,5,walk_forward,purged,-0.019234488210091355,-0.028279082779994056,0.009044594569902701,full
null,6037,21,contiguous_kfold,UNPURGED,0.0011417788169046867,-0.03004690308174662,0.031188681898651305,full
null,6037,21,purged_kfold,purged,-0.008490884566893137,-0.03004690308174662,0.021556018514853482,full
null,6037,21,shuffled_kfold,UNPURGED,0.4580629458263944,-0.03004690308174662,0.488109848908141,full
null,6037,21,walk_forward,purged,-0.05927913031938126,-0.03004690308174662,-0.029232227237634637,full
null,6038,1,contiguous_kfold,purged,-0.004226404057028131,-0.004082369702836688,-0.00014403435419144302,full
null,6038,1,purged_kfold,purged,-0.004227200010048927,-0.004082369702836688,-0.00014483030721223946,full
null,6038,1,shuffled_kfold,purged,-0.003335659701099424,-0.004082369702836688,0.0007467100017372638,full
null,6038,1,walk_forward,purged,-0.002863721972739513,-0.004082369702836688,0.0012186477300971748,full
null,6038,5,contiguous_kfold,UNPURGED,-0.00641979513831686,-0.0010683109274056428,-0.005351484210911217,full
null,6038,5,purged_kfold,purged,-0.00966836149502749,-0.0010683109274056428,-0.008600050567621847,full
null,6038,5,shuffled_kfold,UNPURGED,0.2540718379589922,-0.0010683109274056428,0.25514014888639786,full
null,6038,5,walk_forward,purged,-0.02221802899068611,-0.0010683109274056428,-0.02114971806328047,full
null,6038,21,contiguous_kfold,UNPURGED,-0.004818061359602862,0.06724019098084699,-0.07205825234044985,full
null,6038,21,purged_kfold,purged,-0.01804349971495669,0.06724019098084699,-0.08528369069580369,full
null,6038,21,shuffled_kfold,UNPURGED,0.4371351371760809,0.06724019098084699,0.3698949461952339,full
null,6038,21,walk_forward,purged,-0.03323650221537596,0.06724019098084699,-0.10047669319622296,full
null,6039,1,contiguous_kfold,purged,-0.002837559423019715,-0.012559891612813215,0.0097223321897935,full
null,6039,1,purged_kfold,purged,-0.002789164136293448,-0.012559891612813215,0.009770727476519768,full
null,6039,1,shuffled_kfold,purged,0.009033774792244936,-0.012559891612813215,0.02159366640505815,full
null,6039,1,walk_forward,purged,0.004790459258472585,-0.012559891612813215,0.0173503508712858,full
null,6039,5,contiguous_kfold,UNPURGED,0.0022967624968037383,-0.022123577144965968,0.024420339641769706,full
null,6039,5,purged_kfold,purged,0.0009033211780232483,-0.022123577144965968,0.023026898322989216,full
null,6039,5,shuffled_kfold,UNPURGED,0.2592989069285797,-0.022123577144965968,0.2814224840735457,full
null,6039,5,walk_forward,purged,0.004069762474162667,-0.022123577144965968,0.026193339619128633,full
null,6039,21,contiguous_kfold,UNPURGED,-0.003607464336729812,-0.04701186356932891,0.0434043992325991,full
null,6039,21,purged_kfold,purged,-0.014516799465213765,-0.04701186356932891,0.032495064104115144,full
null,6039,21,shuffled_kfold,UNPURGED,0.4358201582538498,-0.04701186356932891,0.4828320218231787,full
null,6039,21,walk_forward,purged,-1.5321741140062876e-05,-0.04701186356932891,0.04699654182818885,full
null,6040,1,contiguous_kfold,purged,-0.0010763508720997394,0.0036209738757348423,-0.004697324747834582,full
null,6040,1,purged_kfold,purged,-0.0008863908941259404,0.0036209738757348423,-0.004507364769860783,full
null,6040,1,shuffled_kfold,purged,0.0011917643118908902,0.0036209738757348423,-0.0024292095638439523,full
null,6040,1,walk_forward,purged,-0.00360475092086391,0.0036209738757348423,-0.0072257247965987524,full
null,6040,5,contiguous_kfold,UNPURGED,-0.003286056969017618,-0.013371357992189886,0.010085301023172268,full
null,6040,5,purged_kfold,purged,-0.005140325404315517,-0.013371357992189886,0.00823103258787437,full
null,6040,5,shuffled_kfold,UNPURGED,0.26111792757885466,-0.013371357992189886,0.2744892855710446,full
null,6040,5,walk_forward,purged,-0.0033731320621006606,-0.013371357992189886,0.009998225930089226,full
null,6040,21,contiguous_kfold,UNPURGED,-0.00177130185683274,-0.04461522317546382,0.04284392131863108,full
null,6040,21,purged_kfold,purged,-0.016745047575063534,-0.04461522317546382,0.027870175600400286,full
null,6040,21,shuffled_kfold,UNPURGED,0.45794433692015,-0.04461522317546382,0.5025595600956139,full
null,6040,21,walk_forward,purged,0.013358969726971256,-0.04461522317546382,0.05797419290243508,full
null,6041,1,contiguous_kfold,purged,0.0001635986479301927,0.003548105890415905,-0.003384507242485712,full
null,6041,1,purged_kfold,purged,0.00023231023143474827,0.003548105890415905,-0.0033157956589811564,full
null,6041,1,shuffled_kfold,purged,-0.0030196636763634957,0.003548105890415905,-0.0065677695667794005,full
null,6041,1,walk_forward,purged,-0.0016217851181598675,0.003548105890415905,-0.005169891008575772,full
null,6041,5,contiguous_kfold,UNPURGED,0.01018643978805672,-0.027146432752449864,0.03733287254050659,full
null,6041,5,purged_kfold,purged,0.008221500686955003,-0.027146432752449864,0.035367933439404864,full
null,6041,5,shuffled_kfold,UNPURGED,0.26065320112944174,-0.027146432752449864,0.2877996338818916,full
null,6041,5,walk_forward,purged,0.00825959485344213,-0.027146432752449864,0.035406027605891996,full
null,6041,21,contiguous_kfold,UNPURGED,0.01293983434442528,0.0006354160080465477,0.012304418336378733,full
null,6041,21,purged_kfold,purged,-0.0030302768468373426,0.0006354160080465477,-0.00366569285488389,full
null,6041,21,shuffled_kfold,UNPURGED,0.4306244842183638,0.0006354160080465477,0.42998906821031724,full
null,6041,21,walk_forward,purged,0.008304536327726313,0.0006354160080465477,0.007669120319679765,full
null,6042,1,contiguous_kfold,purged,0.0018668190875423256,0.015128390014962197,-0.01326157092741987,full
null,6042,1,purged_kfold,purged,0.0023285730954067025,0.015128390014962197,-0.012799816919555495,full
null,6042,1,shuffled_kfold,purged,0.0026150194289955315,0.015128390014962197,-0.012513370585966665,full
null,6042,1,walk_forward,purged,0.007481034089135388,0.015128390014962197,-0.007647355925826808,full
null,6042,5,contiguous_kfold,UNPURGED,-0.005277084308084049,-3.279260077730616e-05,-0.0052442917073067434,full
null,6042,5,purged_kfold,purged,-0.006908244083805247,-3.279260077730616e-05,-0.006875451483027941,full
null,6042,5,shuffled_kfold,UNPURGED,0.26352363290731995,-3.279260077730616e-05,0.26355642550809727,full
null,6042,5,walk_forward,purged,-0.00785983988085831,-3.279260077730616e-05,-0.007827047280081004,full
null,6042,21,contiguous_kfold,UNPURGED,-0.032323300209384925,-0.017841741770544116,-0.01448155843884081,full
null,6042,21,purged_kfold,purged,-0.041136980137743244,-0.017841741770544116,-0.023295238367199128,full
null,6042,21,shuffled_kfold,UNPURGED,0.43451795050339376,-0.017841741770544116,0.45235969227393785,full
null,6042,21,walk_forward,purged,-0.02705439775644166,-0.017841741770544116,-0.009212655985897544,full
null,6043,1,contiguous_kfold,purged,-0.00026146855374294635,0.008576873266985967,-0.008838341820728913,full
null,6043,1,purged_kfold,purged,-0.0005568141514491349,0.008576873266985967,-0.009133687418435102,full
null,6043,1,shuffled_kfold,purged,-0.006481342381960776,0.008576873266985967,-0.015058215648946743,full
null,6043,1,walk_forward,purged,0.006179196683415054,0.008576873266985967,-0.0023976765835709126,full
null,6043,5,contiguous_kfold,UNPURGED,-0.008838413646537837,0.011961510237265672,-0.020799923883803507,full
null,6043,5,purged_kfold,purged,-0.009702932115495517,0.011961510237265672,-0.021664442352761187,full
null,6043,5,shuffled_kfold,UNPURGED,0.2440882769619231,0.011961510237265672,0.23212676672465743,full
null,6043,5,walk_forward,purged,0.005419654179563606,0.011961510237265672,-0.006541856057702067,full
null,6043,21,contiguous_kfold,UNPURGED,-0.004998298615527976,0.0330823458083455,-0.038080644423873475,full
null,6043,21,purged_kfold,purged,-0.010082879777322733,0.0330823458083455,-0.04316522558566824,full
null,6043,21,shuffled_kfold,UNPURGED,0.4423599608610346,0.0330823458083455,0.40927761505268906,full
null,6043,21,walk_forward,purged,0.00547821161893969,0.0330823458083455,-0.027604134189405813,full
null,6044,1,contiguous_kfold,purged,-0.00066882323586279,0.00032720502437009216,-0.0009960282602328823,full
null,6044,1,purged_kfold,purged,-0.0010479575848828025,0.00032720502437009216,-0.0013751626092528947,full
null,6044,1,shuffled_kfold,purged,-0.0007768434043594376,0.00032720502437009216,-0.0011040484287295298,full
null,6044,1,walk_forward,purged,-0.0060281103147736045,0.00032720502437009216,-0.006355315339143697,full
null,6044,5,contiguous_kfold,UNPURGED,-0.013071152608915993,-0.009727739834366386,-0.003343412774549607,full
null,6044,5,purged_kfold,purged,-0.015569380253770021,-0.009727739834366386,-0.0058416404194036355,full
null,6044,5,shuffled_kfold,UNPURGED,0.25731653032534285,-0.009727739834366386,0.2670442701597092,full
null,6044,5,walk_forward,purged,-0.02093510968379852,-0.009727739834366386,-0.011207369849432136,full
null,6044,21,contiguous_kfold,UNPURGED,0.007512952937648415,-0.008947477666055323,0.016460430603703738,full
null,6044,21,purged_kfold,purged,0.0007641653686274485,-0.008947477666055323,0.009711643034682771,full
null,6044,21,shuffled_kfold,UNPURGED,0.4591838553953075,-0.008947477666055323,0.4681313330613628,full
null,6044,21,walk_forward,purged,-0.021287172148686865,-0.008947477666055323,-0.012339694482631542,full
null,6045,1,contiguous_kfold,purged,-0.00020496737975376822,-0.015673172557062867,0.015468205177309098,full
null,6045,1,purged_kfold,purged,-0.0006784853296240484,-0.015673172557062867,0.014994687227438819,full
null,6045,1,shuffled_kfold,purged,0.008296996672613667,-0.015673172557062867,0.023970169229676534,full
null,6045,1,walk_forward,purged,-0.0007883777304056679,-0.015673172557062867,0.014884794826657199,full
null,6045,5,contiguous_kfold,UNPURGED,0.0030709306354766044,-0.017154958404232937,0.02022588903970954,full
null,6045,5,purged_kfold,purged,-0.00041120017960667325,-0.017154958404232937,0.016743758224626263,full
null,6045,5,shuffled_kfold,UNPURGED,0.26598318996198744,-0.017154958404232937,0.28313814836622037,full
null,6045,5,walk_forward,purged,-0.003968286481434168,-0.017154958404232937,0.013186671922798768,full
null,6045,21,contiguous_kfold,UNPURGED,0.025390357817247425,-0.02678076426975046,0.05217112208699788,full
null,6045,21,purged_kfold,purged,0.012381793392273292,-0.02678076426975046,0.039162557662023756,full
null,6045,21,shuffled_kfold,UNPURGED,0.4505092880550887,-0.02678076426975046,0.4772900523248392,full
null,6045,21,walk_forward,purged,0.008583604657434192,-0.02678076426975046,0.035364368927184656,full
null,6046,1,contiguous_kfold,purged,-0.00479764477083084,-0.01042954755807579,0.005631902787244949,full
null,6046,1,purged_kfold,purged,-0.0050276505981407945,-0.01042954755807579,0.005401896959934995,full
null,6046,1,shuffled_kfold,purged,-0.002088879257568073,-0.01042954755807579,0.008340668300507717,full
null,6046,1,walk_forward,purged,-0.0030876011166141365,-0.01042954755807579,0.007341946441461653,full
null,6046,5,contiguous_kfold,UNPURGED,-0.0006529021527410382,-0.016215739470540804,0.015562837317799765,full
null,6046,5,purged_kfold,purged,-0.0020144546004415764,-0.016215739470540804,0.014201284870099227,full
null,6046,5,shuffled_kfold,UNPURGED,0.26497923866544554,-0.016215739470540804,0.2811949781359863,full
null,6046,5,walk_forward,purged,0.003102931072655159,-0.016215739470540804,0.019318670543195963,full
null,6046,21,contiguous_kfold,UNPURGED,-0.0037111422741234346,0.02176348577245425,-0.025474628046577685,full
null,6046,21,purged_kfold,purged,-0.015914557579054765,0.02176348577245425,-0.03767804335150901,full
null,6046,21,shuffled_kfold,UNPURGED,0.4415866118212303,0.02176348577245425,0.4198231260487761,full
null,6046,21,walk_forward,purged,0.013496818653563551,0.02176348577245425,-0.008266667118890698,full
null,6047,1,contiguous_kfold,purged,-0.0023573520956446294,-0.015354503374738232,0.012997151279093603,full
null,6047,1,purged_kfold,purged,-0.002152878257615094,-0.015354503374738232,0.013201625117123137,full
null,6047,1,shuffled_kfold,purged,-0.0044802001801006255,-0.015354503374738232,0.010874303194637606,full
null,6047,1,walk_forward,purged,-0.007942196313159114,-0.015354503374738232,0.0074123070615791185,full
null,6047,5,contiguous_kfold,UNPURGED,-0.014325426327734963,-0.0017955574611108597,-0.012529868866624104,full
null,6047,5,purged_kfold,purged,-0.017626391209581784,-0.0017955574611108597,-0.015830833748470923,full
null,6047,5,shuffled_kfold,UNPURGED,0.25700843429459685,-0.0017955574611108597,0.25880399175570773,full
null,6047,5,walk_forward,purged,-0.01514079370778988,-0.0017955574611108597,-0.01334523624667902,full
null,6047,21,contiguous_kfold,UNPURGED,-0.04102088603384625,-0.04277031427118922,0.001749428237342969,full
null,6047,21,purged_kfold,purged,-0.048187638317362703,-0.04277031427118922,-0.005417324046173483,full
null,6047,21,shuffled_kfold,UNPURGED,0.4286504620754343,-0.04277031427118922,0.4714207763466235,full
null,6047,21,walk_forward,purged,-0.03524611002640574,-0.04277031427118922,0.007524204244783478,full
null,6048,1,contiguous_kfold,purged,0.0005838292875489904,-0.01081437553134907,0.01139820481889806,full
null,6048,1,purged_kfold,purged,0.0005432527182271721,-0.01081437553134907,0.011357628249576241,full
null,6048,1,shuffled_kfold,purged,0.0036950937833857204,-0.01081437553134907,0.01450946931473479,full
null,6048,1,walk_forward,purged,0.0032355644817610926,-0.01081437553134907,0.014049940013110163,full
null,6048,5,contiguous_kfold,UNPURGED,-0.006830813508631742,0.024127263234950687,-0.03095807674358243,full
null,6048,5,purged_kfold,purged,-0.006390794593148104,0.024127263234950687,-0.030518057828098792,full
null,6048,5,shuffled_kfold,UNPURGED,0.25536238491777735,0.024127263234950687,0.23123512168282667,full
null,6048,5,walk_forward,purged,9.067822427753676e-06,0.024127263234950687,-0.024118195412522934,full
null,6048,21,contiguous_kfold,UNPURGED,-0.0263889331408464,0.004279154571970088,-0.03066808771281649,full
null,6048,21,purged_kfold,purged,-0.03712492217496654,0.004279154571970088,-0.04140407674693663,full
null,6048,21,shuffled_kfold,UNPURGED,0.4378605439956025,0.004279154571970088,0.4335813894236324,full
null,6048,21,walk_forward,purged,-0.032318716504342426,0.004279154571970088,-0.036597871076312516,full
null,6049,1,contiguous_kfold,purged,-0.00274162649386104,0.0004557597198484323,-0.0031973862137094724,full
null,6049,1,purged_kfold,purged,-0.0030422042689109826,0.0004557597198484323,-0.003497963988759415,full
null,6049,1,shuffled_kfold,purged,-0.004135967363013573,0.0004557597198484323,-0.004591727082862006,full
null,6049,1,walk_forward,purged,-0.0006371507578245041,0.0004557597198484323,-0.0010929104776729363,full
null,6049,5,contiguous_kfold,UNPURGED,-0.0009183873511258377,0.001070281325343906,-0.001988668676469744,full
null,6049,5,purged_kfold,purged,-0.0023406837389986102,0.001070281325343906,-0.0034109650643425163,full
null,6049,5,shuffled_kfold,UNPURGED,0.24940178011683647,0.001070281325343906,0.24833149879149258,full
null,6049,5,walk_forward,purged,0.0019265259886190851,0.001070281325343906,0.0008562446632751791,full
null,6049,21,contiguous_kfold,UNPURGED,-0.010230139921542878,0.024852273455476952,-0.03508241337701983,full
null,6049,21,purged_kfold,purged,-0.015830770271761864,0.024852273455476952,-0.04068304372723881,full
null,6049,21,shuffled_kfold,UNPURGED,0.4326358997315942,0.024852273455476952,0.40778362627611725,full
null,6049,21,walk_forward,purged,0.0007693665396415928,0.024852273455476952,-0.02408290691583536,full
planted,7000,1,contiguous_kfold,purged,-0.003772802289998656,0.0061405379780877225,-0.00991334026808638,full
planted,7000,1,purged_kfold,purged,-0.0037045026906006246,0.0061405379780877225,-0.009845040668688347,full
planted,7000,1,shuffled_kfold,purged,-0.0075365034730945695,0.0061405379780877225,-0.013677041451182292,full
planted,7000,1,walk_forward,purged,-0.002290092247966218,0.0061405379780877225,-0.008430630226053941,full
planted,7000,5,contiguous_kfold,UNPURGED,0.0176731267673611,-0.005265474920976823,0.02293860168833792,full
planted,7000,5,purged_kfold,purged,0.015442096577461598,-0.005265474920976823,0.02070757149843842,full
planted,7000,5,shuffled_kfold,UNPURGED,0.261683058488973,-0.005265474920976823,0.26694853340994984,full
planted,7000,5,walk_forward,purged,0.011064838989818216,-0.005265474920976823,0.01633031391079504,full
planted,7000,21,contiguous_kfold,UNPURGED,0.021054876677294564,-0.028248987956702522,0.04930386463399709,full
planted,7000,21,purged_kfold,purged,0.013841568646739168,-0.028248987956702522,0.04209055660344169,full
planted,7000,21,shuffled_kfold,UNPURGED,0.45024013013878467,-0.028248987956702522,0.47848911809548716,full
planted,7000,21,walk_forward,purged,0.016526472259266976,-0.028248987956702522,0.044775460215969495,full
planted,7001,1,contiguous_kfold,purged,0.005549553960876521,-0.0006217867665028816,0.006171340727379402,full
planted,7001,1,purged_kfold,purged,0.006235718295109217,-0.0006217867665028816,0.006857505061612099,full
planted,7001,1,shuffled_kfold,purged,0.00569633845987043,-0.0006217867665028816,0.0063181252263733115,full
planted,7001,1,walk_forward,purged,0.0062575105761167255,-0.0006217867665028816,0.0068792973426196075,full
planted,7001,5,contiguous_kfold,UNPURGED,-0.003404698443500488,-0.0062536734016357684,0.0028489749581352805,full
planted,7001,5,purged_kfold,purged,-0.00634819306422822,-0.0062536734016357684,-9.451966259245177e-05,full
planted,7001,5,shuffled_kfold,UNPURGED,0.2674609772294691,-0.0062536734016357684,0.2737146506311049,full
planted,7001,5,walk_forward,purged,-0.010888476841686144,-0.0062536734016357684,-0.004634803440050375,full
planted,7001,21,contiguous_kfold,UNPURGED,-0.007037476842879306,-0.03012326679477445,0.023085789951895145,full
planted,7001,21,purged_kfold,purged,-0.024621436815531486,-0.03012326679477445,0.005501829979242964,full
planted,7001,21,shuffled_kfold,UNPURGED,0.4375895730143861,-0.03012326679477445,0.46771283980916056,full
planted,7001,21,walk_forward,purged,-0.018128086316045667,-0.03012326679477445,0.011995180478728783,full
planted,7002,1,contiguous_kfold,purged,-0.011519896295214582,0.025845765105498086,-0.037365661400712666,full
planted,7002,1,purged_kfold,purged,-0.010917550098477067,0.025845765105498086,-0.036763315203975154,full
planted,7002,1,shuffled_kfold,purged,-0.008021929326329311,0.025845765105498086,-0.0338676944318274,full
planted,7002,1,walk_forward,purged,-0.012378467782616347,0.025845765105498086,-0.03822423288811443,full
planted,7002,5,contiguous_kfold,UNPURGED,-0.0054220082821635086,0.009899786157537383,-0.015321794439700892,full
planted,7002,5,purged_kfold,purged,-0.007458576086551506,0.009899786157537383,-0.01735836224408889,full
planted,7002,5,shuffled_kfold,UNPURGED,0.2580896766985367,0.009899786157537383,0.24818989054099933,full
planted,7002,5,walk_forward,purged,-0.01906027234096809,0.009899786157537383,-0.028960058498505473,full
planted,7002,21,contiguous_kfold,UNPURGED,-0.017678180564892197,0.018241602887036218,-0.035919783451928415,full
planted,7002,21,purged_kfold,purged,-0.04222443266464325,0.018241602887036218,-0.06046603555167947,full
planted,7002,21,shuffled_kfold,UNPURGED,0.433233690051441,0.018241602887036218,0.41499208716440483,full
planted,7002,21,walk_forward,purged,-0.03485025291137375,0.018241602887036218,-0.05309185579840997,full
planted,7003,1,contiguous_kfold,purged,-0.0004212585326225243,-0.0010699096713572287,0.0006486511387347044,full
planted,7003,1,purged_kfold,purged,-0.00055659820436011,-0.0010699096713572287,0.0005133114669971186,full
planted,7003,1,shuffled_kfold,purged,-0.002911413831995492,-0.0010699096713572287,-0.0018415041606382632,full
planted,7003,1,walk_forward,purged,-0.006966872238431912,-0.0010699096713572287,-0.005896962567074684,full
planted,7003,5,contiguous_kfold,UNPURGED,0.005905754108410071,-0.025922016795726168,0.031827770904136236,full
planted,7003,5,purged_kfold,purged,0.004751842768102612,-0.025922016795726168,0.03067385956382878,full
planted,7003,5,shuffled_kfold,UNPURGED,0.2620154156252779,-0.025922016795726168,0.28793743242100406,full
planted,7003,5,walk_forward,purged,-0.010554877427360361,-0.025922016795726168,0.015367139368365807,full
planted,7003,21,contiguous_kfold,UNPURGED,0.007102265562434878,-0.012449054630104634,0.019551320192539513,full
planted,7003,21,purged_kfold,purged,-0.004789186597207162,-0.012449054630104634,0.007659868032897472,full
planted,7003,21,shuffled_kfold,UNPURGED,0.43716851847011673,-0.012449054630104634,0.4496175731002214,full
planted,7003,21,walk_forward,purged,-0.036932719253872696,-0.012449054630104634,-0.02448366462376806,full
planted,7004,1,contiguous_kfold,purged,-0.0066346208173143646,0.00794682579490221,-0.014581446612216574,full
planted,7004,1,purged_kfold,purged,-0.007097766998915594,0.00794682579490221,-0.015044592793817802,full
planted,7004,1,shuffled_kfold,purged,0.0019677137653613353,0.00794682579490221,-0.005979112029540874,full
planted,7004,1,walk_forward,purged,-0.001660190128831535,0.00794682579490221,-0.009607015923733744,full
planted,7004,5,contiguous_kfold,UNPURGED,-0.006206462809523358,0.016133199105351274,-0.02233966191487463,full
planted,7004,5,purged_kfold,purged,-0.00901175638905136,0.016133199105351274,-0.025144955494402634,full
planted,7004,5,shuffled_kfold,UNPURGED,0.25290718669226264,0.016133199105351274,0.23677398758691137,full
planted,7004,5,walk_forward,purged,-0.004026780299252412,0.016133199105351274,-0.020159979404603685,full
planted,7004,21,contiguous_kfold,UNPURGED,-0.027235089108632187,0.03688593437733054,-0.06412102348596273,full
planted,7004,21,purged_kfold,purged,-0.030427040579622654,0.03688593437733054,-0.0673129749569532,full
planted,7004,21,shuffled_kfold,UNPURGED,0.4254107448066336,0.03688593437733054,0.3885248104293031,full
planted,7004,21,walk_forward,purged,0.008158143340601902,0.03688593437733054,-0.028727791036728637,full
planted,7005,1,contiguous_kfold,purged,0.0015923361065030787,-0.001288282053650302,0.0028806181601533807,full
planted,7005,1,purged_kfold,purged,0.0014941231211461478,-0.001288282053650302,0.00278240517479645,full
planted,7005,1,shuffled_kfold,purged,0.002933977723166998,-0.001288282053650302,0.0042222597768173005,full
planted,7005,1,walk_forward,purged,0.007279614218166614,-0.001288282053650302,0.008567896271816916,full
planted,7005,5,contiguous_kfold,UNPURGED,0.00383586061523049,-0.012766298470372467,0.016602159085602957,full
planted,7005,5,purged_kfold,purged,0.002113391701339512,-0.012766298470372467,0.014879690171711979,full
planted,7005,5,shuffled_kfold,UNPURGED,0.25580745015863765,-0.012766298470372467,0.2685737486290101,full
planted,7005,5,walk_forward,purged,0.011278063248017275,-0.012766298470372467,0.024044361718389744,full
planted,7005,21,contiguous_kfold,UNPURGED,0.004832396830781632,-0.07689981359412845,0.08173221042491008,full
planted,7005,21,purged_kfold,purged,-0.0045313442466493655,-0.07689981359412845,0.07236846934747909,full
planted,7005,21,shuffled_kfold,UNPURGED,0.4337769480369325,-0.07689981359412845,0.510676761631061,full
planted,7005,21,walk_forward,purged,0.017858325072233876,-0.07689981359412845,0.09475813866636233,full
planted,7006,1,contiguous_kfold,purged,0.00047002041400640644,0.005135962212377796,-0.00466594179837139,full
planted,7006,1,purged_kfold,purged,0.001080413091012193,0.005135962212377796,-0.004055549121365603,full
planted,7006,1,shuffled_kfold,purged,0.0013032025425045713,0.005135962212377796,-0.0038327596698732244,full
planted,7006,1,walk_forward,purged,0.004015137932046793,0.005135962212377796,-0.0011208242803310026,full
planted,7006,5,contiguous_kfold,UNPURGED,0.0062265500316432704,0.004325412574576337,0.0019011374570669336,full
planted,7006,5,purged_kfold,purged,0.004885679478789091,0.004325412574576337,0.0005602669042127544,full
planted,7006,5,shuffled_kfold,UNPURGED,0.26250798120646,0.004325412574576337,0.25818256863188366,full
planted,7006,5,walk_forward,purged,0.0037676286405326697,0.004325412574576337,-0.0005577839340436671,full
planted,7006,21,contiguous_kfold,UNPURGED,0.023823167083386464,-0.0026233255129872826,0.026446492596373748,full
planted,7006,21,purged_kfold,purged,0.010579180057850959,-0.0026233255129872826,0.013202505570838241,full
planted,7006,21,shuffled_kfold,UNPURGED,0.4479046337593922,-0.0026233255129872826,0.4505279592723795,full
planted,7006,21,walk_forward,purged,-0.004265885458248269,-0.0026233255129872826,-0.0016425599452609863,full
planted,7007,1,contiguous_kfold,purged,-0.011705245567678277,0.01820302975080276,-0.029908275318481038,full
planted,7007,1,purged_kfold,purged,-0.012334960051630603,0.01820302975080276,-0.030537989802433364,full
planted,7007,1,shuffled_kfold,purged,-0.010301096542864752,0.01820302975080276,-0.02850412629366751,full
planted,7007,1,walk_forward,purged,-0.013780059452881868,0.01820302975080276,-0.03198308920368463,full
planted,7007,5,contiguous_kfold,UNPURGED,-0.014304284861265466,0.024501706876245016,-0.03880599173751048,full
planted,7007,5,purged_kfold,purged,-0.01704169084732228,0.024501706876245016,-0.0415433977235673,full
planted,7007,5,shuffled_kfold,UNPURGED,0.2526647622242574,0.024501706876245016,0.22816305534801237,full
planted,7007,5,walk_forward,purged,-0.016255089804205185,0.024501706876245016,-0.0407567966804502,full
planted,7007,21,contiguous_kfold,UNPURGED,-0.024949800240672813,-0.0076528077183152556,-0.017296992522357557,full
planted,7007,21,purged_kfold,purged,-0.03682395525237437,-0.0076528077183152556,-0.029171147534059114,full
planted,7007,21,shuffled_kfold,UNPURGED,0.44121688159713757,-0.0076528077183152556,0.44886968931545285,full
planted,7007,21,walk_forward,purged,-0.018297230103004613,-0.0076528077183152556,-0.010644422384689357,full
planted,7008,1,contiguous_kfold,purged,0.006134782290845379,-0.0037702613778086893,0.009905043668654068,full
planted,7008,1,purged_kfold,purged,0.006234359092846451,-0.0037702613778086893,0.01000462047065514,full
planted,7008,1,shuffled_kfold,purged,0.0008020223029847151,-0.0037702613778086893,0.004572283680793404,full
planted,7008,1,walk_forward,purged,0.003644645477205048,-0.0037702613778086893,0.0074149068550137375,full
planted,7008,5,contiguous_kfold,UNPURGED,0.004114176731492791,-0.025663698395959587,0.029777875127452377,full
planted,7008,5,purged_kfold,purged,0.0011604466249440972,-0.025663698395959587,0.026824145020903682,full
planted,7008,5,shuffled_kfold,UNPURGED,0.24949271588558197,-0.025663698395959587,0.2751564142815416,full
planted,7008,5,walk_forward,purged,-0.01589918146495532,-0.025663698395959587,0.009764516931004268,full
planted,7008,21,contiguous_kfold,UNPURGED,0.014690889337620833,-0.03355329817091986,0.04824418750854069,full
planted,7008,21,purged_kfold,purged,0.006725650409919661,-0.03355329817091986,0.04027894858083952,full
planted,7008,21,shuffled_kfold,UNPURGED,0.42962584063248305,-0.03355329817091986,0.4631791388034029,full
planted,7008,21,walk_forward,purged,-0.009923498946453068,-0.03355329817091986,0.02362979922446679,full
planted,7009,1,contiguous_kfold,purged,0.0070102332854943905,0.01723108827141936,-0.010220854985924972,full
planted,7009,1,purged_kfold,purged,0.006402066909693765,0.01723108827141936,-0.010829021361725595,full
planted,7009,1,shuffled_kfold,purged,0.002678286065277059,0.01723108827141936,-0.014552802206142301,full
planted,7009,1,walk_forward,purged,-0.0004838011671691042,0.01723108827141936,-0.017714889438588465,full
planted,7009,5,contiguous_kfold,UNPURGED,-0.0025127422976684815,-0.0011952232039874194,-0.001317519093681062,full
planted,7009,5,purged_kfold,purged,-0.0021230767304932278,-0.0011952232039874194,-0.0009278535265058083,full
planted,7009,5,shuffled_kfold,UNPURGED,0.2563333272511182,-0.0011952232039874194,0.2575285504551056,full
planted,7009,5,walk_forward,purged,-0.008563475600203848,-0.0011952232039874194,-0.007368252396216428,full
planted,7009,21,contiguous_kfold,UNPURGED,-0.02151499650232771,-0.04450821752372147,0.022993221021393763,full
planted,7009,21,purged_kfold,purged,-0.02596228387450957,-0.04450821752372147,0.0185459336492119,full
planted,7009,21,shuffled_kfold,UNPURGED,0.4367897508571163,-0.04450821752372147,0.48129796838083777,full
planted,7009,21,walk_forward,purged,-0.029476667237534,-0.04450821752372147,0.01503155028618747,full
planted,7010,1,contiguous_kfold,purged,0.011110433758306257,-0.00524432105392297,0.016354754812229227,full
planted,7010,1,purged_kfold,purged,0.011647718296923853,-0.00524432105392297,0.01689203935084682,full
planted,7010,1,shuffled_kfold,purged,-0.0037269829995854554,-0.00524432105392297,0.0015173380543375145,full
planted,7010,1,walk_forward,purged,0.008099862768356636,-0.00524432105392297,0.013344183822279606,full
planted,7010,5,contiguous_kfold,UNPURGED,0.011825022530343324,0.018664406510849784,-0.00683938398050646,full
planted,7010,5,purged_kfold,purged,0.010376852709344547,0.018664406510849784,-0.008287553801505237,full
planted,7010,5,shuffled_kfold,UNPURGED,0.2536127683013055,0.018664406510849784,0.23494836179045575,full
planted,7010,5,walk_forward,purged,0.007549940145009785,0.018664406510849784,-0.011114466365839999,full
planted,7010,21,contiguous_kfold,UNPURGED,0.027105632420961416,0.05487933379900106,-0.027773701378039646,full
planted,7010,21,purged_kfold,purged,0.02467938676468259,0.05487933379900106,-0.030199947034318473,full
planted,7010,21,shuffled_kfold,UNPURGED,0.4450680197914676,0.05487933379900106,0.39018868599246653,full
planted,7010,21,walk_forward,purged,0.026744655704792904,0.05487933379900106,-0.02813467809420816,full
planted,7011,1,contiguous_kfold,purged,-0.0012901503744220059,-0.00415014547589716,0.0028599951014751544,full
planted,7011,1,purged_kfold,purged,-0.0013646730481561395,-0.00415014547589716,0.0027854724277410208,full
planted,7011,1,shuffled_kfold,purged,-0.0040475361150495845,-0.00415014547589716,0.00010260936084757581,full
planted,7011,1,walk_forward,purged,0.0015172226726572,-0.00415014547589716,0.0056673681485543605,full
planted,7011,5,contiguous_kfold,UNPURGED,0.008043173249318178,0.006378764210885389,0.0016644090384327886,full
planted,7011,5,purged_kfold,purged,0.005696612981170534,0.006378764210885389,-0.0006821512297148554,full
planted,7011,5,shuffled_kfold,UNPURGED,0.25232985897547844,0.006378764210885389,0.24595109476459304,full
planted,7011,5,walk_forward,purged,0.011095788236650613,0.006378764210885389,0.0047170240257652235,full
planted,7011,21,contiguous_kfold,UNPURGED,0.018931964303995442,0.044111218216584445,-0.025179253912589003,full
planted,7011,21,purged_kfold,purged,0.012184715336650342,0.044111218216584445,-0.03192650287993411,full
planted,7011,21,shuffled_kfold,UNPURGED,0.44761726336222957,0.044111218216584445,0.40350604514564514,full
planted,7011,21,walk_forward,purged,0.00818416619611903,0.044111218216584445,-0.035927052020465415,full
planted,7012,1,contiguous_kfold,purged,0.0022754317210911517,-0.009645496804382914,0.011920928525474066,full
planted,7012,1,purged_kfold,purged,0.002638964333216745,-0.009645496804382914,0.012284461137599659,full
planted,7012,1,shuffled_kfold,purged,0.0015934365244068215,-0.009645496804382914,0.011238933328789736,full
planted,7012,1,walk_forward,purged,0.001162908259678134,-0.009645496804382914,0.010808405064061048,full
planted,7012,5,contiguous_kfold,UNPURGED,0.003704413832071968,-0.0014620330124211088,0.005166446844493077,full
planted,7012,5,purged_kfold,purged,0.0011610692697975632,-0.0014620330124211088,0.002623102282218672,full
planted,7012,5,shuffled_kfold,UNPURGED,0.2556630608783405,-0.0014620330124211088,0.2571250938907616,full
planted,7012,5,walk_forward,purged,0.0014891738781685347,-0.0014620330124211088,0.0029512068905896433,full
planted,7012,21,contiguous_kfold,UNPURGED,-0.00436509761128747,0.026172567613421013,-0.030537665224708483,full
planted,7012,21,purged_kfold,purged,-0.016504638761161237,0.026172567613421013,-0.04267720637458225,full
planted,7012,21,shuffled_kfold,UNPURGED,0.4240285059965689,0.026172567613421013,0.39785593838314787,full
planted,7012,21,walk_forward,purged,-0.016969854963847154,0.026172567613421013,-0.043142422577268164,full
planted,7013,1,contiguous_kfold,purged,0.0020476729542363518,-0.00475720316711051,0.006804876121346862,full
planted,7013,1,purged_kfold,purged,0.001957494218346049,-0.00475720316711051,0.006714697385456559,full
planted,7013,1,shuffled_kfold,purged,0.00812301301369922,-0.00475720316711051,0.012880216180809732,full
planted,7013,1,walk_forward,purged,-0.003288240629665169,-0.00475720316711051,0.0014689625374453411,full
planted,7013,5,contiguous_kfold,UNPURGED,-0.007476764181019333,0.007207471710431622,-0.014684235891450955,full
planted,7013,5,purged_kfold,purged,-0.010999686729148618,0.007207471710431622,-0.01820715843958024,full
planted,7013,5,shuffled_kfold,UNPURGED,0.25869821855353076,0.007207471710431622,0.25149074684309913,full
planted,7013,5,walk_forward,purged,-0.007926523405192568,0.007207471710431622,-0.015133995115624192,full
planted,7013,21,contiguous_kfold,UNPURGED,-0.009557069271253311,0.034407018487336384,-0.0439640877585897,full
planted,7013,21,purged_kfold,purged,-0.024144600880490173,0.034407018487336384,-0.05855161936782656,full
planted,7013,21,shuffled_kfold,UNPURGED,0.4353248593466534,0.034407018487336384,0.400917840859317,full
planted,7013,21,walk_forward,purged,-0.008459436071110759,0.034407018487336384,-0.04286645455844714,full
planted,7014,1,contiguous_kfold,purged,0.013070192981955029,0.01808346424941279,-0.0050132712674577605,full
planted,7014,1,purged_kfold,purged,0.012569514021949625,0.01808346424941279,-0.005513950227463165,full
planted,7014,1,shuffled_kfold,purged,0.006731573559659619,0.01808346424941279,-0.011351890689753171,full
planted,7014,1,walk_forward,purged,0.00428491460490053,0.01808346424941279,-0.01379854964451226,full
planted,7014,5,contiguous_kfold,UNPURGED,-0.0012121113241744855,-0.006781432549122437,0.005569321224947951,full
planted,7014,5,purged_kfold,purged,-0.0028197720874218483,-0.006781432549122437,0.003961660461700589,full
planted,7014,5,shuffled_kfold,UNPURGED,0.26448530156758354,-0.006781432549122437,0.271266734116706,full
planted,7014,5,walk_forward,purged,-0.009376842713057498,-0.006781432549122437,-0.002595410163935061,full
planted,7014,21,contiguous_kfold,UNPURGED,-0.0025067254125296845,-0.014304943376695066,0.011798217964165383,full
planted,7014,21,purged_kfold,purged,-0.020474949836647566,-0.014304943376695066,-0.0061700064599525,full
planted,7014,21,shuffled_kfold,UNPURGED,0.44425848164989507,-0.014304943376695066,0.45856342502659014,full
planted,7014,21,walk_forward,purged,-0.018886916988009574,-0.014304943376695066,-0.004581973611314507,full
planted,7015,1,contiguous_kfold,purged,-0.00555134861619803,-0.014450258268514319,0.008898909652316288,full
planted,7015,1,purged_kfold,purged,-0.005209112239314987,-0.014450258268514319,0.009241146029199333,full
planted,7015,1,shuffled_kfold,purged,0.00013658203305391423,-0.014450258268514319,0.014586840301568232,full
planted,7015,1,walk_forward,purged,-0.008581219254806427,-0.014450258268514319,0.005869039013707892,full
planted,7015,5,contiguous_kfold,UNPURGED,-0.0009290553595064911,-0.01074876367552585,0.00981970831601936,full
planted,7015,5,purged_kfold,purged,-0.00395398487513971,-0.01074876367552585,0.006794778800386141,full
planted,7015,5,shuffled_kfold,UNPURGED,0.259136411047993,-0.01074876367552585,0.26988517472351886,full
planted,7015,5,walk_forward,purged,-0.009533636499246174,-0.01074876367552585,0.0012151271762796765,full
planted,7015,21,contiguous_kfold,UNPURGED,-0.011519510851283485,-0.005417831968474736,-0.006101678882808749,full
planted,7015,21,purged_kfold,purged,-0.021947505753795615,-0.005417831968474736,-0.01652967378532088,full
planted,7015,21,shuffled_kfold,UNPURGED,0.43046638618623656,-0.005417831968474736,0.4358842181547113,full
planted,7015,21,walk_forward,purged,-0.029280965426168107,-0.005417831968474736,-0.02386313345769337,full
planted,7016,1,contiguous_kfold,purged,0.007359691785905061,0.0005778279516650849,0.0067818638342399765,full
planted,7016,1,purged_kfold,purged,0.007885178437022496,0.0005778279516650849,0.007307350485357411,full
planted,7016,1,shuffled_kfold,purged,0.013359650806456326,0.0005778279516650849,0.012781822854791241,full
planted,7016,1,walk_forward,purged,0.0020845961984825865,0.0005778279516650849,0.0015067682468175017,full
planted,7016,5,contiguous_kfold,UNPURGED,0.009907696779393715,-0.005038440451452384,0.0149461372308461,full
planted,7016,5,purged_kfold,purged,0.0073256337409186864,-0.005038440451452384,0.01236407419237107,full
planted,7016,5,shuffled_kfold,UNPURGED,0.2611567980950086,-0.005038440451452384,0.266195238546461,full
planted,7016,5,walk_forward,purged,3.7728501489835995e-05,-0.005038440451452384,0.00507616895294222,full
planted,7016,21,contiguous_kfold,UNPURGED,-0.0027617552710980367,-0.01746324185465852,0.014701486583560481,full
planted,7016,21,purged_kfold,purged,-0.016441527811936675,-0.01746324185465852,0.0010217140427218434,full
planted,7016,21,shuffled_kfold,UNPURGED,0.4275170560479184,-0.01746324185465852,0.4449802979025769,full
planted,7016,21,walk_forward,purged,-0.01104643998036449,-0.01746324185465852,0.006416801874294029,full
planted,7017,1,contiguous_kfold,purged,-0.011229825594593047,0.017764275513460413,-0.02899410110805346,full
planted,7017,1,purged_kfold,purged,-0.011496575519713363,0.017764275513460413,-0.029260851033173774,full
planted,7017,1,shuffled_kfold,purged,-0.009126051080748387,0.017764275513460413,-0.0268903265942088,full
planted,7017,1,walk_forward,purged,-0.002535674514450014,0.017764275513460413,-0.020299950027910428,full
planted,7017,5,contiguous_kfold,UNPURGED,-0.012455304826668196,0.028923035801042572,-0.04137834062771077,full
planted,7017,5,purged_kfold,purged,-0.01523843368305238,0.028923035801042572,-0.04416146948409495,full
planted,7017,5,shuffled_kfold,UNPURGED,0.24765351290938617,0.028923035801042572,0.2187304771083436,full
planted,7017,5,walk_forward,purged,0.010009096053367868,0.028923035801042572,-0.018913939747674705,full
planted,7017,21,contiguous_kfold,UNPURGED,-0.013750491512673614,0.013324996313313549,-0.027075487825987163,full
planted,7017,21,purged_kfold,purged,-0.024956025983562845,0.013324996313313549,-0.038281022296876396,full
planted,7017,21,shuffled_kfold,UNPURGED,0.4412557138228856,0.013324996313313549,0.427930717509572,full
planted,7017,21,walk_forward,purged,0.014556385634148206,0.013324996313313549,0.0012313893208346569,full
planted,7018,1,contiguous_kfold,purged,-0.007660234674146821,-0.0022599814845425358,-0.005400253189604285,full
planted,7018,1,purged_kfold,purged,-0.00830877260137781,-0.0022599814845425358,-0.006048791116835274,full
planted,7018,1,shuffled_kfold,purged,0.0006628421350699283,-0.0022599814845425358,0.002922823619612464,full
planted,7018,1,walk_forward,purged,-0.004569930874824193,-0.0022599814845425358,-0.002309949390281657,full
planted,7018,5,contiguous_kfold,UNPURGED,0.002166687383559604,-0.007571126151557844,0.009737813535117448,full
planted,7018,5,purged_kfold,purged,0.0004967204854165393,-0.007571126151557844,0.008067846636974383,full
planted,7018,5,shuffled_kfold,UNPURGED,0.25834585717778685,-0.007571126151557844,0.2659169833293447,full
planted,7018,5,walk_forward,purged,-0.005679958815695067,-0.007571126151557844,0.0018911673358627768,full
planted,7018,21,contiguous_kfold,UNPURGED,0.01579902960082221,-0.0457642271875759,0.06156325678839811,full
planted,7018,21,purged_kfold,purged,0.011460523291686387,-0.0457642271875759,0.05722475047926229,full
planted,7018,21,shuffled_kfold,UNPURGED,0.4521755287319184,-0.0457642271875759,0.4979397559194943,full
planted,7018,21,walk_forward,purged,-0.008171160191826461,-0.0457642271875759,0.037593066995749436,full
planted,7019,1,contiguous_kfold,purged,0.0072093678501255285,0.0053712220739952415,0.001838145776130287,full
planted,7019,1,purged_kfold,purged,0.007604223443176614,0.0053712220739952415,0.002233001369181372,full
planted,7019,1,shuffled_kfold,purged,0.0005392014020617675,0.0053712220739952415,-0.004832020671933474,full
planted,7019,1,walk_forward,purged,-0.004013091275915044,0.0053712220739952415,-0.009384313349910287,full
planted,7019,5,contiguous_kfold,UNPURGED,0.001723189823694395,0.01875018772626526,-0.017026997902570867,full
planted,7019,5,purged_kfold,purged,-0.0010805362061045052,0.01875018772626526,-0.019830723932369766,full
planted,7019,5,shuffled_kfold,UNPURGED,0.24997916675970636,0.01875018772626526,0.23122897903344108,full
planted,7019,5,walk_forward,purged,-0.00942859445030472,0.01875018772626526,-0.02817878217656998,full
planted,7019,21,contiguous_kfold,UNPURGED,-0.0033821388220219143,0.03017634486921801,-0.033558483691239926,full
planted,7019,21,purged_kfold,purged,-0.022937254988586207,0.03017634486921801,-0.053113599857804214,full
planted,7019,21,shuffled_kfold,UNPURGED,0.4555225448366118,0.03017634486921801,0.4253461999673938,full
planted,7019,21,walk_forward,purged,-0.05092172393174353,0.03017634486921801,-0.08109806880096154,full
planted,7020,1,contiguous_kfold,purged,-0.009141739382706628,0.008274217460705842,-0.017415956843412468,full
planted,7020,1,purged_kfold,purged,-0.010124230082533214,0.008274217460705842,-0.018398447543239056,full
planted,7020,1,shuffled_kfold,purged,-0.005121659473642452,0.008274217460705842,-0.013395876934348294,full
planted,7020,1,walk_forward,purged,-0.009867155800659269,0.008274217460705842,-0.018141373261365112,full
planted,7020,5,contiguous_kfold,UNPURGED,-0.012057752848083856,-0.008282299465167566,-0.0037754533829162905,full
planted,7020,5,purged_kfold,purged,-0.01646561010233622,-0.008282299465167566,-0.008183310637168656,full
planted,7020,5,shuffled_kfold,UNPURGED,0.26400260279540133,-0.008282299465167566,0.2722849022605689,full
planted,7020,5,walk_forward,purged,-0.009655469714304065,-0.008282299465167566,-0.0013731702491364996,full
planted,7020,21,contiguous_kfold,UNPURGED,-0.03460553732728263,0.005382336567562332,-0.03998787389484496,full
planted,7020,21,purged_kfold,purged,-0.05971851764050143,0.005382336567562332,-0.06510085420806376,full
planted,7020,21,shuffled_kfold,UNPURGED,0.4466047564681579,0.005382336567562332,0.4412224199005956,full
planted,7020,21,walk_forward,purged,-0.0454300195765782,0.005382336567562332,-0.05081235614414053,full
planted,7021,1,contiguous_kfold,purged,-0.003935624946308635,0.011219887243017559,-0.015155512189326193,full
planted,7021,1,purged_kfold,purged,-0.003967690928394443,0.011219887243017559,-0.015187578171412003,full
planted,7021,1,shuffled_kfold,purged,-0.008066645937228436,0.011219887243017559,-0.019286533180245993,full
planted,7021,1,walk_forward,purged,-0.004017985782652181,0.011219887243017559,-0.01523787302566974,full
planted,7021,5,contiguous_kfold,UNPURGED,-0.00014158066945245155,0.016838554178990515,-0.016980134848442966,full
planted,7021,5,purged_kfold,purged,-0.0018468032628703905,0.016838554178990515,-0.018685357441860905,full
planted,7021,5,shuffled_kfold,UNPURGED,0.25709039024495023,0.016838554178990515,0.2402518360659597,full
planted,7021,5,walk_forward,purged,0.0023299440422324554,0.016838554178990515,-0.01450861013675806,full
planted,7021,21,contiguous_kfold,UNPURGED,0.03088929724018251,-0.023794738254537963,0.05468403549472047,full
planted,7021,21,purged_kfold,purged,0.019595179014943915,-0.023794738254537963,0.04338991726948188,full
planted,7021,21,shuffled_kfold,UNPURGED,0.45242634956391375,-0.023794738254537963,0.47622108781845174,full
planted,7021,21,walk_forward,purged,0.015833097310231723,-0.023794738254537963,0.03962783556476969,full
planted,7022,1,contiguous_kfold,purged,0.0015448962140698673,0.0031956798710473023,-0.001650783656977435,full
planted,7022,1,purged_kfold,purged,0.0012159707733245713,0.0031956798710473023,-0.001979709097722731,full
planted,7022,1,shuffled_kfold,purged,0.010970758582144663,0.0031956798710473023,0.007775078711097361,full
planted,7022,1,walk_forward,purged,-0.0013876594108074933,0.0031956798710473023,-0.004583339281854795,full
planted,7022,5,contiguous_kfold,UNPURGED,-0.02127841512266277,0.01739523399816916,-0.03867364912083193,full
planted,7022,5,purged_kfold,purged,-0.01622440148270319,0.01739523399816916,-0.03361963548087235,full
planted,7022,5,shuffled_kfold,UNPURGED,0.24712681794158692,0.01739523399816916,0.22973158394341775,full
planted,7022,5,walk_forward,purged,-0.016551678099203895,0.01739523399816916,-0.03394691209737306,full
planted,7022,21,contiguous_kfold,UNPURGED,-0.050457852076029916,0.03525428550960865,-0.08571213758563856,full
planted,7022,21,purged_kfold,purged,-0.043208384414398074,0.03525428550960865,-0.07846266992400672,full
planted,7022,21,shuffled_kfold,UNPURGED,0.4169087060274863,0.03525428550960865,0.3816544205178777,full
planted,7022,21,walk_forward,purged,-0.01727119858406607,0.03525428550960865,-0.05252548409367472,full
planted,7023,1,contiguous_kfold,purged,-0.007249758513931811,0.011134002922676292,-0.018383761436608102,full
planted,7023,1,purged_kfold,purged,-0.006654427160255374,0.011134002922676292,-0.017788430082931666,full
planted,7023,1,shuffled_kfold,purged,-0.004028592241552009,0.011134002922676292,-0.015162595164228302,full
planted,7023,1,walk_forward,purged,-0.008417572407886839,0.011134002922676292,-0.01955157533056313,full
planted,7023,5,contiguous_kfold,UNPURGED,-0.0146234725574968,-0.011662152448594266,-0.0029613201089025345,full
planted,7023,5,purged_kfold,purged,-0.014634195315703395,-0.011662152448594266,-0.0029720428671091287,full
planted,7023,5,shuffled_kfold,UNPURGED,0.24216951706185305,-0.011662152448594266,0.25383166951044733,full
planted,7023,5,walk_forward,purged,-0.003512077206616552,-0.011662152448594266,0.008150075241977714,full
planted,7023,21,contiguous_kfold,UNPURGED,-0.039323595534862484,-0.037040806611907326,-0.0022827889229551576,full
planted,7023,21,purged_kfold,purged,-0.04339189794136387,-0.037040806611907326,-0.006351091329456542,full
planted,7023,21,shuffled_kfold,UNPURGED,0.4317268605631084,-0.037040806611907326,0.4687676671750157,full
planted,7023,21,walk_forward,purged,-0.010264720011679192,-0.037040806611907326,0.026776086600228136,full
planted,7024,1,contiguous_kfold,purged,-0.007137864986528873,0.004375439284893699,-0.011513304271422572,full
planted,7024,1,purged_kfold,purged,-0.00696910959632033,0.004375439284893699,-0.011344548881214028,full
planted,7024,1,shuffled_kfold,purged,-0.0013645578923297504,0.004375439284893699,-0.00573999717722345,full
planted,7024,1,walk_forward,purged,0.004717184572165954,0.004375439284893699,0.00034174528727225467,full
planted,7024,5,contiguous_kfold,UNPURGED,-0.01083610488467585,0.03316764145682786,-0.04400374634150371,full
planted,7024,5,purged_kfold,purged,-0.012976065624862202,0.03316764145682786,-0.046143707081690064,full
planted,7024,5,shuffled_kfold,UNPURGED,0.2562975819617785,0.03316764145682786,0.22312994050495064,full
planted,7024,5,walk_forward,purged,0.0058545112375394835,0.03316764145682786,-0.027313130219288374,full
planted,7024,21,contiguous_kfold,UNPURGED,-0.007682389539679899,0.040988408861861454,-0.04867079840154136,full
planted,7024,21,purged_kfold,purged,-0.014560475176995673,0.040988408861861454,-0.055548884038857126,full
planted,7024,21,shuffled_kfold,UNPURGED,0.4244074631834763,0.040988408861861454,0.3834190543216148,full
planted,7024,21,walk_forward,purged,0.00819432080788897,0.040988408861861454,-0.032794088053972485,full
planted,7025,1,contiguous_kfold,purged,0.004042263285874068,-0.0057974395935330185,0.009839702879407088,full
planted,7025,1,purged_kfold,purged,0.0031970384972237766,-0.0057974395935330185,0.008994478090756795,full
planted,7025,1,shuffled_kfold,purged,0.007069872982161642,-0.0057974395935330185,0.012867312575694661,full
planted,7025,1,walk_forward,purged,0.0040139027692028045,-0.0057974395935330185,0.009811342362735823,full
planted,7025,5,contiguous_kfold,UNPURGED,0.010012762384516401,-0.02279497704179757,0.03280773942631397,full
planted,7025,5,purged_kfold,purged,0.006431516612235863,-0.02279497704179757,0.02922649365403343,full
planted,7025,5,shuffled_kfold,UNPURGED,0.27022182077291035,-0.02279497704179757,0.2930167978147079,full
planted,7025,5,walk_forward,purged,0.009582854519217155,-0.02279497704179757,0.032377831561014724,full
planted,7025,21,contiguous_kfold,UNPURGED,0.012268681220406986,0.015958326198646202,-0.003689644978239216,full
planted,7025,21,purged_kfold,purged,0.000805272566877831,0.015958326198646202,-0.015153053631768372,full
planted,7025,21,shuffled_kfold,UNPURGED,0.453144386390732,0.015958326198646202,0.43718606019208583,full
planted,7025,21,walk_forward,purged,0.04825928336092061,0.015958326198646202,0.03230095716227441,full
planted,7026,1,contiguous_kfold,purged,-0.004974987689365664,-0.00022317084811734482,-0.004751816841248319,full
planted,7026,1,purged_kfold,purged,-0.003892956684079684,-0.00022317084811734482,-0.003669785835962339,full
planted,7026,1,shuffled_kfold,purged,0.0007422745251014734,-0.00022317084811734482,0.0009654453732188182,full
planted,7026,1,walk_forward,purged,-0.0031880722745617814,-0.00022317084811734482,-0.0029649014264444364,full
planted,7026,5,contiguous_kfold,UNPURGED,0.0017179276675206797,0.012555467905683172,-0.010837540238162491,full
planted,7026,5,purged_kfold,purged,0.0014864384054859964,0.012555467905683172,-0.011069029500197175,full
planted,7026,5,shuffled_kfold,UNPURGED,0.2649594058954109,0.012555467905683172,0.2524039379897277,full
planted,7026,5,walk_forward,purged,-0.00409382209877682,0.012555467905683172,-0.016649290004459992,full
planted,7026,21,contiguous_kfold,UNPURGED,0.031947984157029916,0.016107221798028617,0.0158407623590013,full
planted,7026,21,purged_kfold,purged,0.023546029077716954,0.016107221798028617,0.007438807279688337,full
planted,7026,21,shuffled_kfold,UNPURGED,0.45605550108552356,0.016107221798028617,0.43994827928749497,full
planted,7026,21,walk_forward,purged,0.008913745788452831,0.016107221798028617,-0.007193476009575785,full
planted,7027,1,contiguous_kfold,purged,-0.010482203932434271,-0.005420704069113028,-0.005061499863321243,full
planted,7027,1,purged_kfold,purged,-0.009608722053914973,-0.005420704069113028,-0.004188017984801945,full
planted,7027,1,shuffled_kfold,purged,0.0028673853609338935,-0.005420704069113028,0.008288089430046922,full
planted,7027,1,walk_forward,purged,-0.0037660926594470126,-0.005420704069113028,0.0016546114096660154,full
planted,7027,5,contiguous_kfold,UNPURGED,-0.01126736697510349,-0.015442463168968303,0.004175096193864813,full
planted,7027,5,purged_kfold,purged,-0.013749619250608669,-0.015442463168968303,0.0016928439183596343,full
planted,7027,5,shuffled_kfold,UNPURGED,0.2739925873536602,-0.015442463168968303,0.2894350505226285,full
planted,7027,5,walk_forward,purged,-0.0020888019104295646,-0.015442463168968303,0.013353661258538738,full
planted,7027,21,contiguous_kfold,UNPURGED,-0.03329381971468283,-0.041801047526292316,0.008507227811609487,full
planted,7027,21,purged_kfold,purged,-0.050794083207219606,-0.041801047526292316,-0.00899303568092729,full
planted,7027,21,shuffled_kfold,UNPURGED,0.4359693392873033,-0.041801047526292316,0.4777703868135956,full
planted,7027,21,walk_forward,purged,-0.061340797154419605,-0.041801047526292316,-0.01953974962812729,full
planted,7028,1,contiguous_kfold,purged,-0.003155174540831843,0.006774523066572482,-0.009929697607404326,full
planted,7028,1,purged_kfold,purged,-0.0035556542316680815,0.006774523066572482,-0.010330177298240564,full
planted,7028,1,shuffled_kfold,purged,-0.0007804084309922054,0.006774523066572482,-0.007554931497564687,full
planted,7028,1,walk_forward,purged,0.002227099137090486,0.006774523066572482,-0.004547423929481997,full
planted,7028,5,contiguous_kfold,UNPURGED,-0.0021414753065505656,0.031099127971703732,-0.033240603278254295,full
planted,7028,5,purged_kfold,purged,-0.005315801391912695,0.031099127971703732,-0.03641492936361643,full
planted,7028,5,shuffled_kfold,UNPURGED,0.2620770053273129,0.031099127971703732,0.23097787735560915,full
planted,7028,5,walk_forward,purged,0.007791455197643891,0.031099127971703732,-0.023307672774059842,full
planted,7028,21,contiguous_kfold,UNPURGED,-0.02164863249415091,0.018693657590693736,-0.04034229008484465,full
planted,7028,21,purged_kfold,purged,-0.025471130922131508,0.018693657590693736,-0.044164788512825244,full
planted,7028,21,shuffled_kfold,UNPURGED,0.45060594941420656,0.018693657590693736,0.4319122918235128,full
planted,7028,21,walk_forward,purged,0.009474770876018179,0.018693657590693736,-0.009218886714675557,full
planted,7029,1,contiguous_kfold,purged,-0.00603728956140392,0.019134258700335277,-0.025171548261739198,full
planted,7029,1,purged_kfold,purged,-0.005715381364920231,0.019134258700335277,-0.02484964006525551,full
planted,7029,1,shuffled_kfold,purged,-0.0027767900502520537,0.019134258700335277,-0.02191104875058733,full
planted,7029,1,walk_forward,purged,-0.002465085326509189,0.019134258700335277,-0.021599344026844467,full
planted,7029,5,contiguous_kfold,UNPURGED,-0.015980110545126183,0.020336768542291783,-0.036316879087417965,full
planted,7029,5,purged_kfold,purged,-0.01639462600242758,0.020336768542291783,-0.03673139454471937,full
planted,7029,5,shuffled_kfold,UNPURGED,0.2514921032444408,0.020336768542291783,0.23115533470214905,full
planted,7029,5,walk_forward,purged,-0.0031950836706278476,0.020336768542291783,-0.02353185221291963,full
planted,7029,21,contiguous_kfold,UNPURGED,-0.02015632671227116,-0.05560601034487518,0.03544968363260402,full
planted,7029,21,purged_kfold,purged,-0.03200615745353207,-0.05560601034487518,0.023599852891343108,full
planted,7029,21,shuffled_kfold,UNPURGED,0.4508154392158678,-0.05560601034487518,0.506421449560743,full
planted,7029,21,walk_forward,purged,-0.013064015757395898,-0.05560601034487518,0.04254199458747929,full
planted,7030,1,contiguous_kfold,purged,-0.0021653780988748626,-0.004172839876844176,0.002007461777969313,full
planted,7030,1,purged_kfold,purged,-0.0019915876883321174,-0.004172839876844176,0.0021812521885120582,full
planted,7030,1,shuffled_kfold,purged,-0.008763050292850478,-0.004172839876844176,-0.004590210416006302,full
planted,7030,1,walk_forward,purged,-0.0015024045320174092,-0.004172839876844176,0.0026704353448267666,full
planted,7030,5,contiguous_kfold,UNPURGED,0.008884326187392497,-0.006394839327111617,0.015279165514504114,full
planted,7030,5,purged_kfold,purged,0.00603865748723661,-0.006394839327111617,0.012433496814348226,full
planted,7030,5,shuffled_kfold,UNPURGED,0.25628221919305094,-0.006394839327111617,0.26267705852016254,full
planted,7030,5,walk_forward,purged,0.017633995041327535,-0.006394839327111617,0.024028834368439153,full
planted,7030,21,contiguous_kfold,UNPURGED,0.016612801679334044,-0.01676651209630219,0.03337931377563623,full
planted,7030,21,purged_kfold,purged,0.006946786443788295,-0.01676651209630219,0.023713298540090483,full
planted,7030,21,shuffled_kfold,UNPURGED,0.4538300130388125,-0.01676651209630219,0.4705965251351147,full
planted,7030,21,walk_forward,purged,0.021817941305673313,-0.01676651209630219,0.0385844534019755,full
planted,7031,1,contiguous_kfold,purged,-0.007748624500939965,-0.008752222265830778,0.0010035977648908132,full
planted,7031,1,purged_kfold,purged,-0.007544164061282885,-0.008752222265830778,0.001208058204547893,full
planted,7031,1,shuffled_kfold,purged,-0.0028022987405936796,-0.008752222265830778,0.005949923525237098,full
planted,7031,1,walk_forward,purged,-0.01177010709390796,-0.008752222265830778,-0.0030178848280771817,full
planted,7031,5,contiguous_kfold,UNPURGED,-0.022087069425264685,-0.003581686734788278,-0.018505382690476406,full
planted,7031,5,purged_kfold,purged,-0.02918806666752745,-0.003581686734788278,-0.02560637993273917,full
planted,7031,5,shuffled_kfold,UNPURGED,0.24617515682734684,-0.003581686734788278,0.24975684356213512,full
planted,7031,5,walk_forward,purged,-0.020496398822751807,-0.003581686734788278,-0.016914712087963527,full
planted,7031,21,contiguous_kfold,UNPURGED,-0.03568209998807523,-0.02759306796476617,-0.008089032023309059,full
planted,7031,21,purged_kfold,purged,-0.05029158175187048,-0.02759306796476617,-0.02269851378710431,full
planted,7031,21,shuffled_kfold,UNPURGED,0.4335147389191352,-0.02759306796476617,0.4611078068839014,full
planted,7031,21,walk_forward,purged,-0.03259665180554517,-0.02759306796476617,-0.005003583840779001,full
planted,7032,1,contiguous_kfold,purged,-0.004688679182851155,0.005751131592982726,-0.01043981077583388,full
planted,7032,1,purged_kfold,purged,-0.004534395473725774,0.005751131592982726,-0.010285527066708499,full
planted,7032,1,shuffled_kfold,purged,-0.005192472122170641,0.005751131592982726,-0.010943603715153367,full
planted,7032,1,walk_forward,purged,-0.009160196317508492,0.005751131592982726,-0.01491132791049122,full
planted,7032,5,contiguous_kfold,UNPURGED,0.004625867325258427,-0.008326605662172653,0.01295247298743108,full
planted,7032,5,purged_kfold,purged,0.0023116157880239663,-0.008326605662172653,0.01063822145019662,full
planted,7032,5,shuffled_kfold,UNPURGED,0.26687235133935033,-0.008326605662172653,0.27519895700152297,full
planted,7032,5,walk_forward,purged,-0.014594818788312959,-0.008326605662172653,-0.0062682131261403064,full
planted,7032,21,contiguous_kfold,UNPURGED,0.041297080009232615,-0.026926689668319306,0.06822376967755192,full
planted,7032,21,purged_kfold,purged,0.029522294286282898,-0.026926689668319306,0.056448983954602204,full
planted,7032,21,shuffled_kfold,UNPURGED,0.46501718149217774,-0.026926689668319306,0.49194387116049704,full
planted,7032,21,walk_forward,purged,-0.015648467511298995,-0.026926689668319306,0.011278222157020311,full
planted,7033,1,contiguous_kfold,purged,-0.00041813409885018034,0.004926064027511908,-0.005344198126362088,full
planted,7033,1,purged_kfold,purged,-0.0007593572212121764,0.004926064027511908,-0.005685421248724084,full
planted,7033,1,shuffled_kfold,purged,0.0036052132204919722,0.004926064027511908,-0.0013208508070199354,full
planted,7033,1,walk_forward,purged,-0.004688924944502529,0.004926064027511908,-0.009614988972014436,full
planted,7033,5,contiguous_kfold,UNPURGED,0.005706169253236164,-0.010858422473766576,0.01656459172700274,full
planted,7033,5,purged_kfold,purged,0.004967270465941977,-0.010858422473766576,0.015825692939708553,full
planted,7033,5,shuffled_kfold,UNPURGED,0.25633619701352556,-0.010858422473766576,0.2671946194872921,full
planted,7033,5,walk_forward,purged,-0.009711486564793837,-0.010858422473766576,0.001146935908972739,full
planted,7033,21,contiguous_kfold,UNPURGED,-0.007360690552884128,-0.0015607788972185179,-0.00579991165566561,full
planted,7033,21,purged_kfold,purged,-0.009610192394600276,-0.0015607788972185179,-0.008049413497381759,full
planted,7033,21,shuffled_kfold,UNPURGED,0.4404179762237742,-0.0015607788972185179,0.4419787551209927,full
planted,7033,21,walk_forward,purged,-0.01950633768394242,-0.0015607788972185179,-0.0179455587867239,full
planted,7034,1,contiguous_kfold,purged,-0.01106085340430044,0.00232095896995823,-0.013381812374258669,full
planted,7034,1,purged_kfold,purged,-0.010858825815767298,0.00232095896995823,-0.013179784785725528,full
planted,7034,1,shuffled_kfold,purged,0.0014601972562461026,0.00232095896995823,-0.0008607617137121276,full
planted,7034,1,walk_forward,purged,-0.008677277492817334,0.00232095896995823,-0.010998236462775564,full
planted,7034,5,contiguous_kfold,UNPURGED,-0.004870122760346807,0.01614528147207245,-0.02101540423241926,full
planted,7034,5,purged_kfold,purged,-0.005798313008469185,0.01614528147207245,-0.021943594480541638,full
planted,7034,5,shuffled_kfold,UNPURGED,0.2722962117510782,0.01614528147207245,0.25615093027900576,full
planted,7034,5,walk_forward,purged,-0.013811980800857286,0.01614528147207245,-0.02995726227292974,full
planted,7034,21,contiguous_kfold,UNPURGED,-0.012231975459712155,0.02223727076846941,-0.034469246228181566,full
planted,7034,21,purged_kfold,purged,-0.027390862576898885,0.02223727076846941,-0.049628133345368294,full
planted,7034,21,shuffled_kfold,UNPURGED,0.4585643030404664,0.02223727076846941,0.436327032271997,full
planted,7034,21,walk_forward,purged,-0.015553424281233106,0.02223727076846941,-0.03779069504970252,full
planted,7035,1,contiguous_kfold,purged,-2.7701547760124603e-05,0.021047118688130872,-0.021074820235890995,full
planted,7035,1,purged_kfold,purged,0.0005427650690001945,0.021047118688130872,-0.020504353619130677,full
planted,7035,1,shuffled_kfold,purged,0.007436400969447065,0.021047118688130872,-0.013610717718683807,full
planted,7035,1,walk_forward,purged,0.0012526831797514569,0.021047118688130872,-0.019794435508379414,full
planted,7035,5,contiguous_kfold,UNPURGED,0.0019056199547545115,0.00735940925511809,-0.005453789300363578,full
planted,7035,5,purged_kfold,purged,-0.0008510479109928661,0.00735940925511809,-0.008210457166110956,full
planted,7035,5,shuffled_kfold,UNPURGED,0.26776039622291614,0.00735940925511809,0.26040098696779806,full
planted,7035,5,walk_forward,purged,0.0018280276611961348,0.00735940925511809,-0.005531381593921955,full
planted,7035,21,contiguous_kfold,UNPURGED,0.008101908463998657,-0.005462601066392978,0.013564509530391636,full
planted,7035,21,purged_kfold,purged,-0.008961546633302073,-0.005462601066392978,-0.003498945566909095,full
planted,7035,21,shuffled_kfold,UNPURGED,0.46032459281726934,-0.005462601066392978,0.4657871938836623,full
planted,7035,21,walk_forward,purged,-0.009350337988304327,-0.005462601066392978,-0.0038877369219113495,full
planted,7036,1,contiguous_kfold,purged,0.006337405301153969,-0.016774730100333635,0.023112135401487606,full
planted,7036,1,purged_kfold,purged,0.006383229295529408,-0.016774730100333635,0.023157959395863043,full
planted,7036,1,shuffled_kfold,purged,0.005296903798072472,-0.016774730100333635,0.022071633898406107,full
planted,7036,1,walk_forward,purged,0.0005469735700717257,-0.016774730100333635,0.01732170367040536,full
planted,7036,5,contiguous_kfold,UNPURGED,-0.01592210383051924,-0.02869977087111475,0.012777667040595509,full
planted,7036,5,purged_kfold,purged,-0.01947651568269962,-0.02869977087111475,0.00922325518841513,full
planted,7036,5,shuffled_kfold,UNPURGED,0.2528127750708235,-0.02869977087111475,0.28151254594193825,full
planted,7036,5,walk_forward,purged,-0.006950235588156021,-0.02869977087111475,0.021749535282958726,full
planted,7036,21,contiguous_kfold,UNPURGED,-0.05834524050921915,0.0016639302863274055,-0.06000917079554656,full
planted,7036,21,purged_kfold,purged,-0.0650742445137687,0.0016639302863274055,-0.0667381748000961,full
planted,7036,21,shuffled_kfold,UNPURGED,0.4300671412040239,0.0016639302863274055,0.4284032109176965,full
planted,7036,21,walk_forward,purged,-0.02562206340976554,0.0016639302863274055,-0.02728599369609295,full
planted,7037,1,contiguous_kfold,purged,0.0003982261728925717,-0.013355023681464125,0.013753249854356697,full
planted,7037,1,purged_kfold,purged,-0.0005463327241850229,-0.013355023681464125,0.012808690957279103,full
planted,7037,1,shuffled_kfold,purged,0.0018024966129954367,-0.013355023681464125,0.015157520294459562,full
planted,7037,1,walk_forward,purged,-0.009234134904379788,-0.013355023681464125,0.0041208887770843375,full
planted,7037,5,contiguous_kfold,UNPURGED,0.008041355976225316,-0.02450134581343448,0.032542701789659796,full
planted,7037,5,purged_kfold,purged,0.006884473258763849,-0.02450134581343448,0.031385819072198326,full
planted,7037,5,shuffled_kfold,UNPURGED,0.2677104058221509,-0.02450134581343448,0.2922117516355854,full
planted,7037,5,walk_forward,purged,-0.0090960315018881,-0.02450134581343448,0.01540531431154638,full
planted,7037,21,contiguous_kfold,UNPURGED,0.00950107557463105,-0.012634182688598358,0.02213525826322941,full
planted,7037,21,purged_kfold,purged,0.0028140632052155593,-0.012634182688598358,0.015448245893813918,full
planted,7037,21,shuffled_kfold,UNPURGED,0.46029373310686356,-0.012634182688598358,0.4729279157954619,full
planted,7037,21,walk_forward,purged,-0.01730239427103465,-0.012634182688598358,-0.00466821158243629,full
planted,7038,1,contiguous_kfold,purged,-0.004873366743395845,-0.011166918871379437,0.006293552127983592,full
planted,7038,1,purged_kfold,purged,-0.004432270784857987,-0.011166918871379437,0.00673464808652145,full
planted,7038,1,shuffled_kfold,purged,-0.01444155725096568,-0.011166918871379437,-0.0032746383795862425,full
planted,7038,1,walk_forward,purged,-0.0006528608829737422,-0.011166918871379437,0.010514057988405694,full
planted,7038,5,contiguous_kfold,UNPURGED,-0.005782814035805637,-0.015877675406233558,0.010094861370427921,full
planted,7038,5,purged_kfold,purged,-0.007217674607986098,-0.015877675406233558,0.008660000798247459,full
planted,7038,5,shuffled_kfold,UNPURGED,0.2603816212576565,-0.015877675406233558,0.2762592966638901,full
planted,7038,5,walk_forward,purged,-0.0016777070306220941,-0.015877675406233558,0.014199968375611464,full
planted,7038,21,contiguous_kfold,UNPURGED,-0.006547477706807648,-0.04670892889946808,0.04016145119266043,full
planted,7038,21,purged_kfold,purged,-0.014173170483585554,-0.04670892889946808,0.03253575841588253,full
planted,7038,21,shuffled_kfold,UNPURGED,0.4330404813298317,-0.04670892889946808,0.4797494102292998,full
planted,7038,21,walk_forward,purged,0.008020848976080897,-0.04670892889946808,0.054729777875548974,full
planted,7039,1,contiguous_kfold,purged,-0.0044852241144753315,-0.004035348679009996,-0.0004498754354653354,full
planted,7039,1,purged_kfold,purged,-0.004095799313564776,-0.004035348679009996,-6.0450634554780336e-05,full
planted,7039,1,shuffled_kfold,purged,-0.004493729858080086,-0.004035348679009996,-0.00045838117907009025,full
planted,7039,1,walk_forward,purged,0.0001603223267784085,-0.004035348679009996,0.004195671005788404,full
planted,7039,5,contiguous_kfold,UNPURGED,0.007165558106278636,-0.01246095827571746,0.019626516381996098,full
planted,7039,5,purged_kfold,purged,0.004925709462563809,-0.01246095827571746,0.01738666773828127,full
planted,7039,5,shuffled_kfold,UNPURGED,0.25117990259940315,-0.01246095827571746,0.2636408608751206,full
planted,7039,5,walk_forward,purged,0.007552966913000198,-0.01246095827571746,0.020013925188717658,full
planted,7039,21,contiguous_kfold,UNPURGED,0.020765394731008604,0.01745300023585735,0.003312394495151253,full
planted,7039,21,purged_kfold,purged,0.014475208747711275,0.01745300023585735,-0.002977791488146076,full
planted,7039,21,shuffled_kfold,UNPURGED,0.4373681720486795,0.01745300023585735,0.4199151718128222,full
planted,7039,21,walk_forward,purged,0.01503305415231517,0.01745300023585735,-0.002419946083542181,full
planted,7040,1,contiguous_kfold,purged,-0.004155667772263079,0.0036282511628337338,-0.007783918935096813,full
planted,7040,1,purged_kfold,purged,-0.004281241484295922,0.0036282511628337338,-0.007909492647129656,full
planted,7040,1,shuffled_kfold,purged,-0.003635874984023581,0.0036282511628337338,-0.007264126146857315,full
planted,7040,1,walk_forward,purged,-0.002318955870693579,0.0036282511628337338,-0.005947207033527312,full
planted,7040,5,contiguous_kfold,UNPURGED,-0.013179425852939597,-0.01624931016672585,0.003069884313786254,full
planted,7040,5,purged_kfold,purged,-0.01477492707455774,-0.01624931016672585,0.001474383092168111,full
planted,7040,5,shuffled_kfold,UNPURGED,0.2602931814700277,-0.01624931016672585,0.2765424916367536,full
planted,7040,5,walk_forward,purged,-0.00919120527586754,-0.01624931016672585,0.0070581048908583115,full
planted,7040,21,contiguous_kfold,UNPURGED,-0.018254258320951053,0.06621783427438738,-0.08447209259533843,full
planted,7040,21,purged_kfold,purged,-0.024018914069930335,0.06621783427438738,-0.09023674834431772,full
planted,7040,21,shuffled_kfold,UNPURGED,0.44121089870817826,0.06621783427438738,0.3749930644337909,full
planted,7040,21,walk_forward,purged,-0.005190961517606509,0.06621783427438738,-0.07140879579199388,full
planted,7041,1,contiguous_kfold,purged,0.0035671893601600148,0.0070543903298625294,-0.0034872009697025147,full
planted,7041,1,purged_kfold,purged,0.003729831436720917,0.0070543903298625294,-0.0033245588931416123,full
planted,7041,1,shuffled_kfold,purged,-0.001809012877826041,0.0070543903298625294,-0.00886340320768857,full
planted,7041,1,walk_forward,purged,0.004701207197567123,0.0070543903298625294,-0.0023531831322954064,full
planted,7041,5,contiguous_kfold,UNPURGED,0.005284897870682156,-0.004264721754455992,0.009549619625138148,full
planted,7041,5,purged_kfold,purged,0.004406221740763104,-0.004264721754455992,0.008670943495219095,full
planted,7041,5,shuffled_kfold,UNPURGED,0.2548177876398734,-0.004264721754455992,0.25908250939432936,full
planted,7041,5,walk_forward,purged,0.003028990493852778,-0.004264721754455992,0.00729371224830877,full
planted,7041,21,contiguous_kfold,UNPURGED,0.007022699772994532,0.0115867078746356,-0.0045640081016410676,full
planted,7041,21,purged_kfold,purged,-0.0044865345007588904,0.0115867078746356,-0.01607324237539449,full
planted,7041,21,shuffled_kfold,UNPURGED,0.43903710307817534,0.0115867078746356,0.4274503952035397,full
planted,7041,21,walk_forward,purged,-0.010061410515048786,0.0115867078746356,-0.021648118389684386,full
planted,7042,1,contiguous_kfold,purged,0.0008887744427424645,0.0016918319423131199,-0.0008030574995706554,full
planted,7042,1,purged_kfold,purged,0.0002475204923352607,0.0016918319423131199,-0.0014443114499778592,full
planted,7042,1,shuffled_kfold,purged,0.0010996434635486274,0.0016918319423131199,-0.0005921884787644925,full
planted,7042,1,walk_forward,purged,-0.0014753136442466933,0.0016918319423131199,-0.0031671455865598134,full
planted,7042,5,contiguous_kfold,UNPURGED,0.00353431253891911,0.0008867205139255764,0.0026475920249935335,full
planted,7042,5,purged_kfold,purged,-0.0023505403470492243,0.0008867205139255764,-0.0032372608609748006,full
planted,7042,5,shuffled_kfold,UNPURGED,0.24896280942321572,0.0008867205139255764,0.24807608890929014,full
planted,7042,5,walk_forward,purged,-0.007009071501910661,0.0008867205139255764,-0.007895792015836237,full
planted,7042,21,contiguous_kfold,UNPURGED,-0.01908869357121648,-0.012702825408721407,-0.006385868162495074,full
planted,7042,21,purged_kfold,purged,-0.030604099722030348,-0.012702825408721407,-0.017901274313308943,full
planted,7042,21,shuffled_kfold,UNPURGED,0.42758718229750264,-0.012702825408721407,0.44029000770622406,full
planted,7042,21,walk_forward,purged,-0.03035423943538736,-0.012702825408721407,-0.01765141402666595,full
planted,7043,1,contiguous_kfold,purged,-0.0006618909468691159,0.00549969223347374,-0.006161583180342856,full
planted,7043,1,purged_kfold,purged,-0.00048403109512518415,0.00549969223347374,-0.005983723328598924,full
planted,7043,1,shuffled_kfold,purged,0.0006789854045001848,0.00549969223347374,-0.004820706828973555,full
planted,7043,1,walk_forward,purged,-0.0015491139753093601,0.00549969223347374,-0.0070488062087831,full
planted,7043,5,contiguous_kfold,UNPURGED,-0.0010138882813072023,0.020961995528978723,-0.021975883810285923,full
planted,7043,5,purged_kfold,purged,-0.0018023116966590321,0.020961995528978723,-0.022764307225637756,full
planted,7043,5,shuffled_kfold,UNPURGED,0.26540869087317265,0.020961995528978723,0.24444669534419391,full
planted,7043,5,walk_forward,purged,0.006026930918307634,0.020961995528978723,-0.014935064610671088,full
planted,7043,21,contiguous_kfold,UNPURGED,-0.012178960236553607,0.026157586537117295,-0.038336546773670904,full
planted,7043,21,purged_kfold,purged,-0.014758576966516335,0.026157586537117295,-0.040916163503633626,full
planted,7043,21,shuffled_kfold,UNPURGED,0.4373939284054307,0.026157586537117295,0.41123634186831337,full
planted,7043,21,walk_forward,purged,0.008606152714092387,0.026157586537117295,-0.01755143382302491,full
planted,7044,1,contiguous_kfold,purged,-0.007193740437977276,-0.010687114439135052,0.0034933740011577766,full
planted,7044,1,purged_kfold,purged,-0.007878456094090108,-0.010687114439135052,0.0028086583450449443,full
planted,7044,1,shuffled_kfold,purged,-0.007178049651057646,-0.010687114439135052,0.0035090647880774064,full
planted,7044,1,walk_forward,purged,-0.0039184922499841245,-0.010687114439135052,0.006768622189150928,full
planted,7044,5,contiguous_kfold,UNPURGED,-0.012885763160852236,-0.011903520661365387,-0.000982242499486849,full
planted,7044,5,purged_kfold,purged,-0.01541650689859867,-0.011903520661365387,-0.0035129862372332826,full
planted,7044,5,shuffled_kfold,UNPURGED,0.24463907100352728,-0.011903520661365387,0.2565425916648927,full
planted,7044,5,walk_forward,purged,-0.01974792727977766,-0.011903520661365387,-0.007844406618412274,full
planted,7044,21,contiguous_kfold,UNPURGED,-0.00877236635355211,-0.001994489334454293,-0.006777877019097817,full
planted,7044,21,purged_kfold,purged,-0.02460158876067841,-0.001994489334454293,-0.022607099426224117,full
planted,7044,21,shuffled_kfold,UNPURGED,0.4281592338307789,-0.001994489334454293,0.4301537231652332,full
planted,7044,21,walk_forward,purged,-0.02994493366032088,-0.001994489334454293,-0.02795044432586659,full
planted,7045,1,contiguous_kfold,purged,-0.005629397304479935,-0.005452037856504704,-0.0001773594479752309,full
planted,7045,1,purged_kfold,purged,-0.006102104137679785,-0.005452037856504704,-0.000650066281175081,full
planted,7045,1,shuffled_kfold,purged,-0.0009016965980175486,-0.005452037856504704,0.004550341258487156,full
planted,7045,1,walk_forward,purged,-0.0017655927090521586,-0.005452037856504704,0.003686445147452545,full
planted,7045,5,contiguous_kfold,UNPURGED,1.2044822940569519e-05,-0.00800431150991529,0.00801635633285586,full
planted,7045,5,purged_kfold,purged,-0.002122880108039046,-0.00800431150991529,0.005881431401876244,full
planted,7045,5,shuffled_kfold,UNPURGED,0.25865501698074733,-0.00800431150991529,0.26665932849066265,full
planted,7045,5,walk_forward,purged,-0.0002551935459744227,-0.00800431150991529,0.007749117963940868,full
planted,7045,21,contiguous_kfold,UNPURGED,-0.026553991402441343,-0.0013187752716836284,-0.025235216130757715,full
planted,7045,21,purged_kfold,purged,-0.03949499310031366,-0.0013187752716836284,-0.03817621782863003,full
planted,7045,21,shuffled_kfold,UNPURGED,0.44023726153096177,-0.0013187752716836284,0.4415560368026454,full
planted,7045,21,walk_forward,purged,-0.019904244868834388,-0.0013187752716836284,-0.01858546959715076,full
planted,7046,1,contiguous_kfold,purged,0.0004861983729381426,-0.018534487151502885,0.019020685524441028,full
planted,7046,1,purged_kfold,purged,0.0002517441265110042,-0.018534487151502885,0.01878623127801389,full
planted,7046,1,shuffled_kfold,purged,-0.0033640872897144334,-0.018534487151502885,0.015170399861788452,full
planted,7046,1,walk_forward,purged,-0.004804290956295671,-0.018534487151502885,0.013730196195207215,full
planted,7046,5,contiguous_kfold,UNPURGED,0.01277084977458281,0.013529833663215208,-0.0007589838886323981,full
planted,7046,5,purged_kfold,purged,0.008543545134890796,0.013529833663215208,-0.004986288528324412,full
planted,7046,5,shuffled_kfold,UNPURGED,0.2617231065960286,0.013529833663215208,0.2481932729328134,full
planted,7046,5,walk_forward,purged,-0.014206611325005615,0.013529833663215208,-0.027736444988220824,full
planted,7046,21,contiguous_kfold,UNPURGED,0.007716615182227553,0.006223168549859438,0.0014934466323681152,full
planted,7046,21,purged_kfold,purged,-0.0076020245788445805,0.006223168549859438,-0.01382519312870402,full
planted,7046,21,shuffled_kfold,UNPURGED,0.4599540869700486,0.006223168549859438,0.45373091842018914,full
planted,7046,21,walk_forward,purged,-0.019690744094825446,0.006223168549859438,-0.025913912644684883,full
planted,7047,1,contiguous_kfold,purged,0.005901777697091221,-0.0014889805023768385,0.007390758199468059,full
planted,7047,1,purged_kfold,purged,0.005927218812918328,-0.0014889805023768385,0.007416199315295167,full
planted,7047,1,shuffled_kfold,purged,0.0036328590474528303,-0.0014889805023768385,0.005121839549829669,full
planted,7047,1,walk_forward,purged,0.005059092771512183,-0.0014889805023768385,0.006548073273889022,full
planted,7047,5,contiguous_kfold,UNPURGED,0.009723640148764695,-0.013246547826829968,0.022970187975594664,full
planted,7047,5,purged_kfold,purged,0.005224354784575974,-0.013246547826829968,0.018470902611405944,full
planted,7047,5,shuffled_kfold,UNPURGED,0.27069979279905804,-0.013246547826829968,0.283946340625888,full
planted,7047,5,walk_forward,purged,0.015530752051880896,-0.013246547826829968,0.028777299878710864,full
planted,7047,21,contiguous_kfold,UNPURGED,-0.008519136149294304,-0.004838066403150605,-0.0036810697461436993,full
planted,7047,21,purged_kfold,purged,-0.021224041573536433,-0.004838066403150605,-0.016385975170385828,full
planted,7047,21,shuffled_kfold,UNPURGED,0.4406297305570906,-0.004838066403150605,0.4454677969602412,full
planted,7047,21,walk_forward,purged,0.019084589656116382,-0.004838066403150605,0.023922656059266988,full
planted,7048,1,contiguous_kfold,purged,-0.005931700118913787,-0.0017840164677977797,-0.004147683651116007,full
planted,7048,1,purged_kfold,purged,-0.005597215115800491,-0.0017840164677977797,-0.003813198648002711,full
planted,7048,1,shuffled_kfold,purged,-0.0054531324987835686,-0.0017840164677977797,-0.0036691160309857886,full
planted,7048,1,walk_forward,purged,-0.00031459773989131375,-0.0017840164677977797,0.001469418727906466,full
planted,7048,5,contiguous_kfold,UNPURGED,-0.0019809820836474926,-0.0002618926092605784,-0.0017190894743869143,full
planted,7048,5,purged_kfold,purged,-0.0018200144223614093,-0.0002618926092605784,-0.001558121813100831,full
planted,7048,5,shuffled_kfold,UNPURGED,0.25622412011887447,-0.0002618926092605784,0.25648601272813504,full
planted,7048,5,walk_forward,purged,-0.00442225498775724,-0.0002618926092605784,-0.004160362378496662,full
planted,7048,21,contiguous_kfold,UNPURGED,0.0016199498318150013,-0.0050157957721483565,0.006635745603963358,full
planted,7048,21,purged_kfold,purged,-0.002776195579534711,-0.0050157957721483565,0.0022396001926136455,full
planted,7048,21,shuffled_kfold,UNPURGED,0.4422770599931887,-0.0050157957721483565,0.44729285576533706,full
planted,7048,21,walk_forward,purged,0.006924755212027951,-0.0050157957721483565,0.011940550984176308,full
planted,7049,1,contiguous_kfold,purged,-0.0017563958859452672,0.018258558653352387,-0.020014954539297653,full
planted,7049,1,purged_kfold,purged,-0.0016437964129809165,0.018258558653352387,-0.019902355066333303,full
planted,7049,1,shuffled_kfold,purged,0.0050418008108158935,0.018258558653352387,-0.013216757842536495,full
planted,7049,1,walk_forward,purged,-0.009620129367660766,0.018258558653352387,-0.027878688021013155,full
planted,7049,5,contiguous_kfold,UNPURGED,-0.004153818061608449,0.025439185886132143,-0.029593003947740594,full
planted,7049,5,purged_kfold,purged,-0.005872755467291655,0.025439185886132143,-0.0313119413534238,full
planted,7049,5,shuffled_kfold,UNPURGED,0.255392641805793,0.025439185886132143,0.22995345591966088,full
planted,7049,5,walk_forward,purged,-0.02012634813478632,0.025439185886132143,-0.045565534020918466,full
planted,7049,21,contiguous_kfold,UNPURGED,-0.015076869471914358,-0.060237945268277665,0.045161075796363304,full
planted,7049,21,purged_kfold,purged,-0.03231111306803663,-0.060237945268277665,0.027926832200241038,full
planted,7049,21,shuffled_kfold,UNPURGED,0.4375400359215161,-0.060237945268277665,0.4977779811897938,full
planted,7049,21,walk_forward,purged,-0.048494971687810584,-0.060237945268277665,0.011742973580467081,full
